cx	cy	r0	initAmp
82	66	5	9.48879
91	4	5	8.79276
13	85	5	11.596
92	94	5	11.5643
64	68	5	5.6756
10	76	5	9.84974
28	75	5	9.1756
55	40	5	13.1385
96	66	5	15.4663
97	18	5	15.5464
16	71	5	5.68174
98	4	5	10.3868
96	28	5	3.92941
49	5	5	4.4325
81	10	5	9.96575
15	83	5	17.6632
43	70	5	6.15167
92	32	5	11.8569
80	96	5	8.87208
96	4	5	15.5868
