cx	cy	r0	initAmp
17	1	5	2.59614
68	52	5	4.9738
100	93	5	8.49265
26	59	5	2.0272
54	11	5	1.36989
94	32	5	5.71398
8	45	5	7.43198
1	40	5	3.6017
75	77	5	4.12597
61	100	5	2.08803
100	92	5	5.2766
63	64	5	4.09751
59	29	5	3.09251
47	51	5	0.614922
55	51	5	4.17161
33	73	5	0.592341
99	100	5	5.39926
14	100	5	3.43087
95	1	5	9.2462
100	58	5	9.92533
