cx	cy	r0	initAmp
70	48	5	7.9951
84	1	5	1.53577
59	87	5	4.61288
69	50	5	7.52855
37	80	5	4.81077
96	12	5	2.36736
7	75	5	6.20849
80	54	5	3.03416
37	7	5	9.79921
72	18	5	5.84895
3	23	5	9.93332
74	81	5	9.75974
25	98	5	6.57989
96	87	5	8.20036
54	67	5	8.68866
80	26	5	0.39681
53	17	5	3.90665
74	52	5	8.5715
69	71	5	1.43961
60	51	5	5.5048
