cx	cy	r0	initAmp
1	62	5	8.5798
27	33	5	9.64235
75	89	5	7.04249
79	72	5	0.260516
17	38	5	7.51122
1	100	5	1.1416
100	100	5	3.45886
84	6	5	9.87054
69	21	5	9.72082
62	1	5	9.5532
84	34	5	4.92363
60	72	5	5.8325
1	90	5	5.55154
3	2	5	7.02655
100	1	5	1.36515
1	80	5	5.61028
70	100	5	8.60547
1	100	5	8.81132
96	1	5	9.21611
6	100	5	9.89407
