cx	cy	r0	initAmp
24	82	5	1.11829
12	100	5	4.34287
18	43	5	5.68562
40	73	5	0.196209
1	1	5	3.65147
1	100	5	4.69539
34	80	5	2.45267
1	82	5	5.4965
68	23	5	4.36135
66	100	5	9.31751
100	3	5	2.94892
7	61	5	4.21234
47	100	5	2.49815
100	35	5	4.42035
1	1	5	5.83386
27	100	5	7.60208
40	75	5	7.33428
1	37	5	7.22101
100	43	5	7.38505
1	77	5	5.11742
