cx	cy	r0	initAmp
34	6	5	4.99298
12	74	5	7.80301
91	12	5	3.29315
89	58	5	2.78831
3	72	5	3.62293
45	81	5	0.982606
37	43	5	7.91127
73	30	5	8.61273
62	50	5	2.89368
94	76	5	4.11338
8	23	5	8.74226
46	3	5	8.29955
19	66	5	5.89896
86	93	5	6.757
93	79	5	8.13003
12	75	5	0.78767
27	33	5	4.94847
94	18	5	7.28422
17	46	5	3.70621
29	98	5	7.15077
