cx	cy	r0	initAmp
89	58	5	6.83943
69	45	5	1.63538
90	63	5	7.26204
98	67	5	3.11224
21	29	5	7.08672
1	49	5	8.68138
42	29	5	3.88276
35	100	5	8.8563
1	27	5	6.80354
1	77	5	7.69216
18	26	5	0.962073
40	42	5	4.63356
59	46	5	7.99601
93	1	5	5.84582
23	21	5	8.19391
16	53	5	8.55785
28	11	5	3.17929
42	26	5	8.47537
1	93	5	8.54344
34	63	5	3.48505
