cx	cy	r0	initAmp
22	73	5	6.98673
72	15	5	0.0872222
42	37	5	5.37936
18	50	5	2.94754
37	48	5	3.68068
82	41	5	4.22974
56	41	5	3.23058
91	96	5	2.39935
51	100	5	2.2377
28	12	5	6.7019
1	70	5	1.24865
99	57	5	3.96705
58	67	5	6.79389
39	12	5	5.87555
88	67	5	4.81147
36	53	5	4.98823
46	13	5	0.947415
23	47	5	4.3993
14	73	5	1.87592
34	79	5	6.12023
