cx	cy	r0	initAmp
88	87	5	0.155547
75	33	5	8.55979
56	95	5	2.85431
14	90	5	9.31182
58	51	5	9.23568
76	55	5	3.2942
89	55	5	3.66735
16	65	5	7.77592
24	87	5	3.36797
65	32	5	7.4502
77	48	5	4.75292
1	96	5	6.53794
21	93	5	5.64406
57	52	5	8.21116
6	14	5	6.12998
67	13	5	8.22311
85	34	5	9.68537
88	95	5	8.64104
10	46	5	6.83446
81	5	5	3.8313
