cx	cy	r0	initAmp
85	43	5	4.53011
22	83	5	4.61698
99	1	5	1.20051
100	100	5	3.51243
53	1	5	2.418
31	1	5	3.69003
1	69	5	1.49345
34	1	5	3.19444
1	55	5	9.79846
92	1	5	3.10147
75	1	5	7.12863
35	2	5	8.87557
35	10	5	4.68549
44	61	5	4.41209
1	2	5	0.658292
1	66	5	0.455265
52	100	5	0.725568
97	70	5	4.87745
29	92	5	8.10933
1	51	5	1.38434
