cx	cy	r0	initAmp
42	48	5	7.11175
5	99	5	2.59178
61	85	5	2.75005
69	62	5	0.721917
1	49	5	1.95286
35	30	5	9.9005
54	48	5	6.26245
41	10	5	6.31215
8	52	5	9.41486
38	27	5	4.27532
49	68	5	5.39602
29	42	5	2.30566
48	36	5	1.10712
49	65	5	4.44283
64	90	5	7.42437
86	66	5	4.26559
82	20	5	9.94289
66	11	5	0.265902
61	51	5	6.17428
55	31	5	2.56088
