cx	cy	r0	initAmp
52	6	5	1.94222
44	92	5	8.87439
74	42	5	0.33324
80	27	5	4.43191
14	55	5	2.24922
27	19	5	4.7683
8	10	5	7.49304
19	52	5	9.68164
75	20	5	7.96847
33	6	5	2.65198
47	98	5	7.85976
7	57	5	4.01786
7	54	5	6.63557
11	41	5	3.31239
26	43	5	0.873562
73	58	5	6.2747
79	8	5	8.79196
31	64	5	5.19383
30	35	5	1.07676
7	37	5	4.82833
