cx	cy	r0	initAmp
64	39	5	7.85798
47	88	5	1.91072
53	40	5	1.94729
57	16	5	4.45615
24	40	5	2.40992
83	54	5	5.4457
71	31	5	0.796735
66	66	5	6.75355
43	47	5	1.7304
42	41	5	5.42823
53	65	5	1.51718
1	13	5	5.26994
18	55	5	6.68003
69	32	5	6.61134
86	100	5	5.68912
61	32	5	6.44658
37	55	5	6.38315
30	34	5	6.83778
26	95	5	1.01426
2	100	5	7.46016
