cx	cy	r0	initAmp
32	23	5	4.1516
51	32	5	9.08402
38	15	5	8.62993
44	75	5	0.2412
75	97	5	5.89813
45	49	5	8.79743
4	28	5	0.702135
33	35	5	6.43831
57	31	5	2.19249
55	40	5	8.62105
27	24	5	3.39785
79	26	5	7.89631
49	87	5	0.930415
54	19	5	1.8636
45	86	5	6.01618
27	10	5	1.16439
77	39	5	5.652
59	35	5	2.30575
39	7	5	4.1822
81	36	5	3.75254
