cx	cy	r0	initAmp
96	65	5	6.13724
22	46	5	5.04309
11	47	5	9.26904
56	32	5	4.28917
71	98	5	3.42393
52	89	5	8.82342
54	24	5	3.81483
24	46	5	0.966127
65	58	5	2.72358
39	16	5	8.01808
49	88	5	6.27671
74	76	5	8.3522
30	16	5	7.05354
9	33	5	3.86647
78	34	5	5.83023
30	61	5	0.668701
63	32	5	6.64393
14	12	5	7.28345
87	3	5	2.18579
85	46	5	5.03805
