cx	cy	r0	initAmp
25	23	5	3.44268
82	76	5	9.84649
61	9	5	7.3178
55	67	5	3.89716
1	100	5	0.489515
35	46	5	5.43992
100	86	5	2.10241
56	1	5	4.07452
1	54	5	2.48968
5	63	5	2.90575
1	20	5	7.78993
36	71	5	4.32996
22	1	5	2.28263
73	48	5	2.31263
25	46	5	2.88212
49	1	5	7.71511
18	47	5	1.79034
55	33	5	8.56239
100	37	5	4.4329
76	86	5	6.42672
