cx	cy	r0	initAmp
9	67	5	2.14332
39	23	5	6.15238
36	29	5	0.144413
17	6	5	1.86435
29	30	5	2.56984
79	27	5	3.57159
50	91	5	2.90315
48	24	5	8.12389
94	16	5	0.462837
75	84	5	1.97719
60	71	5	6.25585
8	71	5	3.94424
12	68	5	8.1852
72	6	5	6.70398
63	89	5	0.749378
91	13	5	7.31044
23	50	5	1.30208
55	40	5	6.67629
94	5	5	6.73292
79	27	5	3.65124
