cx	cy	r0	initAmp
100	88	5	9.31407
1	92	5	5.64126
100	97	5	3.67224
50	100	5	1.82749
95	1	5	8.38038
23	26	5	3.74611
1	100	5	3.28636
33	1	5	2.48335
64	51	5	9.46149
100	20	5	4.19471
100	71	5	2.31972
100	53	5	5.79164
14	19	5	0.197439
86	41	5	9.57988
83	71	5	2.43329
62	36	5	3.49691
10	22	5	4.34636
1	30	5	2.32492
100	88	5	3.57255
41	1	5	0.0660284
