cx	cy	r0	initAmp
3	18	5	7.94655
62	33	5	6.92981
41	96	5	5.53829
17	39	5	0.770194
45	76	5	1.67215
35	94	5	3.89546
17	53	5	2.88389
56	15	5	4.88899
36	69	5	7.35567
72	12	5	4.9233
5	48	5	9.35995
51	63	5	6.23456
66	37	5	3.9671
79	31	5	0.0807476
61	100	5	9.41986
13	97	5	4.33103
6	18	5	5.01044
31	47	5	5.65502
61	49	5	0.888683
46	92	5	5.52076
