cx	cy	r0	initAmp
1	54	5	3.33839
59	9	5	9.35061
100	1	5	3.7165
10	60	5	8.36715
52	64	5	4.03976
100	66	5	9.40442
1	37	5	6.76624
35	96	5	6.7153
45	49	5	0.13691
52	58	5	4.01579
41	25	5	9.52779
98	72	5	6.00392
89	13	5	8.09058
29	31	5	0.0177331
67	19	5	4.31105
1	7	5	2.60524
100	73	5	5.03532
100	1	5	1.48922
100	89	5	9.73778
3	85	5	6.74855
