cx	cy	r0	initAmp
79	67	5	6.20313
26	72	5	7.23214
27	67	5	8.59562
36	9	5	2.52123
57	13	5	4.93391
76	88	5	3.63791
100	27	5	6.84976
65	91	5	5.28937
100	44	5	4.2742
74	99	5	6.14008
17	26	5	3.36837
51	64	5	0.243839
21	27	5	9.62226
21	52	5	5.34034
92	75	5	5.8625
55	2	5	9.33961
53	73	5	7.19063
21	33	5	5.80709
74	48	5	9.42699
11	100	5	4.99432
