cx	cy	r0	initAmp
48	20	5	2.53312
56	81	5	1.23387
27	44	5	7.43381
26	4	5	9.61347
64	55	5	3.1618
31	1	5	8.92279
2	100	5	8.29002
65	100	5	3.68542
60	13	5	1.55118
1	61	5	8.51267
1	34	5	1.9381
100	83	5	0.441218
34	51	5	3.47862
50	100	5	2.68761
2	52	5	7.61613
1	14	5	3.73187
82	1	5	7.04497
1	1	5	1.88083
95	65	5	8.60914
61	100	5	9.83002
