cx	cy	r0	initAmp
100	75	5	4.30891
100	100	5	8.83452
100	47	5	6.7052
82	77	5	5.22601
77	1	5	2.11103
46	1	5	9.24264
100	1	5	2.63491
31	100	5	4.74115
100	54	5	9.02773
1	67	5	0.720553
100	100	5	2.35465
1	39	5	5.8748
28	67	5	7.98207
63	100	5	8.48734
78	100	5	7.79728
1	24	5	2.70079
71	100	5	3.87818
25	1	5	3.20172
13	1	5	4.05296
32	24	5	4.79643
