cx	cy	r0	initAmp
100	34	5	0.182877
46	1	5	2.15438
85	86	5	3.30669
60	1	5	2.17958
63	24	5	3.74096
20	60	5	8.26767
30	100	5	1.74091
33	19	5	3.56551
81	8	5	1.7825
59	44	5	9.7276
89	58	5	1.07284
34	79	5	3.43798
71	52	5	8.61863
1	52	5	1.77809
24	73	5	0.627155
56	100	5	1.99622
65	57	5	9.41657
100	100	5	8.76193
43	47	5	0.170074
35	100	5	4.53241
