cx	cy	r0	initAmp
16	58	5	0.832695
42	91	5	2.8809
99	30	5	4.10459
39	6	5	1.10919
34	25	5	7.56616
22	94	5	9.04018
30	3	5	8.12568
42	74	5	5.77816
15	24	5	6.03261
3	61	5	7.01127
1	19	5	0.707155
34	36	5	9.40562
6	73	5	4.69713
92	22	5	8.41676
93	81	5	4.47739
43	18	5	4.12999
98	41	5	9.39927
25	13	5	1.65179
30	34	5	2.84066
49	2	5	8.50713
