cx	cy	r0	initAmp
33	14	5	4.54791
24	60	5	6.47744
80	38	5	3.28591
63	60	5	5.92239
98	79	5	3.00234
76	85	5	5.71516
2	51	5	2.31864
3	92	5	7.90021
12	50	5	5.55653
54	86	5	3.96395
5	83	5	1.28888
56	22	5	8.88863
73	20	5	7.19614
30	14	5	4.90749
74	81	5	0.268679
65	77	5	7.64823
23	22	5	5.6001
13	77	5	7.72181
33	75	5	1.98863
42	87	5	9.29325
