cx	cy	r0	initAmp
92	34	5	5.52514
75	100	5	7.80092
31	69	5	6.83319
79	100	5	7.11453
35	1	5	6.98523
97	100	5	4.78239
79	57	5	4.75559
1	100	5	3.76284
1	29	5	5.00865
35	47	5	0.501675
100	83	5	8.86606
100	1	5	5.65218
1	32	5	6.48095
73	69	5	9.51874
86	72	5	9.10116
57	95	5	0.507534
1	3	5	8.59411
44	100	5	2.89584
1	48	5	2.83532
86	100	5	7.50323
