cx	cy	r0	initAmp
86	1	5	2.69415
100	42	5	1.97675
77	77	5	4.34296
1	100	5	2.39985
21	29	5	4.04631
73	100	5	6.82755
77	1	5	7.96799
29	1	5	8.45931
81	18	5	8.40671
100	1	5	9.26585
23	58	5	2.42166
25	1	5	0.485615
84	1	5	7.80164
20	78	5	9.2277
100	48	5	6.73796
1	46	5	9.42622
4	56	5	1.75482
89	49	5	7.03468
1	1	5	8.6726
48	21	5	6.88689
