cx	cy	r0	initAmp
19	37	5	7.71421
7	5	5	3.95071
70	1	5	9.33087
100	1	5	1.20475
100	100	5	9.67475
100	15	5	0.680844
96	40	5	4.61653
39	61	5	0.578985
34	65	5	4.98706
62	1	5	9.96702
28	24	5	8.2637
100	1	5	1.40966
55	100	5	0.947685
19	14	5	8.72656
81	1	5	2.44402
71	1	5	3.4251
12	77	5	0.0234976
5	53	5	8.78672
59	54	5	5.53719
94	35	5	3.64339
