cx	cy	r0	initAmp
65	1	5	8.25692
16	8	5	7.31209
45	74	5	4.37553
93	76	5	9.21212
26	1	5	5.72444
1	84	5	4.36218
5	67	5	2.8744
1	63	5	7.39651
100	1	5	4.31751
38	82	5	8.58766
8	57	5	8.87097
100	70	5	0.388818
61	68	5	9.05583
40	43	5	4.40857
100	22	5	0.747339
25	1	5	6.96998
1	2	5	0.493536
27	27	5	8.50108
71	5	5	2.27415
100	100	5	0.537444
