cx	cy	r0	initAmp
98	27	5	1.4789
74	37	5	6.18371
49	88	5	4.04607
31	43	5	1.44874
13	8	5	5.99555
92	45	5	6.31878
30	57	5	7.20973
26	79	5	0.0561204
46	3	5	4.2456
97	3	5	9.02862
4	5	5	3.08902
31	63	5	3.96475
90	2	5	2.0367
86	45	5	7.44749
30	29	5	7.12648
59	57	5	3.10749
58	23	5	3.00366
36	64	5	4.29178
37	29	5	6.33109
65	33	5	3.42615
