cx	cy	r0	initAmp
5	36	5	0.961414
63	80	5	3.31568
95	46	5	5.83231
90	87	5	9.9356
54	96	5	5.97382
23	34	5	8.11839
96	92	5	7.3259
26	72	5	0.197888
69	60	5	6.82508
63	51	5	5.44624
93	16	5	2.62917
89	61	5	4.01275
27	59	5	1.75925
16	39	5	3.59236
34	43	5	5.10738
85	47	5	9.67419
74	58	5	3.33283
30	53	5	5.91085
91	37	5	5.49079
4	98	5	8.93908
