cx	cy	r0	initAmp
31	38	5	2.84676
23	93	5	6.44093
100	66	5	7.9451
44	82	5	8.86058
100	72	5	8.94507
100	76	5	3.58188
100	31	5	7.84123
100	19	5	7.06835
21	100	5	2.74343
12	49	5	1.60676
88	100	5	7.54874
1	43	5	5.15924
100	33	5	6.41834
79	17	5	3.28807
13	62	5	7.2911
1	56	5	6.25624
100	50	5	0.193937
86	1	5	3.39213
31	44	5	2.1551
76	1	5	1.16131
