cx	cy	r0	initAmp
29	75	5	0.910351
92	23	5	9.34178
59	31	5	0.609831
55	79	5	5.2057
60	51	5	5.78217
94	66	5	2.01278
86	54	5	0.995336
48	63	5	5.28575
71	73	5	3.3984
44	25	5	3.88627
54	7	5	7.22169
86	76	5	2.26948
73	11	5	4.26269
46	7	5	9.09299
31	17	5	3.60861
22	55	5	6.41346
75	29	5	1.43982
50	13	5	5.8194
55	60	5	9.82153
84	100	5	3.82233
