cx	cy	r0	initAmp
74	1	5	1.01846
54	71	5	8.60778
23	19	5	2.77178
50	57	5	4.98053
16	100	5	7.89261
3	18	5	6.56818
28	1	5	6.5255
66	100	5	3.59639
17	31	5	8.28093
27	36	5	2.69904
76	27	5	8.96062
1	100	5	4.15221
5	39	5	9.71377
37	33	5	9.30123
1	38	5	0.274601
39	20	5	5.9961
100	100	5	5.58312
1	37	5	3.84165
9	26	5	0.612982
100	71	5	8.0127
