cx	cy	r0	initAmp
100	1	5	4.94522
54	66	5	4.78251
91	1	5	0.973983
97	1	5	5.02627
58	100	5	2.71377
45	5	5	8.21329
23	50	5	4.42801
1	75	5	3.72663
1	28	5	9.18387
29	71	5	9.30155
29	87	5	0.93931
14	22	5	0.64055
100	100	5	4.81725
100	28	5	6.59174
14	81	5	9.47298
61	28	5	2.4113
49	13	5	9.26721
16	1	5	4.84937
55	1	5	0.520988
70	23	5	8.87219
