cx	cy	r0	initAmp
100	31	5	9.77641
46	73	5	3.4001
89	58	5	1.4304
28	35	5	1.01242
56	1	5	8.47339
1	1	5	2.8143
60	1	5	6.43856
1	29	5	0.789886
100	75	5	2.06012
40	90	5	0.968894
16	1	5	0.745058
36	1	5	5.18062
69	29	5	2.87336
40	42	5	2.14976
58	61	5	2.17265
1	93	5	7.18367
71	65	5	1.93864
100	100	5	0.862968
3	37	5	2.8226
96	88	5	2.88839
