cx	cy	r0	initAmp
5	52	5	2.85569
40	2	5	1.4979
75	21	5	3.66503
98	90	5	2.6142
88	76	5	4.77991
76	36	5	5.65222
34	70	5	0.570958
97	42	5	1.56782
62	26	5	8.30611
100	19	5	3.65522
57	6	5	2.64697
86	8	5	1.3285
76	12	5	8.71039
4	20	5	7.19949
54	2	5	0.81974
84	4	5	1.32688
62	6	5	4.17185
63	11	5	4.21287
39	27	5	2.86201
45	67	5	7.87686
