cx	cy	r0	initAmp
22	29	5	7.59519
1	100	5	4.88233
58	14	5	1.77247
100	83	5	8.02601
100	1	5	4.6906
70	100	5	0.175848
7	58	5	7.56367
20	41	5	4.22728
52	1	5	0.403309
46	88	5	1.75275
1	13	5	4.41117
51	94	5	3.41695
37	64	5	0.777199
2	43	5	7.51635
37	1	5	3.9207
13	100	5	5.83184
7	1	5	6.19726
100	34	5	8.15666
7	1	5	2.99445
1	100	5	1.17949
