cx	cy	r0	initAmp
47	33	5	6.24259
55	48	5	5.01643
43	66	5	8.50229
40	57	5	4.59785
59	49	5	1.02591
43	55	5	3.27242
56	56	5	5.03938
43	59	5	5.77883
48	49	5	8.12214
63	34	5	3.48958
44	59	5	1.14441
46	59	5	1.63845
44	42	5	9.53664
60	62	5	8.48298
31	41	5	3.44413
66	51	5	1.2733
56	36	5	5.42536
35	36	5	6.63929
36	41	5	1.94253
41	51	5	2.36045
