cx	cy	r0	initAmp
56	100	5	5.25263
53	69	5	6.15727
22	94	5	4.48258
72	51	5	3.62597
100	31	5	7.60834
4	40	5	5.29494
47	66	5	1.84789
53	72	5	1.78154
37	53	5	8.87796
56	50	5	4.93408
15	62	5	0.3026
5	81	5	7.45714
48	50	5	0.314742
4	69	5	3.31906
65	2	5	9.28058
14	92	5	6.66824
67	43	5	2.69467
72	72	5	4.10227
81	16	5	8.87616
63	32	5	1.97769
