cx	cy	r0	initAmp
99	24	5	9.07219
77	16	5	3.16272
91	60	5	8.77194
1	85	5	9.83352
38	84	5	3.97826
44	4	5	6.67837
99	65	5	4.92178
1	68	5	1.32039
46	29	5	4.91038
51	24	5	8.15769
7	38	5	0.526947
31	92	5	1.01598
90	34	5	3.07087
94	50	5	3.75916
50	85	5	7.46148
87	92	5	2.77592
43	14	5	6.49831
20	50	5	3.18927
66	66	5	5.69227
24	98	5	5.57765
