cx	cy	r0	initAmp
5	100	5	1.01856
49	7	5	9.75356
54	84	5	1.96685
1	75	5	7.72064
100	26	5	3.93162
72	100	5	0.626539
80	95	5	9.34978
47	13	5	2.43789
79	100	5	0.636854
48	1	5	5.45618
64	79	5	7.28419
100	1	5	9.4163
67	1	5	5.67573
1	95	5	9.26821
100	38	5	1.69287
80	100	5	8.91283
43	100	5	4.40733
1	100	5	7.22953
54	1	5	7.60197
24	100	5	1.57353
