cx	cy	r0	initAmp
35	1	5	6.82977
83	4	5	2.67145
57	1	5	3.86837
1	86	5	3.12121
1	81	5	0.516396
4	1	5	3.24693
44	100	5	1.88109
1	20	5	4.47994
8	12	5	2.0654
82	100	5	4.62677
39	1	5	7.39817
79	100	5	2.19638
15	29	5	2.54903
81	49	5	3.24735
54	78	5	4.62427
44	62	5	3.58637
41	24	5	8.95486
1	1	5	1.95516
100	50	5	3.4241
69	28	5	7.65172
