cx	cy	r0	initAmp
51	1	5	4.21944
100	81	5	2.01282
100	25	5	0.164085
1	52	5	7.22583
41	84	5	2.87903
1	4	5	6.69729
90	18	5	4.01525
38	75	5	1.61784
13	100	5	4.54448
99	60	5	8.61253
1	100	5	7.06207
100	66	5	2.00804
100	76	5	2.50218
98	67	5	8.02394
100	52	5	1.80836
1	83	5	1.74611
100	100	5	9.60185
1	67	5	2.36389
100	23	5	9.21174
27	100	5	6.8314
