cx	cy	r0	initAmp
1	45	5	5.14834
1	100	5	7.67421
100	1	5	8.87342
26	67	5	1.51051
5	1	5	9.68487
15	64	5	6.43657
53	32	5	0.519847
81	99	5	9.76497
44	1	5	9.90089
35	78	5	9.44889
100	2	5	6.91342
89	2	5	0.446733
68	9	5	3.39978
72	100	5	7.69385
85	100	5	3.41293
32	77	5	1.45577
45	99	5	5.09096
54	100	5	9.85897
80	20	5	1.23339
29	10	5	3.76143
