cx	cy	r0	initAmp
52	40	5	3.90874
49	36	5	1.46807
50	73	5	4.72929
42	91	5	7.50495
39	41	5	1.34781
37	59	5	0.279088
89	59	5	9.40469
35	37	5	1.59899
78	27	5	8.81026
48	77	5	8.3305
49	94	5	8.40902
53	58	5	0.102278
16	59	5	6.99051
39	22	5	6.50335
59	60	5	7.63466
54	52	5	2.28341
21	58	5	5.03522
67	48	5	0.0101239
74	30	5	3.19328
46	23	5	7.13701
