cx	cy	r0	initAmp
100	100	5	8.99434
100	1	5	1.7813
53	100	5	2.09324
24	100	5	1.40892
43	1	5	3.24977
91	31	5	3.93253
1	100	5	4.12893
84	66	5	6.86642
9	33	5	9.1876
89	29	5	3.80407
1	100	5	8.42271
1	83	5	3.0806
100	46	5	3.69887
26	100	5	2.29057
84	1	5	0.295107
57	71	5	2.50528
15	1	5	7.01028
100	64	5	5.15427
100	100	5	6.01491
29	38	5	4.74135
