cx	cy	r0	initAmp
54	45	5	6.63677
33	49	5	3.81179
100	77	5	7.15444
1	100	5	4.49782
36	91	5	8.93839
78	83	5	1.94133
85	1	5	0.0527606
1	86	5	9.17458
19	22	5	1.66685
92	100	5	9.18108
30	31	5	9.77593
100	58	5	6.17534
49	1	5	2.24336
66	8	5	9.02377
43	32	5	5.12422
92	1	5	6.81114
77	1	5	7.13075
11	70	5	7.84857
48	1	5	5.31892
56	39	5	4.40757
