cx	cy	r0	initAmp
43	88	5	1.5853
98	38	5	2.48537
62	32	5	3.87217
47	55	5	7.61619
34	25	5	9.00711
39	17	5	0.682565
50	47	5	3.10848
84	47	5	1.46166
44	61	5	6.36344
32	24	5	9.47093
60	21	5	9.72011
54	52	5	0.788395
34	34	5	6.68546
43	7	5	8.93851
41	54	5	7.56953
32	38	5	8.51005
32	62	5	8.37492
63	14	5	3.94637
99	23	5	5.20955
46	66	5	4.11907
