cx	cy	r0	initAmp
1	95	5	1.01904
48	100	5	1.07289
64	60	5	6.55612
18	100	5	9.94565
21	57	5	3.81925
52	100	5	4.5876
44	100	5	1.63477
1	2	5	5.33662
83	70	5	0.870806
1	73	5	3.27732
19	19	5	8.85883
62	1	5	7.60966
84	1	5	6.35821
31	51	5	9.43001
92	60	5	9.31653
20	1	5	1.97335
92	93	5	4.84527
58	100	5	5.61069
1	77	5	3.00128
25	66	5	7.20479
