cx	cy	r0	initAmp
7	1	5	0.344644
100	81	5	6.23011
1	85	5	8.16923
86	94	5	3.88759
58	23	5	5.16604
100	100	5	6.96673
24	42	5	3.5329
100	50	5	2.8885
75	36	5	0.281009
21	58	5	0.0497628
20	86	5	3.81509
1	70	5	6.20959
100	1	5	7.3548
1	78	5	6.77251
1	57	5	5.32225
1	62	5	9.28495
100	100	5	2.83324
84	95	5	6.71786
1	92	5	1.10993
98	100	5	9.60711
