cx	cy	r0	initAmp
20	14	5	5.41663
66	6	5	6.33633
100	20	5	9.64233
100	82	5	6.01702
40	91	5	9.2157
100	34	5	7.58319
1	62	5	4.9002
59	51	5	8.90283
57	1	5	2.9998
100	27	5	6.37013
100	66	5	1.36991
64	44	5	6.17115
88	49	5	9.41701
51	88	5	3.53667
16	70	5	7.27162
69	14	5	5.59188
40	21	5	1.39424
33	1	5	4.63921
47	34	5	0.447889
47	55	5	1.30277
