cx	cy	r0	initAmp
76	63	5	1.71155
15	96	5	5.20023
83	7	5	9.31788
80	34	5	1.52282
27	96	5	0.016911
99	75	5	9.88458
50	94	5	8.37939
23	49	5	2.02529
95	64	5	9.36698
64	79	5	8.76301
72	1	5	2.09906
29	68	5	7.87554
96	50	5	2.11056
90	9	5	8.6208
68	58	5	9.55188
46	23	5	0.932866
73	3	5	6.94375
67	87	5	7.75918
31	15	5	3.35941
7	40	5	7.95133
