cx	cy	r0	initAmp
5	39	5	6.2712
48	53	5	0.358901
14	51	5	2.9213
77	18	5	3.67033
88	92	5	1.39051
52	34	5	3.52636
35	22	5	9.27193
41	55	5	6.31379
24	85	5	6.82586
32	85	5	4.64264
94	99	5	9.00918
12	42	5	9.56225
97	60	5	3.71904
55	93	5	7.37544
49	7	5	4.46743
97	51	5	1.758
88	88	5	5.85976
21	100	5	6.18218
26	32	5	1.32007
78	65	5	9.47916
