cx	cy	r0	initAmp
87	95	5	2.73749
97	73	5	9.81587
79	6	5	6.35924
63	18	5	7.14489
85	45	5	2.01366
90	9	5	6.98409
100	44	5	1.28249
60	85	5	2.58152
43	27	5	5.03449
100	7	5	6.04361
43	83	5	3.74888
5	48	5	6.31915
70	98	5	8.16109
97	37	5	4.21385
27	34	5	3.99341
17	40	5	2.61831
15	77	5	3.87998
8	64	5	3.58976
64	30	5	7.90564
94	86	5	2.18872
