cx	cy	r0	initAmp
53	67	5	0.231673
1	93	5	7.71349
1	47	5	9.67829
93	78	5	4.38581
1	50	5	6.60958
1	23	5	7.57455
100	100	5	4.73047
69	17	5	4.04732
1	1	5	4.33067
6	1	5	7.28017
50	1	5	3.88369
100	86	5	4.40932
100	92	5	1.38208
52	1	5	0.0981945
31	7	5	8.9148
30	92	5	9.24426
72	1	5	8.15758
1	22	5	7.57941
100	93	5	8.96866
46	100	5	6.92857
