cx	cy	r0	initAmp
27	30	5	3.54835
49	87	5	9.36609
76	92	5	8.74
76	33	5	0.552249
18	37	5	3.4258
23	44	5	6.88136
46	94	5	3.96536
15	95	5	7.21286
8	53	5	4.9698
14	1	5	1.07736
12	9	5	2.75928
65	19	5	0.0789491
60	29	5	8.21952
60	95	5	9.65685
78	55	5	6.7622
12	13	5	3.14459
42	65	5	4.20797
75	62	5	9.19234
32	56	5	4.35973
77	37	5	7.89196
