cx	cy	r0	initAmp
71	86	5	3.90689
47	31	5	5.21097
75	53	5	7.93424
51	78	5	0.682647
41	91	5	3.47069
26	82	5	8.04851
78	95	5	0.749621
14	48	5	1.82478
30	66	5	3.13782
86	23	5	0.167528
2	33	5	5.3692
62	28	5	6.79401
85	46	5	8.2393
14	96	5	7.53075
36	47	5	9.82684
19	12	5	9.56343
18	95	5	7.35942
80	27	5	0.914384
100	22	5	7.29367
73	89	5	0.401507
