cx	cy	r0	initAmp
66	100	5	0.181432
1	33	5	6.91438
65	84	5	4.69691
100	19	5	1.28222
39	1	5	8.91337
1	72	5	9.18204
40	77	5	0.73121
1	100	5	0.454479
100	55	5	4.38573
1	67	5	6.01721
100	100	5	3.10227
43	1	5	6.81908
36	1	5	2.09013
100	1	5	5.19604
1	40	5	5.65989
77	73	5	4.41167
100	29	5	1.37556
97	76	5	2.13543
35	1	5	1.33372
1	43	5	3.22297
