cx	cy	r0	initAmp
73	55	5	4.073
32	100	5	7.22643
100	97	5	5.48376
100	34	5	9.54362
59	100	5	5.99447
77	87	5	9.97047
100	36	5	8.12145
95	37	5	2.02879
1	100	5	6.46825
7	44	5	5.62934
23	10	5	4.79321
100	89	5	1.3076
18	16	5	1.99304
85	24	5	6.89202
17	100	5	0.746163
10	32	5	0.00882348
1	3	5	0.136865
100	57	5	0.911146
84	82	5	7.13477
78	60	5	7.31633
