cx	cy	r0	initAmp
16	23	5	2.95873
31	19	5	6.12024
7	40	5	7.26138
46	20	5	4.63497
84	62	5	7.6911
93	89	5	1.91631
73	63	5	5.57867
77	26	5	5.50778
27	18	5	4.72225
65	82	5	7.91885
10	23	5	1.1525
8	52	5	6.81304
59	52	5	3.62334
35	61	5	3.44209
99	54	5	4.49519
63	2	5	0.269423
69	53	5	4.15248
56	90	5	9.22232
27	77	5	0.912056
38	13	5	3.15122
