cx	cy	r0	initAmp
67	78	5	7.27871
100	29	5	2.25376
100	46	5	6.51651
84	1	5	4.98791
100	1	5	9.42419
100	1	5	2.78241
1	31	5	6.26637
78	62	5	4.73245
32	93	5	6.01374
79	25	5	1.86003
1	79	5	1.50189
55	90	5	7.46867
34	50	5	2.83406
1	100	5	7.88217
100	51	5	3.70942
36	39	5	0.715069
85	31	5	9.68033
100	93	5	1.97806
49	25	5	8.53524
43	55	5	7.95157
