cx	cy	r0	initAmp
8	21	5	9.64048
30	100	5	9.98628
1	78	5	0.238972
100	47	5	7.57901
100	75	5	6.31173
100	100	5	0.84056
99	3	5	8.20099
63	4	5	4.68787
63	33	5	8.87363
54	36	5	5.94069
1	15	5	4.55931
60	23	5	3.55325
57	67	5	5.65978
100	47	5	4.18778
14	57	5	0.621238
25	1	5	8.22031
31	41	5	3.51229
34	10	5	3.17861
18	1	5	0.657835
53	91	5	5.83243
