cx	cy	r0	initAmp
18	69	5	4.60162
70	63	5	9.21323
89	21	5	3.52329
31	73	5	4.50696
72	14	5	6.12824
25	21	5	9.62615
98	40	5	5.20774
85	81	5	2.3395
96	8	5	3.60824
30	70	5	2.31701
68	34	5	9.50404
16	72	5	9.93993
3	28	5	4.05104
50	7	5	1.23238
19	63	5	2.79902
11	15	5	5.49841
5	91	5	4.41618
51	60	5	8.32922
65	17	5	3.46794
100	16	5	4.04684
