cx	cy	r0	initAmp
18	34	5	3.19921
99	43	5	1.32127
83	78	5	7.38432
63	53	5	2.48087
21	95	5	7.38242
84	82	5	5.38883
83	22	5	1.14575
4	83	5	7.06261
72	59	5	1.72749
24	25	5	6.70626
53	37	5	9.37755
86	24	5	4.33439
20	57	5	1.10772
8	25	5	8.7717
24	81	5	2.34099
16	16	5	7.64779
5	53	5	8.42953
49	53	5	6.68429
98	99	5	4.93797
60	94	5	8.74719
