cx	cy	r0	initAmp
90	53	5	4.48126
81	94	5	2.3308
87	84	5	8.7048
18	98	5	9.62278
58	89	5	4.64368
65	94	5	0.727224
76	3	5	3.15586
98	95	5	5.98239
89	55	5	4.32186
82	47	5	6.57108
71	45	5	1.17205
77	30	5	2.0222
78	4	5	9.13437
99	31	5	7.52329
93	17	5	9.2676
23	46	5	8.24515
87	88	5	1.26564
28	29	5	1.29374
60	94	5	2.28171
83	13	5	3.42355
