cx	cy	r0	initAmp
1	50	5	6.04399
98	37	5	8.33122
79	28	5	6.73654
100	74	5	3.07633
61	10	5	0.582299
2	5	5	3.35766
1	32	5	2.42338
17	100	5	7.39624
64	69	5	3.19677
58	15	5	5.45345
7	100	5	3.89288
41	99	5	5.45642
69	51	5	6.01316
100	26	5	6.04044
42	27	5	7.91124
94	98	5	4.17968
20	100	5	0.374818
100	64	5	1.60597
53	65	5	3.93577
77	33	5	9.80431
