cx	cy	r0	initAmp
1	14	5	0.763628
100	95	5	0.911694
57	83	5	4.92893
9	45	5	4.83203
33	45	5	0.482579
5	80	5	6.00993
31	100	5	4.51759
100	1	5	1.77044
78	46	5	1.41929
40	1	5	1.75659
74	1	5	1.47469
100	39	5	7.95555
88	100	5	7.03213
63	34	5	3.59467
1	1	5	1.32676
31	16	5	7.85394
100	100	5	5.79789
1	1	5	1.53609
1	1	5	1.36166
100	69	5	8.67217
