cx	cy	r0	initAmp
73	69	5	5.4128
1	1	5	2.36518
80	31	5	2.10492
84	71	5	5.24482
93	45	5	6.48187
83	49	5	2.48377
1	26	5	0.222248
55	23	5	1.20171
1	100	5	4.25627
92	91	5	7.63996
100	8	5	7.09771
33	22	5	1.99417
1	97	5	3.76764
45	76	5	8.05783
16	1	5	2.60055
1	90	5	1.01661
100	24	5	9.22568
88	67	5	0.354936
100	58	5	5.40658
47	40	5	0.172364
