cx	cy	r0	initAmp
44	47	5	0.0176494
89	90	5	0.319386
6	28	5	2.20826
100	24	5	2.97209
64	21	5	3.91302
82	93	5	6.47759
20	27	5	4.5264
87	58	5	5.52752
63	5	5	7.77688
1	42	5	2.49059
61	78	5	2.04629
93	43	5	3.40267
55	37	5	2.8093
6	2	5	8.90465
94	68	5	2.66588
13	31	5	2.97844
57	68	5	9.20186
44	90	5	5.05398
38	45	5	9.8706
73	63	5	7.08746
