cx	cy	r0	initAmp
30	1	5	1.36964
63	45	5	1.17535
1	32	5	8.23815
77	1	5	7.53814
74	1	5	8.75234
100	1	5	5.40475
93	34	5	3.59697
75	1	5	2.51699
96	20	5	0.646895
33	92	5	2.30646
100	79	5	4.7081
96	56	5	5.02402
1	8	5	9.75614
9	1	5	0.189849
1	100	5	9.41614
100	14	5	3.52429
100	20	5	6.32013
53	43	5	6.32986
100	20	5	0.885841
65	73	5	9.66871
