cx	cy	r0	initAmp
90	71	5	8.53269
41	40	5	7.00872
55	29	5	6.1221
1	12	5	1.95223
67	60	5	0.285348
18	22	5	2.45748
45	12	5	9.27378
49	31	5	6.8375
64	70	5	9.03559
35	62	5	9.84351
54	85	5	2.17254
13	21	5	6.76713
14	22	5	2.11991
74	53	5	6.717
90	9	5	7.47846
26	42	5	3.01372
30	29	5	3.33683
40	22	5	8.29653
14	17	5	3.60648
54	12	5	8.60653
