cx	cy	r0	initAmp
28	100	5	3.68924
100	62	5	9.14411
1	25	5	6.73569
56	14	5	9.90183
100	78	5	9.60203
100	77	5	0.511011
100	1	5	8.64203
41	85	5	5.53433
1	66	5	9.34368
5	41	5	3.34268
35	77	5	8.84182
1	94	5	8.00155
52	1	5	4.00116
49	42	5	4.71289
60	69	5	1.91508
12	21	5	3.6697
16	60	5	3.35098
67	1	5	2.46242
21	39	5	6.78321
52	34	5	0.907382
