cx	cy	r0	initAmp
96	76	5	3.54385
45	44	5	3.88078
23	78	5	3.11319
89	31	5	2.20905
75	6	5	1.30314
64	33	5	4.87792
31	12	5	4.08374
27	39	5	2.78052
67	1	5	8.74796
55	33	5	5.8676
13	25	5	5.12636
89	15	5	4.14464
84	41	5	0.031789
67	33	5	0.244633
44	45	5	5.17991
50	98	5	2.77861
49	56	5	9.49318
77	37	5	6.38608
55	52	5	9.81456
72	25	5	6.06499
