cx	cy	r0	initAmp
12	15	5	0.383837
1	44	5	6.14071
30	50	5	0.125066
43	65	5	7.153
1	24	5	1.53646
56	100	5	6.96018
1	23	5	8.64818
65	58	5	4.60562
93	55	5	4.44994
88	52	5	7.06545
31	100	5	5.39446
31	51	5	9.36998
5	32	5	4.33594
75	33	5	7.01383
55	37	5	1.48213
13	100	5	2.86052
1	24	5	2.27849
38	98	5	1.46551
1	46	5	0.0585557
47	94	5	8.33091
