cx	cy	r0	initAmp
51	12	5	6.72325
30	18	5	9.70411
54	33	5	9.15794
20	61	5	8.58763
87	63	5	7.76996
94	58	5	6.46778
67	59	5	5.97068
73	14	5	2.85326
95	19	5	5.36164
4	42	5	1.17452
90	40	5	5.51042
28	72	5	2.56798
92	93	5	7.6082
8	88	5	6.14756
4	42	5	5.3131
32	5	5	3.0434
100	51	5	1.35868
86	31	5	6.23198
67	78	5	0.0884903
59	96	5	6.85795
