cx	cy	r0	initAmp
65	65	5	9.17827
98	98	5	7.30482
30	3	5	8.18962
57	34	5	1.40384
6	34	5	1.71662
8	31	5	9.38857
61	68	5	1.42295
3	34	5	3.69142
24	23	5	7.5479
25	91	5	9.50505
34	89	5	3.99541
28	36	5	9.57348
6	51	5	4.85762
25	22	5	0.911958
53	83	5	0.0416941
87	38	5	2.21192
31	55	5	6.29543
24	39	5	7.00138
34	66	5	6.66294
52	95	5	9.85675
