cx	cy	r0	initAmp
21	88	5	8.506
28	3	5	5.41184
93	33	5	1.93946
63	22	5	8.73478
86	47	5	1.39567
99	52	5	2.23808
76	98	5	4.37927
20	54	5	8.68467
2	37	5	8.9954
100	79	5	7.06077
29	4	5	7.25959
82	53	5	5.70171
15	43	5	8.53096
36	11	5	0.389805
41	20	5	3.56038
66	26	5	9.33772
74	26	5	3.3435
81	60	5	5.85753
89	83	5	6.12681
44	53	5	5.926
