cx	cy	r0	initAmp
100	7	5	7.41889
1	89	5	8.4816
59	76	5	6.7195
39	97	5	7.13434
23	46	5	0.13897
14	85	5	1.49789
6	40	5	6.76365
22	68	5	1.15368
35	20	5	5.27015
12	1	5	8.75982
72	38	5	5.22094
14	25	5	3.30868
35	62	5	4.40356
40	34	5	5.70862
24	39	5	1.25121
38	14	5	6.02017
57	32	5	0.612778
25	62	5	5.71967
28	68	5	0.895609
50	94	5	1.05739
