cx	cy	r0	initAmp
1	47	5	4.4978
99	47	5	2.37313
100	1	5	8.42791
1	5	5	5.29162
100	71	5	8.77036
100	85	5	0.0586022
7	75	5	8.00745
2	100	5	1.89451
65	100	5	8.12628
100	8	5	1.63665
27	3	5	4.23955
80	1	5	5.44959
86	1	5	5.52266
94	100	5	1.24125
81	100	5	8.14029
100	14	5	2.95438
10	63	5	6.24915
36	1	5	7.03785
1	100	5	2.94475
100	47	5	7.8008
