cx	cy	r0	initAmp
25	24	5	7.5499
74	70	5	5.42273
34	45	5	0.849264
69	38	5	9.15672
38	13	5	5.4328
77	65	5	1.15109
44	32	5	1.92205
40	31	5	7.92786
45	73	5	6.60816
56	59	5	4.86595
69	20	5	7.15725
38	78	5	3.99693
39	75	5	5.03719
61	50	5	2.68125
53	53	5	1.00165
58	51	5	9.91557
30	67	5	5.44103
62	74	5	9.30658
22	26	5	9.89991
82	11	5	5.62302
