cx	cy	r0	initAmp
100	32	5	6.23069
42	1	5	0.574399
33	1	5	6.25966
41	1	5	2.8169
100	100	5	9.74726
82	49	5	2.37966
21	1	5	5.87824
23	68	5	6.72804
50	43	5	6.93498
57	46	5	7.3382
100	19	5	6.43194
36	1	5	8.35641
90	1	5	9.70754
100	100	5	6.99984
65	100	5	4.64511
39	94	5	5.80544
1	1	5	2.2809
11	39	5	7.35483
53	1	5	1.82662
66	65	5	7.53583
