cx	cy	r0	initAmp
45	56	5	7.33285
49	100	5	9.33604
79	40	5	1.41073
88	81	5	9.16001
25	21	5	1.51816
74	1	5	7.74204
32	78	5	7.15713
47	1	5	3.60944
93	53	5	4.13791
26	78	5	1.12771
33	52	5	0.0601736
3	44	5	8.81177
70	35	5	9.56423
55	45	5	6.51281
28	79	5	9.31871
43	53	5	1.43581
24	40	5	9.79166
25	55	5	4.53573
42	58	5	9.78224
100	89	5	2.47695
