cx	cy	r0	initAmp
33	84	5	2.27648
72	3	5	8.34461
18	5	5	8.1463
10	62	5	6.02205
37	51	5	5.36433
42	82	5	5.60677
31	53	5	0.878196
11	53	5	8.45644
17	99	5	0.33113
24	20	5	0.512946
15	6	5	2.8971
96	32	5	4.7386
68	1	5	9.31384
60	21	5	7.1939
15	16	5	1.17398
7	70	5	6.59148
69	15	5	6.59755
54	54	5	0.244522
85	57	5	3.49967
80	74	5	8.13377
