cx	cy	r0	initAmp
86	6	5	0.355375
100	49	5	8.38567
2	96	5	4.64554
30	39	5	0.21562
1	1	5	5.52983
42	82	5	3.93118
1	1	5	9.83375
1	31	5	4.96545
47	100	5	2.6225
100	100	5	6.22028
75	53	5	8.97008
64	91	5	0.532986
1	10	5	5.01104
100	82	5	0.604239
75	85	5	4.94456
100	100	5	0.481818
1	60	5	9.89639
75	38	5	9.39922
21	1	5	5.94757
62	25	5	8.6601
