cx	cy	r0	initAmp
27	12	5	1.10313
19	58	5	4.08802
87	31	5	7.34257
32	74	5	5.46827
97	18	5	4.00061
84	45	5	5.09173
30	37	5	1.17792
4	5	5	7.86109
44	21	5	6.43434
14	80	5	2.35388
7	53	5	9.04529
38	43	5	8.44267
28	17	5	6.39005
82	70	5	0.985126
78	33	5	9.0884
35	42	5	1.77604
40	76	5	9.13324
18	8	5	8.09301
12	97	5	4.34046
63	2	5	7.34917
