cx	cy	r0	initAmp
17	96	5	0.10046
77	37	5	8.53143
15	79	5	6.35331
48	36	5	7.50243
88	75	5	4.36487
26	62	5	7.07382
93	42	5	0.622936
6	68	5	9.49356
12	21	5	6.5808
24	82	5	1.65429
95	53	5	8.39044
84	9	5	1.96203
4	9	5	4.22327
43	3	5	5.28115
77	81	5	5.1391
76	9	5	1.13014
53	27	5	9.85541
64	26	5	6.0506
63	58	5	6.19243
33	52	5	4.81831
