cx	cy	r0	initAmp
60	5	5	1.47112
52	8	5	7.49521
95	87	5	3.25811
32	47	5	9.88424
20	71	5	2.70248
8	5	5	2.66582
96	30	5	1.72231
26	74	5	0.569425
24	48	5	4.55639
57	52	5	7.17103
58	92	5	0.265112
6	97	5	5.67284
91	73	5	0.15795
84	42	5	7.932
87	97	5	8.15702
98	65	5	7.8782
89	73	5	5.77814
11	69	5	0.954311
57	94	5	7.87039
83	84	5	3.22036
