cx	cy	r0	initAmp
56	34	5	6.12811
24	98	5	9.52719
18	86	5	9.4881
71	84	5	8.36335
52	61	5	3.94603
80	2	5	7.73391
73	6	5	8.16655
57	44	5	3.90983
37	46	5	7.3499
36	34	5	0.238537
32	70	5	2.17742
17	2	5	3.88108
88	8	5	5.81971
91	87	5	6.53373
17	27	5	4.63945
88	63	5	4.04544
22	3	5	8.12781
70	51	5	7.98385
50	25	5	6.68229
43	59	5	4.96752
