cx	cy	r0	initAmp
47	98	5	5.69462
51	46	5	4.89528
10	19	5	5.44821
100	100	5	3.98645
100	71	5	7.91948
100	91	5	0.0206701
32	80	5	4.04792
14	18	5	7.90377
11	30	5	3.11084
1	100	5	5.11083
100	8	5	2.37638
76	8	5	1.20177
18	96	5	2.7521
4	100	5	3.98849
53	55	5	5.12958
28	100	5	0.93358
100	12	5	4.38997
82	92	5	9.63307
30	100	5	0.626655
10	100	5	0.618145
