cx	cy	r0	initAmp
48	3	5	9.02308
55	59	5	2.71504
83	89	5	5.85785
90	21	5	4.23946
7	68	5	4.72716
47	43	5	0.894537
75	47	5	2.13815
61	11	5	9.95839
64	61	5	8.37477
92	24	5	7.57023
86	33	5	0.992107
35	14	5	6.27685
3	46	5	9.87245
75	30	5	9.62512
6	99	5	3.89045
87	36	5	4.25635
98	82	5	5.81081
68	80	5	7.05835
28	81	5	2.68524
8	53	5	8.55798
