cx	cy	r0	initAmp
5	77	5	8.5076
65	47	5	6.93289
97	45	5	4.83486
4	27	5	4.14217
1	25	5	0.99247
51	65	5	2.82996
71	5	5	6.29437
92	95	5	2.08924
13	77	5	3.47227
72	8	5	6.5879
47	79	5	2.88583
41	58	5	3.36053
24	30	5	3.48799
11	93	5	7.18118
31	34	5	3.46077
7	100	5	0.720545
98	55	5	2.4925
8	22	5	5.81124
70	90	5	6.81311
50	40	5	4.42867
