cx	cy	r0	initAmp
20	1	5	9.12208
33	66	5	5.10652
27	100	5	4.03008
70	28	5	0.826683
100	98	5	4.22232
53	8	5	5.04059
25	50	5	5.17967
17	27	5	6.44991
87	25	5	8.23744
100	31	5	5.64101
1	23	5	3.6865
40	86	5	0.270211
100	54	5	4.57782
1	30	5	3.2057
58	51	5	0.822586
1	46	5	9.78445
36	28	5	0.72674
1	45	5	1.54141
85	20	5	9.32096
1	55	5	1.41834
