cx	cy	r0	initAmp
46	55	5	6.46884
98	39	5	4.1169
64	58	5	7.07939
98	74	5	5.96017
99	59	5	8.33229
73	54	5	9.12657
60	43	5	1.29288
35	91	5	7.22969
55	99	5	9.07092
8	22	5	4.62115
96	62	5	9.86572
20	98	5	2.1388
14	31	5	6.86198
20	94	5	1.40347
85	18	5	7.49038
65	62	5	9.13979
28	26	5	3.17776
20	97	5	2.47175
28	13	5	7.7382
97	13	5	3.81737
