cx	cy	r0	initAmp
43	58	5	3.09004
62	56	5	5.37187
42	40	5	3.46871
39	43	5	7.69186
24	50	5	2.53036
49	29	5	8.77661
41	60	5	2.15662
34	58	5	6.82313
56	48	5	7.54072
54	65	5	6.45073
47	47	5	4.87315
71	47	5	5.02496
34	46	5	2.63022
33	41	5	7.30665
50	56	5	4.99991
46	54	5	7.8984
26	56	5	1.62907
30	57	5	8.40886
46	45	5	4.28812
47	55	5	7.06688
