cx	cy	r0	initAmp
48	49	5	0.54288
41	30	5	8.54791
42	36	5	0.0906751
71	47	5	8.97581
100	1	5	3.34898
30	16	5	2.01485
58	10	5	7.21284
26	37	5	5.24335
31	55	5	2.01504
57	93	5	9.91086
94	46	5	2.0767
100	87	5	7.21044
48	54	5	4.03021
37	25	5	3.19981
79	55	5	9.05564
68	76	5	8.64863
55	50	5	6.83844
1	1	5	2.94137
100	83	5	5.5913
18	40	5	7.69611
