cx	cy	r0	initAmp
5	22	5	8.55688
71	3	5	8.83178
55	82	5	6.81914
96	70	5	6.04157
73	39	5	9.88266
23	50	5	3.42064
13	78	5	1.64602
66	21	5	4.85093
14	20	5	0.839979
5	47	5	2.43806
53	18	5	8.8397
91	24	5	8.56454
57	35	5	6.71885
38	55	5	3.48326
52	67	5	4.32049
60	100	5	6.49593e-05
27	44	5	8.09824
77	16	5	9.07463
89	73	5	2.15522
62	59	5	9.13311
