cx	cy	r0	initAmp
64	43	5	6.37469
42	51	5	3.6677
62	65	5	0.274594
47	44	5	8.20836
69	49	5	9.07519
54	41	5	3.45656
53	60	5	3.72176
60	50	5	8.55308
40	55	5	3.54901
61	33	5	0.851977
38	42	5	2.25047
40	43	5	9.69495
49	68	5	5.51564
47	53	5	9.27887
50	39	5	0.811965
54	51	5	6.7815
62	55	5	5.36743
58	47	5	3.10727
55	64	5	3.62851
43	43	5	8.39326
