cx	cy	r0	initAmp
38	7	5	3.44282
25	92	5	0.246878
25	43	5	3.75318
39	30	5	2.415
4	82	5	9.36884
90	39	5	7.94921
71	52	5	5.24628
19	50	5	0.556562
71	86	5	3.30147
66	21	5	3.33448
89	46	5	7.71935
26	63	5	9.13108
5	36	5	0.0492824
43	74	5	2.11719
16	21	5	6.61039
34	16	5	8.52629
76	68	5	4.63692
69	30	5	9.41361
5	83	5	7.29688
24	22	5	6.42901
