cx	cy	r0	initAmp
87	91	5	4.84969
1	5	5	6.99432
30	1	5	8.70747
15	1	5	5.12142
35	100	5	9.29058
81	79	5	0.0637714
32	100	5	2.81988
100	3	5	6.32326
100	35	5	8.35245
81	81	5	7.27934
1	51	5	4.21466
40	62	5	8.90015
100	100	5	8.84101
100	42	5	1.06134
100	1	5	8.90132
12	1	5	8.37427
100	1	5	9.54565
1	100	5	0.916863
100	84	5	9.23464
27	17	5	7.70793
