cx	cy	r0	initAmp
94	22	5	9.59564
65	58	5	5.19112
28	79	5	6.12667
23	57	5	5.00871
71	64	5	1.4778
59	7	5	3.99877
74	9	5	9.29599
1	15	5	0.809395
48	38	5	2.06744
95	61	5	3.78566
34	51	5	6.28203
23	73	5	4.02646
6	19	5	0.602751
34	20	5	3.1386
25	15	5	6.11901
60	4	5	8.77884
79	53	5	9.96271
99	2	5	2.26753
62	88	5	9.57958
19	1	5	4.4618
