cx	cy	r0	initAmp
39	76	5	0.630082
17	45	5	0.806972
68	65	5	3.79106
28	6	5	7.1076
81	66	5	4.10536
5	14	5	8.79268
76	83	5	7.20833
22	95	5	9.18203
30	6	5	9.42593
30	1	5	9.77383
62	66	5	4.33185
56	48	5	7.37597
33	39	5	4.37892
79	33	5	7.65348
43	88	5	1.93987
85	88	5	4.49317
73	88	5	7.02867
64	80	5	8.7173
62	34	5	0.426174
39	7	5	4.00927
