cx	cy	r0	initAmp
100	97	5	4.26672
28	27	5	0.699733
20	93	5	0.56495
34	67	5	1.22158
84	73	5	6.36998
24	59	5	7.35888
23	88	5	2.048
96	70	5	6.55256
44	94	5	0.730426
5	90	5	9.90913
21	69	5	7.09618
7	72	5	6.47451
66	18	5	9.87807
19	62	5	0.285031
86	87	5	8.30751
11	6	5	3.2081
10	53	5	3.46852
41	97	5	4.1976
74	12	5	3.73148
48	9	5	4.15363
