cx	cy	r0	initAmp
9	40	5	6.31523
15	84	5	9.88184
91	69	5	0.438195
1	100	5	8.67408
100	43	5	1.65387
45	59	5	8.55359
1	100	5	9.04644
6	100	5	4.6934
18	50	5	3.2515
9	1	5	6.86008
38	78	5	9.09245
97	90	5	8.07131
23	65	5	4.53088
33	100	5	2.15307
100	60	5	0.386789
1	1	5	9.98872
1	3	5	6.2683
100	100	5	6.18837
8	1	5	2.54384
100	61	5	9.13055
