cx	cy	r0	initAmp
14	45	5	1.92709
45	95	5	2.78394
60	14	5	1.93374
99	85	5	5.85863
57	60	5	6.58209
14	89	5	0.206128
20	55	5	8.03733
4	4	5	5.49077
58	65	5	0.0647825
10	15	5	2.43833
42	43	5	0.735859
58	37	5	8.10345
97	13	5	4.69814
87	16	5	0.00366445
42	53	5	5.43384
79	75	5	7.64332
6	97	5	0.966172
85	43	5	6.23053
7	39	5	6.07744
53	49	5	6.97383
