cx	cy	r0	initAmp
92	58	5	9.32189
86	63	5	4.95667
28	29	5	0.725664
98	33	5	0.0533017
31	61	5	2.36484
35	25	5	2.76227
62	43	5	3.68296
100	17	5	5.83448
68	88	5	8.98241
45	84	5	9.46143
77	49	5	4.93952
47	17	5	4.52134
76	1	5	4.23771
86	53	5	4.06498
42	81	5	6.15785
32	1	5	8.66523
47	66	5	4.2776
38	56	5	6.09932
51	29	5	2.39383
67	52	5	3.38999
