cx	cy	r0	initAmp
100	84	5	3.62772
1	35	5	2.0473
1	100	5	5.52558
44	47	5	9.56938
10	1	5	0.201493
14	66	5	6.93665
1	100	5	9.22232
1	62	5	0.0148173
1	1	5	8.05887
39	20	5	9.04728
92	1	5	2.18559
100	22	5	7.57196
100	1	5	2.23294
73	1	5	1.92217
34	36	5	9.65401
26	73	5	4.28144
14	85	5	9.56182
74	85	5	1.70194
74	36	5	5.47824
100	99	5	6.38772
