cx	cy	r0	initAmp
73	77	5	7.30988
61	1	5	1.00131
62	53	5	6.15075
100	100	5	0.0016002
50	33	5	3.68206
13	17	5	3.6173
29	100	5	0.585739
60	1	5	7.46297
63	95	5	6.4349
55	100	5	0.919275
77	91	5	2.77393
1	66	5	5.75144
8	67	5	0.688421
1	78	5	9.28819
1	1	5	6.42711
56	61	5	6.15658
47	71	5	2.13684
91	27	5	7.77462
52	15	5	8.34655
34	1	5	0.155253
