cx	cy	r0	initAmp
76	100	5	7.3608
31	96	5	4.92089
90	64	5	4.48798
39	4	5	2.11527
88	51	5	9.90019
8	97	5	1.33404
38	58	5	1.73154
33	50	5	8.07367
95	70	5	7.69215
49	4	5	3.18196
56	65	5	4.68464
34	72	5	4.93769
29	62	5	4.15107
52	97	5	1.25552
56	85	5	2.91858
65	44	5	8.65161
49	45	5	6.55201
62	75	5	4.48792
45	52	5	2.48986
41	26	5	5.90702
