cx	cy	r0	initAmp
18	98	5	8.22321
31	9	5	3.58357
1	79	5	3.11
76	3	5	0.388647
75	52	5	2.6578
25	57	5	9.16513
42	97	5	0.468663
17	94	5	5.77578
19	11	5	7.50952
24	28	5	7.41047
24	47	5	5.33894
33	65	5	5.80897
23	14	5	1.06169
74	57	5	3.47943
62	8	5	4.16073
88	18	5	6.85769
10	39	5	7.80772
75	80	5	4.17668
71	44	5	9.73708
97	8	5	3.82793
