cx	cy	r0	initAmp
66	95	5	9.13671
58	31	5	6.90478
81	15	5	3.0573
86	86	5	6.06917
76	9	5	9.70233
39	37	5	2.72807
24	26	5	6.13682
33	69	5	5.88397
18	89	5	4.12983
40	72	5	4.88233
10	23	5	4.21506
80	37	5	8.42195
84	82	5	4.28482
15	92	5	8.40102
2	1	5	8.00042
82	3	5	7.60168
97	53	5	8.48334
45	57	5	0.587198
95	95	5	4.11307
34	51	5	8.73689
