cx	cy	r0	initAmp
81	36	5	3.3668
96	36	5	2.65599
28	60	5	8.66152
55	90	5	7.83911
38	74	5	2.65823
40	48	5	8.19883
86	22	5	9.11529
36	58	5	2.92305
76	51	5	7.10566
14	79	5	7.48035
35	33	5	7.92846
44	91	5	4.99868
100	69	5	0.733384
15	29	5	0.932667
3	50	5	7.25277
49	77	5	2.88904
53	6	5	2.83826
53	31	5	6.53339
100	78	5	5.99811
35	55	5	3.24427
