cx	cy	r0	initAmp
56	1	5	0.407632
1	60	5	5.40864
100	11	5	4.80953
83	100	5	9.03654
100	6	5	9.04948
27	35	5	3.59373
11	100	5	4.27829
24	50	5	9.04569
100	90	5	6.74605
26	57	5	9.96338
1	83	5	0.782923
23	62	5	3.57634
49	49	5	9.95693
30	1	5	9.97838
100	13	5	8.8759
12	84	5	6.39829
59	86	5	1.56541
34	1	5	3.17477
65	1	5	4.37315
41	28	5	3.84278
