cx	cy	r0	initAmp
1	74	5	4.91646
36	1	5	9.68698
1	42	5	0.129753
68	1	5	6.45958
37	1	5	7.26817
60	1	5	3.33505
100	47	5	8.70277
90	41	5	0.696257
77	100	5	5.03994
55	14	5	7.6412
1	27	5	1.60872
4	47	5	8.573
63	82	5	2.42398
43	74	5	6.45452
1	31	5	9.22686
40	94	5	0.997563
56	1	5	7.8115
1	30	5	4.98636
86	43	5	2.96531
49	100	5	4.55775
