cx	cy	r0	initAmp
59	25	5	2.82352
1	29	5	2.76472
10	1	5	8.46353
60	94	5	1.25368
82	89	5	9.53917
1	55	5	3.28167
1	35	5	5.34869
60	17	5	4.50182
67	45	5	9.58283
80	11	5	4.27138
1	100	5	0.234146
100	48	5	8.56527
12	100	5	7.76501
33	43	5	2.07303
74	1	5	9.13621
80	42	5	1.73405
56	93	5	5.16037
100	1	5	2.13824
1	92	5	8.6158
52	100	5	0.186993
