cx	cy	r0	initAmp
100	37	5	7.13972
36	45	5	5.31297
1	51	5	9.467
66	71	5	8.36102
78	48	5	5.11738
27	16	5	8.8193
10	55	5	8.54217
100	67	5	7.15095
73	74	5	1.09778
80	1	5	4.99395
67	83	5	6.73361
22	59	5	0.396359
19	100	5	3.44127
71	100	5	4.86013
1	97	5	3.82407
31	100	5	8.15559
32	1	5	6.01714
12	44	5	7.62705
100	1	5	6.11507
100	47	5	4.51194
