cx	cy	r0	initAmp
28	73	5	8.34526
33	3	5	4.09206
1	54	5	2.03725
47	49	5	1.4293
28	23	5	4.02673
30	1	5	9.53843
25	1	5	1.03444
1	93	5	6.42073
1	1	5	8.65045
100	48	5	3.84082
100	26	5	1.4762
32	91	5	8.61848
43	34	5	9.55059
5	96	5	2.76136
11	100	5	4.82157
1	45	5	8.94064
13	1	5	6.69881
62	100	5	5.8934
15	79	5	4.97113
18	60	5	2.12856
