cx	cy	r0	initAmp
28	53	5	4.21201
27	63	5	5.12675
54	71	5	1.75402
34	32	5	9.95717
68	66	5	1.64794
36	73	5	2.99306
64	68	5	1.12261
40	66	5	8.3585
41	48	5	2.06947
53	46	5	5.98967
65	78	5	4.77178
43	74	5	0.00517893
55	48	5	2.46747
49	69	5	5.19908
29	92	5	5.93825
52	80	5	7.11397
39	58	5	9.25769
47	36	5	7.00992
41	58	5	7.92368
54	43	5	3.70475
