cx	cy	r0	initAmp
80	80	5	0.863809
100	92	5	8.07371
72	100	5	5.42835
87	15	5	0.984723
100	58	5	1.21922
73	1	5	1.66601
72	96	5	6.43838
4	1	5	8.20241
18	100	5	4.54863
79	55	5	4.20679
74	100	5	1.64147
1	75	5	0.381756
100	63	5	3.28596
66	100	5	7.732
42	95	5	1.67456
65	67	5	5.52984
100	34	5	6.05275
58	65	5	1.39072
100	50	5	9.19257
1	1	5	1.09161
