cx	cy	r0	initAmp
5	52	5	8.54189
58	63	5	9.02091
53	84	5	1.00291
78	34	5	7.86247
45	51	5	9.60398
60	50	5	1.62384
72	63	5	7.15808
70	42	5	2.08892
14	7	5	5.45947
98	98	5	4.64919
79	66	5	5.91138
34	41	5	6.21358
23	31	5	5.67132
82	20	5	4.49612
66	73	5	5.44712
15	77	5	7.47673
25	13	5	6.73486
18	14	5	6.64796
89	23	5	5.18574
8	6	5	9.03369
