cx	cy	r0	initAmp
60	1	5	4.68983
1	62	5	1.80847
67	100	5	1.39777
75	74	5	5.41119
47	6	5	2.30326
33	68	5	0.607438
12	41	5	6.8232
89	59	5	6.04786
53	100	5	9.09429
79	75	5	2.24687
37	1	5	5.47926
97	100	5	6.70934
1	36	5	0.230312
25	77	5	2.1919
1	1	5	7.55095
11	60	5	2.08358
20	12	5	2.38186
100	44	5	6.97998
100	26	5	7.8304
1	28	5	5.67418
