cx	cy	r0	initAmp
77	85	5	4.00508
89	62	5	8.96142
100	63	5	7.86405
31	1	5	0.506819
100	1	5	7.71686
89	93	5	3.32374
85	80	5	5.49205
81	24	5	3.21696
57	89	5	3.22443
1	100	5	9.7817
1	1	5	5.47568
15	1	5	9.34505
63	4	5	3.28764
5	16	5	5.1772
75	15	5	8.44983
88	100	5	5.2038
100	80	5	1.305
60	100	5	5.35647
39	16	5	6.50692
19	23	5	8.41968
