cx	cy	r0	initAmp
51	44	5	0.96823
28	42	5	1.12232
57	44	5	9.75458
40	72	5	2.26245
49	43	5	8.55243
56	68	5	4.72058
58	49	5	9.39582
51	32	5	7.33332
57	45	5	0.351816
65	35	5	4.11443
48	58	5	7.34431
51	60	5	3.69191
52	53	5	6.72168
53	38	5	9.79222
54	69	5	0.922988
51	49	5	2.10731
54	58	5	1.6147
58	57	5	4.14122
41	62	5	9.22058
58	49	5	3.31573
