cx	cy	r0	initAmp
87	4	5	9.99491
17	72	5	2.579
21	73	5	0.59398
98	57	5	1.73803
94	85	5	7.41088
41	74	5	7.37694
1	36	5	8.73409
69	85	5	3.67271
96	71	5	7.62291
3	35	5	0.283502
36	46	5	5.9328
42	90	5	4.2084
66	23	5	8.40298
27	66	5	3.80262
51	91	5	9.65469
61	40	5	3.62271
79	4	5	4.02117
60	87	5	9.79928
48	37	5	4.64957
80	65	5	4.83148
