cx	cy	r0	initAmp
46	64	5	3.6635
61	45	5	5.73206
44	51	5	7.63251
47	83	5	3.79131
29	92	5	7.0451
22	47	5	5.834
50	39	5	3.21751
8	58	5	2.07658
16	1	5	3.63131
74	41	5	1.11917
27	52	5	2.89766
21	44	5	9.4309
39	54	5	2.07876
62	53	5	6.2623
36	9	5	2.36895
63	49	5	4.54634
44	53	5	2.04312
20	2	5	3.90441
44	1	5	4.29577
51	89	5	8.40402
