cx	cy	r0	initAmp
19	96	5	1.5374
98	83	5	1.29165
80	6	5	4.55608
17	52	5	2.86192
64	50	5	2.35611
36	34	5	4.06745
79	98	5	6.14779
93	66	5	1.77191
67	28	5	8.74
39	54	5	5.36536
16	43	5	5.26678
64	61	5	3.44707
63	88	5	1.83837
17	69	5	0.2318
14	83	5	1.94856
44	94	5	6.72745
78	80	5	3.56611
89	35	5	4.58035
92	71	5	5.08321
97	72	5	2.87113
