cx	cy	r0	initAmp
38	92	5	1.9825
1	1	5	2.42741
30	15	5	7.46677
9	27	5	7.25291
66	31	5	6.25788
100	56	5	3.85961
1	1	5	2.98218
81	84	5	4.09328
1	1	5	3.69238
100	100	5	8.34389
1	1	5	8.6576
41	91	5	2.59916
1	35	5	8.26301
8	34	5	5.44131
67	49	5	4.26223
36	1	5	1.30298
100	1	5	4.81306
50	1	5	4.30485
24	46	5	0.720325
12	66	5	7.45001
