cx	cy	r0	initAmp
81	27	5	5.7243
85	66	5	7.75039
80	96	5	8.56807
21	47	5	7.31944
27	20	5	1.01368
28	17	5	5.95167
5	13	5	2.72269
34	48	5	5.57194
23	51	5	8.64028
100	69	5	5.65931
61	48	5	4.75418
67	14	5	2.59349
23	65	5	3.6843
70	36	5	8.67899
14	2	5	9.62625
1	66	5	5.12274
47	68	5	1.77832
33	59	5	3.63593
96	23	5	4.18862
96	14	5	0.767845
