cx	cy	r0	initAmp
1	100	5	9.71759
69	6	5	3.33166
18	1	5	4.3705
1	100	5	4.76125
100	36	5	2.22187
13	100	5	5.30943
72	1	5	3.79909
1	73	5	9.99113
79	2	5	6.1868
1	1	5	8.4167
28	100	5	2.18872
15	100	5	9.74089
37	100	5	9.93132
1	44	5	5.87243
37	1	5	6.82559
57	1	5	6.03705
1	58	5	9.86719
14	46	5	7.96625
71	1	5	7.32277
100	40	5	7.55103
