cx	cy	r0	initAmp
75	22	5	2.94416
22	42	5	9.72116
49	47	5	1.81444
63	55	5	3.03406
43	63	5	1.74454
38	19	5	5.2757
68	34	5	0.20693
59	35	5	0.635459
15	40	5	6.35272
53	17	5	4.96203
66	49	5	0.141264
36	40	5	6.27222
37	61	5	6.34975
24	69	5	1.08141
70	78	5	8.29643
56	18	5	5.17752
59	73	5	5.70683
62	44	5	5.46333
31	47	5	1.27149
42	51	5	7.27318
