cx	cy	r0	initAmp
75	9	5	0.570552
70	30	5	3.12123
42	68	5	6.03759
40	52	5	5.01462
3	92	5	1.36407
15	86	5	4.09802
12	71	5	4.71042
29	25	5	6.54145
46	62	5	5.41943
5	29	5	2.94315
18	43	5	7.14141
49	38	5	1.71381
54	90	5	6.08112
34	85	5	2.14645
38	65	5	3.83395
91	33	5	8.31509
4	81	5	3.74946
22	73	5	8.21231
14	44	5	3.12091
87	5	5	9.55587
