cx	cy	r0	initAmp
32	100	5	1.98749
1	1	5	0.405415
93	100	5	1.62691
52	16	5	5.12292
82	30	5	2.30137
43	83	5	4.17461
100	88	5	1.62438
38	10	5	8.25873
72	62	5	3.33583
99	100	5	0.995852
100	1	5	9.34762
1	81	5	6.89539
100	56	5	4.74338
31	100	5	7.57283
31	25	5	2.16462
35	1	5	4.69209
100	86	5	5.14999
100	85	5	2.29834
76	32	5	9.89263
1	49	5	9.14005
