cx	cy	r0	initAmp
79	7	5	5.56375
100	100	5	8.77719
5	42	5	5.66578
64	9	5	3.64197
16	1	5	1.30473
1	100	5	9.65471
100	78	5	8.61926
100	56	5	3.00227
52	9	5	6.82953
5	100	5	8.40202
100	1	5	6.51106
42	54	5	7.40544
56	1	5	3.72584
47	62	5	1.40472
1	43	5	4.34235
1	99	5	5.97744
100	100	5	2.71223
85	100	5	0.872845
13	85	5	0.669775
29	92	5	4.94833
