cx	cy	r0	initAmp
51	73	5	9.41818
99	63	5	8.03139
3	3	5	0.672291
16	50	5	1.7641
50	25	5	7.49283
44	30	5	2.45818
55	72	5	4.27726
50	95	5	6.91938
91	31	5	7.36364
4	72	5	9.54043
89	10	5	7.18703
1	96	5	2.80854
63	23	5	6.74794
41	93	5	1.69929
70	64	5	7.50346
50	3	5	6.2049
69	78	5	3.55013
26	99	5	8.47737
48	44	5	1.02233
93	93	5	8.11141
