cx	cy	r0	initAmp
59	29	5	3.17319
11	38	5	1.38199
1	99	5	4.83199
1	79	5	8.94749
100	32	5	7.27709
58	74	5	9.13976
46	58	5	9.36383
100	27	5	2.0211
39	1	5	8.27873
64	23	5	4.49566
40	1	5	2.96293
75	26	5	2.486
2	100	5	4.61305
1	87	5	2.83583
63	100	5	6.85652
94	73	5	2.94702
1	24	5	0.378948
1	1	5	8.44196
100	4	5	0.685973
64	39	5	6.03109
