cx	cy	r0	initAmp
92	65	5	2.87608
86	85	5	8.82158
1	5	5	2.351
1	1	5	6.40563
5	30	5	1.09477
40	42	5	2.4877
63	100	5	6.58521
1	1	5	4.73681
42	44	5	1.56899
1	80	5	7.83155
26	1	5	4.28343
1	21	5	6.06038
39	100	5	1.24829
100	68	5	1.32073
7	39	5	8.20076
73	100	5	3.09897
30	6	5	7.76714
100	52	5	8.42378
42	84	5	9.49186
41	67	5	0.717049
