cx	cy	r0	initAmp
22	100	5	1.87107
1	1	5	5.79319
1	1	5	8.05708
1	1	5	6.43941
57	38	5	2.89584
1	100	5	2.4078
1	58	5	6.93888
47	1	5	9.74735
77	63	5	2.0001
100	34	5	0.726194
1	1	5	9.02853
1	1	5	7.06192
77	60	5	0.445333
10	100	5	8.05491
100	1	5	5.54525
1	100	5	7.09289
1	100	5	1.93542
100	1	5	6.93417
22	32	5	7.22424
4	72	5	9.01936
