cx	cy	r0	initAmp
77	7	5	9.37907
60	100	5	9.72602
11	1	5	8.32823
60	37	5	0.658176
10	10	5	4.03793
39	7	5	3.74793
35	100	5	5.07501
55	26	5	9.77877
76	57	5	8.1899
80	62	5	1.87541
93	32	5	6.98048
1	100	5	6.82611
33	20	5	9.99098
37	52	5	4.82631
67	1	5	7.30593
1	24	5	7.95182
72	100	5	2.61392
25	1	5	1.61074
71	100	5	6.98503
44	100	5	8.99509
