cx	cy	r0	initAmp
78	89	5	0.138286
40	84	5	0.294658
60	41	5	6.85054
37	67	5	0.903298
34	48	5	8.62929
57	91	5	2.40762
75	90	5	2.39507
54	49	5	1.37152
95	6	5	7.11921
43	77	5	9.30905
52	59	5	6.73098
31	100	5	9.85943
78	76	5	8.17092
17	68	5	8.60211
39	19	5	7.24358
27	70	5	5.70721
73	88	5	9.74532
52	42	5	4.76106
34	59	5	4.89524
34	23	5	4.95504
