cx	cy	r0	initAmp
31	69	5	8.9933
29	71	5	8.98362
68	73	5	5.18769
48	1	5	4.41656
42	27	5	7.95751
55	35	5	2.28388
84	62	5	9.54895
36	32	5	1.31463
62	25	5	5.45879
78	45	5	8.8433
40	37	5	4.0957
60	47	5	8.23661
62	48	5	1.73424
55	36	5	6.45581
30	25	5	5.82243
72	12	5	3.29589
59	80	5	0.525237
78	33	5	9.83548
16	64	5	5.17969
48	18	5	4.9922
