cx	cy	r0	initAmp
90	21	5	1.80047
100	54	5	6.35726
89	61	5	1.85525
93	14	5	2.6601
91	41	5	7.82428
57	37	5	8.31256
100	62	5	9.57972
44	1	5	8.86468
1	20	5	6.18142
31	84	5	3.9002
70	14	5	6.59426
58	86	5	2.17489
29	38	5	7.20894
89	31	5	1.25256
1	3	5	8.49405
14	13	5	9.51679
90	10	5	5.43538
100	77	5	4.5075
48	58	5	7.07219
26	32	5	2.22555
