cx	cy	r0	initAmp
19	52	5	2.7073
81	97	5	4.90474
15	20	5	5.6423
41	69	5	2.52297
24	89	5	6.2259
68	70	5	0.501819
47	59	5	5.18717
48	57	5	0.881915
56	38	5	8.38235
9	99	5	4.59062
88	47	5	0.905738
58	29	5	4.83927
59	20	5	8.13612
72	11	5	6.58195
80	34	5	5.36858
62	23	5	2.96584
53	80	5	7.53123
70	4	5	6.179
80	90	5	2.29788
3	83	5	6.46392
