cx	cy	r0	initAmp
32	12	5	4.8383
26	27	5	7.58822
79	16	5	9.28826
7	43	5	4.89093
91	31	5	3.27063
28	36	5	4.02638
62	63	5	8.38953
4	70	5	2.97001
49	52	5	2.27201
14	93	5	9.47043
59	75	5	3.53487
50	33	5	4.30556
44	8	5	5.463
17	75	5	8.66689
86	50	5	2.80683
41	59	5	2.77104
10	6	5	5.48249
21	16	5	0.216599
30	67	5	7.9308
8	4	5	8.29729
