cx	cy	r0	initAmp
1	45	5	9.56005
67	6	5	9.99048
39	46	5	6.22138
9	15	5	2.4461
100	91	5	2.14049
88	78	5	9.75833
34	11	5	3.03804
46	16	5	8.49631
100	19	5	4.40588
27	31	5	9.07139
100	61	5	6.66332
100	1	5	6.09663
48	33	5	2.87414
100	100	5	0.698803
1	100	5	6.67729
1	61	5	8.30142
65	1	5	6.6871
88	21	5	1.04833
85	47	5	6.88056
43	41	5	9.487
