cx	cy	r0	initAmp
100	39	5	9.23569
22	25	5	9.35381
80	55	5	9.83198
57	83	5	8.0242
6	93	5	9.14154
100	1	5	0.947927
5	26	5	0.990679
1	67	5	9.20492
97	42	5	3.7948
76	100	5	7.04709
7	81	5	2.31657
100	36	5	5.03918
1	21	5	7.45933
2	61	5	2.37146
61	23	5	9.02235
13	1	5	9.14564
9	25	5	6.10357
10	70	5	0.563909
100	29	5	5.29118
95	65	5	6.41572
