cx	cy	r0	initAmp
22	96	5	3.65406
23	91	5	8.55542
55	27	5	3.29891
49	56	5	7.64703
44	94	5	5.04314
23	66	5	2.26947
23	78	5	4.78731
40	11	5	8.53226
41	58	5	2.54487
80	99	5	4.62782
28	64	5	2.14586
29	98	5	2.17888
12	71	5	8.75682
98	11	5	4.17767
43	54	5	1.49345
98	62	5	6.15881
83	71	5	4.22474
20	61	5	8.25321
85	84	5	4.87914
90	12	5	3.44965
