cx	cy	r0	initAmp
79	77	5	0.66618
56	70	5	6.92855
21	7	5	8.22982
28	41	5	4.96673
32	54	5	8.40321
45	24	5	3.30564
71	88	5	6.68544
86	58	5	3.50753
26	100	5	4.8892
49	73	5	8.88954
63	55	5	3.26051
21	65	5	5.44759
93	44	5	0.341867
90	67	5	9.73517
28	1	5	7.86827
73	44	5	7.64859
53	52	5	4.9059
7	79	5	2.1413
32	75	5	5.0478
100	25	5	5.02956
