cx	cy	r0	initAmp
67	95	5	7.1295
42	18	5	5.58668
14	77	5	8.75453
100	53	5	1.6232
19	99	5	6.1768
11	66	5	6.34208
9	43	5	2.09803
34	100	5	6.7996
10	38	5	7.40357
11	41	5	1.92497
11	95	5	3.51437
6	22	5	3.84714
51	80	5	9.78123
5	84	5	9.17424
67	89	5	4.49481
51	29	5	8.17549
77	32	5	2.67634
84	58	5	2.35398
37	99	5	6.21259
74	61	5	1.97009
