cx	cy	r0	initAmp
92	30	5	0.570452
17	100	5	1.89592
1	23	5	1.91138
63	51	5	9.35245
34	66	5	7.41893
50	47	5	8.57366
20	93	5	0.184531
73	100	5	0.092002
70	100	5	0.865922
100	45	5	6.26857
70	83	5	1.17802
69	1	5	5.28858
100	100	5	6.61958
40	64	5	8.59198
33	91	5	3.43763
55	59	5	7.84043
88	100	5	8.50676
89	83	5	8.29522
59	1	5	9.89658
68	51	5	7.64619
