cx	cy	r0	initAmp
73	5	5	0.796495
31	32	5	2.81027
93	71	5	8.92609
49	86	5	7.00237
67	55	5	7.40751
63	61	5	9.9499
56	70	5	7.54505
98	68	5	8.21505
16	58	5	2.87364
64	11	5	1.02774
26	60	5	2.29209
29	62	5	8.94819
22	66	5	6.83135
25	6	5	9.70624
7	100	5	4.4804
63	89	5	3.06542
40	25	5	8.43711
53	60	5	8.90544
86	1	5	3.25906
83	38	5	6.42653
