cx	cy	r0	initAmp
64	13	5	1.85562
65	27	5	7.94163
86	97	5	2.91075
45	61	5	1.87703
51	77	5	6.8709
51	24	5	3.0701
76	62	5	3.14684
74	58	5	9.10759
16	81	5	2.81501
82	13	5	3.31986
57	27	5	9.51494
88	47	5	0.740395
25	97	5	9.6555
89	39	5	2.88155
43	15	5	2.51002
28	59	5	5.21862
42	72	5	2.385
25	53	5	8.2963
33	64	5	0.00307631
70	41	5	6.7027
