cx	cy	r0	initAmp
1	68	5	1.17829
82	9	5	7.82749
49	100	5	6.30442
14	100	5	1.46514
100	50	5	6.11097
1	1	5	4.76931
59	100	5	4.77784
85	13	5	7.91249
19	4	5	4.32608
1	14	5	3.78671
82	64	5	5.77661
44	61	5	8.43408
98	26	5	8.10483
1	2	5	9.68505
51	25	5	1.0639
15	21	5	0.765738
1	1	5	5.25808
1	73	5	8.46059
29	26	5	9.50991
1	1	5	8.84169
