cx	cy	r0	initAmp
100	43	5	4.79277
94	100	5	2.45274
41	1	5	1.39134
12	17	5	4.94426
98	8	5	1.68306
62	100	5	0.596798
72	31	5	8.25182
74	1	5	1.3048
78	65	5	9.62184
100	84	5	7.76281
10	1	5	2.09685
61	26	5	2.91702
43	38	5	5.79612
6	26	5	5.77525
1	43	5	3.73518
70	46	5	0.982671
1	67	5	0.399282
46	24	5	0.670504
61	100	5	1.54044
33	41	5	7.16334
