cx	cy	r0	initAmp
76	100	5	6.5231
98	3	5	4.61277
34	100	5	0.0983176
100	1	5	0.720431
1	90	5	6.77678
6	100	5	4.10461
8	38	5	4.70838
1	76	5	4.22095
5	63	5	8.08411
11	21	5	1.84306
69	32	5	6.53689
100	1	5	1.39308
23	21	5	3.31023
1	82	5	4.78604
1	100	5	1.70565
35	100	5	4.24884
20	92	5	6.68795
50	45	5	9.71092
100	24	5	2.65694
100	100	5	2.99482
