cx	cy	r0	initAmp
29	1	5	3.74694
82	57	5	8.81555
81	94	5	9.84976
48	76	5	2.83399
1	65	5	9.42346
1	57	5	7.69837
71	1	5	5.43499
77	100	5	9.83111
100	41	5	0.863545
46	73	5	2.7109
55	75	5	8.4629
1	49	5	0.321439
94	96	5	0.636001
87	66	5	8.45383
68	58	5	9.93691
70	50	5	1.96194
41	1	5	6.51535
56	1	5	4.28774
1	81	5	4.7545
13	46	5	7.5088
