cx	cy	r0	initAmp
95	25	5	9.90124
86	9	5	1.42432
74	19	5	0.197491
44	46	5	6.89981
64	10	5	4.83887
52	73	5	3.42181
64	70	5	6.83329
35	90	5	7.44966
55	15	5	5.45838
69	43	5	1.11691
30	59	5	4.82129
21	50	5	3.09499
49	22	5	2.3611
93	45	5	4.20072
88	41	5	1.03094
87	9	5	4.81003
23	82	5	1.56185
52	56	5	2.42245
81	88	5	2.77063
92	18	5	3.84244
