cx	cy	r0	initAmp
46	2	5	8.57214
31	100	5	5.20972
92	5	5	7.19391
31	81	5	9.34636
49	16	5	8.63928
40	91	5	0.964519
11	100	5	2.8629
89	31	5	0.629887
85	68	5	1.37464
83	19	5	6.41141
15	42	5	4.27576
89	19	5	6.90564
41	45	5	7.7246
59	40	5	9.35032
6	59	5	0.689201
77	31	5	3.24069
14	97	5	7.06097
6	66	5	5.5509
25	20	5	4.44194
45	27	5	9.90663
