cx	cy	r0	initAmp
39	21	5	2.26861
5	61	5	0.938105
94	5	5	9.25802
22	7	5	8.80727
56	56	5	6.28174
6	36	5	9.75248
43	8	5	5.2016
76	65	5	5.44559
82	93	5	7.13538
62	67	5	4.27611
55	5	5	6.91278
96	41	5	3.69343
10	86	5	6.60236
83	25	5	5.41808
81	76	5	5.99266
35	10	5	7.03924
75	90	5	1.6828
39	88	5	9.71492
77	41	5	1.56036
71	73	5	8.03442
