cx	cy	r0	initAmp
3	25	5	5.58682
22	97	5	2.39652
27	93	5	1.6536
71	54	5	0.521496
61	17	5	7.03536
44	26	5	6.15913
87	53	5	8.86982
40	96	5	9.74096
98	65	5	6.92736
95	18	5	4.87598
60	59	5	7.63884
99	9	5	5.11395
49	92	5	9.92938
24	70	5	1.21203
17	85	5	8.13467
46	45	5	2.37821
76	56	5	6.46276
98	56	5	3.29986
32	93	5	0.049222
59	39	5	7.8216
