cx	cy	r0	initAmp
62	65	5	9.8677
100	38	5	8.99886
58	1	5	8.06977
30	29	5	4.43709
77	93	5	4.3125
82	1	5	2.50556
42	1	5	7.96606
41	81	5	6.89239
100	100	5	9.20921
1	2	5	2.97808
16	1	5	4.42309
73	100	5	2.18242
100	2	5	3.48516
76	65	5	4.45144
3	59	5	2.08706
100	1	5	1.85683
90	44	5	0.202018
91	86	5	0.359852
11	1	5	2.78888
70	73	5	0.446192
