cx	cy	r0	initAmp
100	1	5	8.46583
1	18	5	7.05316
1	95	5	1.52704
65	51	5	8.64205
19	47	5	1.66187
23	82	5	9.33948
30	80	5	0.557561
77	51	5	9.6597
18	100	5	8.9726
13	100	5	5.70134
79	1	5	4.91581
1	86	5	5.77368
100	2	5	2.61084
36	70	5	8.80041
36	100	5	6.16033
13	78	5	9.21717
100	17	5	5.04866
1	1	5	3.7841
5	49	5	5.98559
20	13	5	0.874465
