cx	cy	r0	initAmp
40	61	5	2.0759
1	72	5	3.62409
100	94	5	2.54958
26	18	5	0.989083
1	71	5	0.494704
57	49	5	4.55207
21	100	5	1.79727
82	100	5	0.341407
100	70	5	2.50661
88	42	5	0.340516
87	12	5	6.32098
1	31	5	7.47975
84	10	5	1.3242
1	2	5	8.56196
7	76	5	5.04987
30	28	5	1.86844
18	100	5	7.13555
1	35	5	3.86082
1	39	5	4.57446
84	50	5	6.59779
