cx	cy	r0	initAmp
97	29	5	3.36476
40	3	5	5.42603
55	47	5	5.97458
63	93	5	7.04465
46	80	5	2.49536
95	61	5	3.76026
21	56	5	5.31628
2	30	5	8.92536
5	78	5	7.27617
14	32	5	9.29458
59	35	5	4.60004
14	49	5	7.82785
37	23	5	3.77758
13	22	5	1.99909
28	37	5	7.62466
98	45	5	4.98033
88	1	5	6.35122
39	68	5	4.72552
62	2	5	7.85979
45	33	5	0.477258
