cx	cy	r0	initAmp
29	1	5	3.51445
12	18	5	8.65042
100	100	5	2.52492
54	7	5	1.55734
28	23	5	0.479926
6	65	5	8.95574
40	1	5	1.46358
1	13	5	4.51713
1	49	5	1.92065
28	38	5	2.98884
14	49	5	2.804
4	95	5	7.53448
95	1	5	9.37383
100	24	5	1.7444
44	1	5	5.09723
100	46	5	9.45469
44	90	5	8.24179
79	56	5	8.53882
80	100	5	1.61158
26	1	5	0.162005
