cx	cy	r0	initAmp
68	6	5	5.13553
93	11	5	2.25252
18	74	5	3.62335
77	52	5	0.130948
90	35	5	7.13198
11	48	5	6.22563
79	52	5	4.48406
47	82	5	1.99705
15	93	5	3.54064
18	60	5	2.28824
89	18	5	8.85658
23	16	5	4.63865
75	2	5	5.95338
66	30	5	7.70819
72	44	5	2.69296
12	29	5	9.4812
21	37	5	3.47378
100	86	5	1.21881
86	21	5	3.91589
46	17	5	5.72059
