cx	cy	r0	initAmp
51	98	5	6.99895
61	40	5	9.05942
46	4	5	0.994596
33	28	5	7.55229
60	97	5	7.9758
26	70	5	3.21824
24	75	5	7.15564
96	66	5	7.57064
96	46	5	5.25332
74	23	5	1.3894
82	35	5	7.27304
89	59	5	7.5637
93	76	5	3.05821
29	7	5	2.7295
30	25	5	5.93125
44	35	5	1.15558
57	75	5	6.66716
84	86	5	8.28547
2	42	5	1.55628
84	40	5	9.33803
