cx	cy	r0	initAmp
43	44	5	4.20937
1	14	5	1.45918
100	12	5	0.424164
17	58	5	0.470227
21	100	5	0.473182
55	94	5	1.19918
38	26	5	4.57474
78	1	5	0.456532
45	36	5	7.40395
63	10	5	7.72551
100	100	5	7.03481
30	64	5	5.30178
54	7	5	1.54544
33	40	5	7.53096
1	35	5	9.44062
100	57	5	8.15351
99	37	5	3.06382
100	6	5	7.92794
97	100	5	1.99478
38	87	5	6.40934
