cx	cy	r0	initAmp
74	76	5	7.16382
84	27	5	5.30315
29	69	5	5.19809
79	23	5	6.68143
97	82	5	6.78128
21	71	5	7.69547
8	26	5	9.76577
100	70	5	3.92772
42	31	5	1.18005
58	52	5	2.22976
16	28	5	8.30919
95	46	5	3.84249
22	56	5	1.12613
85	33	5	3.80178
24	72	5	1.82031
57	53	5	1.77997
10	86	5	1.39162
94	43	5	0.486376
2	10	5	1.30975
84	80	5	9.52449
