cx	cy	r0	initAmp
42	72	5	9.88441
37	59	5	7.13249
51	36	5	2.73813
61	51	5	2.63626
52	49	5	4.75271
58	42	5	1.56387
65	52	5	6.44314
40	12	5	7.44014
48	43	5	8.09353
56	59	5	9.23886
34	62	5	3.81757
41	43	5	5.75642
50	25	5	7.11807
70	49	5	8.28464
45	65	5	5.06875
56	47	5	5.74451
62	50	5	4.58524
59	40	5	9.49631
46	44	5	9.23271
54	54	5	6.43255
