cx	cy	r0	initAmp
1	32	5	7.90299
37	1	5	6.58396
57	66	5	6.44713
38	100	5	3.27105
100	24	5	8.42405
19	66	5	3.58017
100	44	5	6.04624
23	50	5	6.09863
16	47	5	8.42682
100	100	5	5.23154
1	89	5	5.89974
58	37	5	3.96881
26	1	5	5.5924
53	1	5	3.5624
45	100	5	7.67631
28	90	5	0.932362
52	1	5	1.77322
85	47	5	9.31674
35	76	5	0.304216
97	47	5	0.774377
