cx	cy	r0	initAmp
85	78	5	4.62793
100	100	5	9.93958
100	100	5	6.68749
1	10	5	9.60851
22	100	5	0.687824
26	1	5	0.405653
1	1	5	9.75792
68	100	5	5.11139
100	32	5	0.272068
100	64	5	2.48578
1	76	5	6.32901
18	14	5	2.43196
1	1	5	1.57399
1	100	5	0.967666
91	1	5	4.52145
1	50	5	8.64735
69	1	5	5.11127
40	93	5	5.14259
65	32	5	5.64981
91	1	5	3.84036
