cx	cy	r0	initAmp
1	70	5	7.05989
72	20	5	5.55853
61	77	5	7.52728
69	49	5	7.88977
56	1	5	0.994111
24	57	5	5.057
78	49	5	3.78377
96	1	5	4.60322
88	9	5	5.54645
34	19	5	6.75224
100	100	5	4.2192
1	56	5	2.86361
93	1	5	0.867402
100	29	5	3.52131
46	10	5	0.486672
36	50	5	4.84076
2	5	5	2.92165
12	83	5	1.21802
1	79	5	7.39577
9	100	5	6.02667
