cx	cy	r0	initAmp
82	52	5	9.26492
86	24	5	2.12735
6	45	5	4.2675
70	100	5	5.24573
59	1	5	4.24958
36	1	5	6.08525
1	100	5	4.30681
98	100	5	8.32813
71	32	5	0.474951
17	1	5	7.47535
37	1	5	5.23893
55	75	5	2.52047
1	71	5	4.36649
3	14	5	5.03984
4	69	5	7.87121
67	48	5	7.58987
41	52	5	0.214009
6	1	5	8.66054
28	61	5	4.94748
100	56	5	6.79786
