cx	cy	r0	initAmp
23	64	5	2.63992
91	21	5	3.65586
17	98	5	7.95187
79	75	5	8.98179
79	58	5	0.448043
98	21	5	6.86515
92	23	5	9.59309
34	73	5	8.22104
83	27	5	5.61904
30	27	5	1.22883
24	12	5	7.80181
38	18	5	1.70533
52	25	5	7.22104
17	35	5	9.08659
47	26	5	1.15875
43	65	5	1.86081
90	67	5	5.52601
9	91	5	1.00567
57	85	5	1.82434
35	83	5	8.89753
