cx	cy	r0	initAmp
44	44	5	9.89554
89	85	5	1.02537
31	1	5	8.02606
1	1	5	0.275004
26	97	5	4.85049
15	1	5	7.43875
51	1	5	4.52699
35	1	5	0.709311
1	82	5	2.00192
100	71	5	0.0282671
1	1	5	9.10161
1	82	5	7.31845
1	75	5	0.351229
100	1	5	2.39592
63	62	5	5.35001
58	100	5	2.1836
1	100	5	5.92676
86	3	5	3.98065
88	56	5	2.75971
70	1	5	2.62701
