cx	cy	r0	initAmp
100	29	5	2.77703
6	39	5	0.722703
9	43	5	8.90959
39	60	5	7.78966
1	13	5	8.05914
72	100	5	3.91084
100	88	5	4.28957
61	1	5	1.78746
15	9	5	0.531926
43	1	5	4.1652
100	1	5	0.613023
1	56	5	9.65326
100	42	5	4.19479
25	73	5	3.12214
18	13	5	1.60167
1	1	5	5.13751
88	2	5	6.98281
54	22	5	3.99478
28	29	5	9.20611
56	100	5	9.97056
