cx	cy	r0	initAmp
61	51	5	7.2142
69	68	5	1.57154
97	16	5	5.8949
10	28	5	3.00234
81	7	5	6.23923
49	68	5	6.04018
96	23	5	1.21891
95	36	5	1.6797
62	24	5	6.27939
6	36	5	7.6165
90	75	5	5.66194
48	36	5	9.81741
58	40	5	8.92934
25	89	5	8.249
72	78	5	0.998319
54	19	5	0.898825
45	87	5	7.41978
43	82	5	7.8761
13	24	5	6.33354
43	50	5	6.91926
