cx	cy	r0	initAmp
85	95	5	1.00917
21	54	5	8.03782
1	52	5	9.13883
100	100	5	8.33747
100	67	5	2.16302
100	3	5	9.74748
74	34	5	2.51372
21	53	5	1.37588
14	63	5	0.746996
74	61	5	6.74112
1	29	5	9.77796
60	26	5	6.22742
88	29	5	4.60224
2	1	5	8.30329
8	50	5	4.19208
14	64	5	3.09181
58	26	5	8.98676
42	42	5	3.83944
50	80	5	5.93678
50	47	5	3.89943
