cx	cy	r0	initAmp
99	16	5	1.39285
87	45	5	9.41844
26	74	5	9.48806
1	56	5	7.45745
57	4	5	4.904
72	63	5	0.563154
41	22	5	0.861256
18	71	5	6.68375
15	65	5	0.965146
94	100	5	7.1936
14	86	5	9.57055
1	57	5	9.23489
16	48	5	2.73605
62	18	5	3.36995
52	39	5	7.0963
60	4	5	6.67963
42	48	5	4.03315
8	72	5	9.57011
83	31	5	2.7692
6	30	5	1.50794
