cx	cy	r0	initAmp
100	87	5	5.86034
41	96	5	8.75371
59	27	5	4.48746
26	98	5	2.10291
48	63	5	1.11427
45	11	5	1.32512
57	44	5	2.47243
35	21	5	6.59114
80	60	5	7.62331
31	70	5	4.05009
68	68	5	8.02545
80	35	5	4.92973
26	40	5	2.35182
39	41	5	9.72833
13	76	5	1.07404
53	74	5	2.6479
24	70	5	5.52777
8	8	5	1.09095
53	10	5	6.63409
44	58	5	8.29525
