cx	cy	r0	initAmp
42	58	5	2.09596
69	51	5	6.99792
42	47	5	5.60561
52	52	5	8.84617
29	65	5	0.264678
69	64	5	5.88025
53	60	5	8.21583
53	54	5	0.331441
43	62	5	0.200614
64	49	5	5.77318
32	45	5	5.09541
37	48	5	9.42479
39	56	5	5.84638
47	42	5	0.177296
54	43	5	4.16547
56	62	5	4.51196
34	54	5	2.1136
34	45	5	0.614174
35	66	5	8.22437
29	71	5	0.989246
