cx	cy	r0	initAmp
42	41	5	6.10465
100	74	5	4.91286
1	46	5	7.99579
85	44	5	5.07607
51	43	5	2.19507
100	23	5	3.91543
2	65	5	7.4257
47	54	5	9.18081
59	55	5	7.27805
31	5	5	4.01305
50	15	5	1.13164
99	100	5	5.20154
54	88	5	6.8209
20	23	5	8.60843
14	9	5	5.45245
52	71	5	1.68432
17	22	5	6.28106
85	22	5	7.93446
88	1	5	9.52825
6	7	5	4.62336
