cx	cy	r0	initAmp
62	4	5	8.79721
21	15	5	3.60489
61	53	5	6.27017
25	13	5	0.536331
59	86	5	0.970417
80	80	5	6.1022
55	72	5	8.97105
37	76	5	2.61484
82	13	5	2.76775
31	31	5	7.52984
44	51	5	8.95338
94	97	5	8.64728
42	16	5	4.56268
22	30	5	3.9726
57	5	5	4.76844
89	27	5	7.48384
73	21	5	4.00957
44	75	5	4.21911
56	18	5	3.81885
13	30	5	4.37528
