cx	cy	r0	initAmp
19	1	5	1.32013
1	42	5	6.78586
23	83	5	6.99457
1	99	5	6.55473
100	35	5	3.39953
12	88	5	9.60402
40	49	5	7.15595
91	37	5	4.97925
86	79	5	7.19391
76	1	5	8.33656
1	88	5	6.05406
85	10	5	6.48594
90	21	5	9.06693
28	84	5	7.07106
1	72	5	8.33897
66	92	5	2.66709
87	36	5	4.88513
11	76	5	4.55086
1	42	5	1.77622
74	1	5	0.450361
