cx	cy	r0	initAmp
27	14	5	9.72255
4	46	5	7.80802
22	93	5	0.89389
70	15	5	1.93607
20	68	5	9.3104
92	19	5	5.00842
56	76	5	6.74603
63	8	5	6.42479
29	21	5	6.70023
67	35	5	8.84802
44	17	5	3.96255
70	80	5	2.35269
65	50	5	2.0947
7	32	5	3.76625
76	87	5	8.09036
77	2	5	3.85972
33	79	5	7.35927
61	92	5	1.45379
71	16	5	9.90062
49	43	5	4.89397
