cx	cy	r0	initAmp
6	74	5	5.86446
47	21	5	0.652883
41	49	5	7.38293
5	70	5	7.73481
100	27	5	5.94972
1	64	5	0.432038
100	34	5	0.0182838
1	62	5	4.55105
69	60	5	8.34952
69	60	5	9.28691
98	96	5	4.99227
100	93	5	3.31403
37	58	5	1.19047
75	1	5	4.76195
61	55	5	2.09692
82	1	5	1.07491
53	39	5	6.53515
72	3	5	8.91888
1	71	5	1.25989
45	98	5	1.82931
