cx	cy	r0	initAmp
90	87	5	5.71203
23	5	5	9.04963
89	2	5	2.59565
86	34	5	2.41375
26	77	5	3.77246
99	26	5	3.86885
17	40	5	4.54241
31	90	5	5.67728
27	5	5	5.3466
67	34	5	8.85211
66	48	5	9.5926
40	73	5	9.80739
62	43	5	1.98244
30	4	5	6.67541
49	62	5	4.66513
58	61	5	8.6448
5	87	5	9.48099
56	17	5	5.70922
25	33	5	5.58281
21	69	5	1.01058
