cx	cy	r0	initAmp
87	1	5	4.03495
100	100	5	8.7637
1	74	5	1.19607
30	93	5	6.38262
1	1	5	0.74066
81	1	5	8.45931
100	95	5	8.23262
100	1	5	4.64611
6	47	5	2.65946
82	1	5	9.46855
1	4	5	0.48388
47	76	5	7.13224
75	100	5	1.29741
88	1	5	3.74521
1	1	5	1.09596
94	54	5	6.13633
54	100	5	5.90922
75	88	5	6.3302
64	17	5	8.36437
100	15	5	3.17592
