cx	cy	r0	initAmp
100	100	5	4.43241
5	1	5	2.36597
100	69	5	6.55426
100	30	5	3.70485
1	17	5	7.36963
14	27	5	5.02887
59	1	5	6.83616
100	39	5	5.11489
1	78	5	5.26882
69	55	5	9.76645
100	49	5	2.11935
19	13	5	0.761358
72	7	5	6.46975
22	22	5	7.54064
1	74	5	1.44673
42	77	5	9.63153
43	35	5	1.37417
92	93	5	2.2889
37	87	5	6.77296
26	100	5	8.67574
