cx	cy	r0	initAmp
92	100	5	8.38438
61	100	5	6.44128
94	1	5	9.19213
63	89	5	9.24838
71	100	5	0.170585
21	71	5	9.203
50	8	5	8.17087
78	70	5	8.96452
45	86	5	6.47423
1	85	5	7.77494
100	43	5	8.59434
1	14	5	5.88985
6	15	5	6.92254
84	100	5	0.304649
20	100	5	9.52377
78	1	5	3.75031
1	1	5	3.5984
29	24	5	9.47848
1	100	5	0.439601
14	75	5	2.90891
