cx	cy	r0	initAmp
84	95	5	8.81035
100	13	5	5.72274
58	11	5	7.04991
83	63	5	6.51587
79	92	5	5.35703
75	16	5	2.2337
19	11	5	0.220327
50	29	5	7.25281
78	54	5	6.58781
82	31	5	3.33151
1	23	5	0.157443
66	31	5	5.94196
77	66	5	8.3097
41	5	5	1.87591
74	59	5	0.54133
7	47	5	8.44238
88	34	5	5.53812
1	20	5	2.78704
56	79	5	6.31144
50	87	5	7.39086
