cx	cy	r0	initAmp
70	42	5	5.71609
72	11	5	9.74706
83	8	5	6.80114
54	100	5	5.44512
23	57	5	9.32563
1	97	5	9.48238
7	72	5	9.71069
3	66	5	7.32837
14	11	5	1.37925
32	5	5	9.12539
51	44	5	8.38028
48	23	5	7.39818
69	23	5	3.197
8	46	5	7.04763
78	45	5	9.61704
67	16	5	2.6355
59	3	5	3.26686
51	72	5	4.92797
45	3	5	7.67109
6	81	5	1.13458
