cx	cy	r0	initAmp
8	76	5	1.23956
60	34	5	5.51049
33	43	5	4.13167
40	46	5	4.87961
42	78	5	4.80855
48	15	5	3.51913
32	48	5	1.42546
47	66	5	2.66355
83	1	5	8.98276
58	23	5	6.11698
23	48	5	7.76615
83	64	5	1.59567
88	38	5	1.36639
50	52	5	9.03222
45	41	5	3.20208
71	65	5	7.35301
37	70	5	9.81531
34	54	5	7.43667
57	48	5	3.84287
59	53	5	6.98346
