cx	cy	r0	initAmp
92	42	5	3.51
74	63	5	9.18047
1	37	5	1.62368
60	96	5	5.97138
67	39	5	7.00707
38	86	5	7.24245
22	13	5	6.13264
62	100	5	4.71817
90	50	5	9.04407
29	67	5	0.151201
98	21	5	7.06635
93	28	5	7.60326
22	30	5	8.53994
77	38	5	3.43506
31	12	5	8.98315
55	63	5	5.26982
64	24	5	3.38726
37	54	5	9.67418
9	27	5	6.16161
13	74	5	2.87945
