cx	cy	r0	initAmp
42	83	5	5.91949
54	30	5	9.55927
83	15	5	8.05218
58	74	5	4.56694
96	90	5	5.34203
96	75	5	4.54091
98	8	5	7.14694
57	68	5	9.03163
84	30	5	1.07307
67	63	5	5.74836
92	75	5	9.47805
17	68	5	8.63118
34	46	5	0.0570929
20	13	5	7.22612
81	37	5	3.94819
85	7	5	7.60079
34	47	5	2.29065
63	60	5	7.8865
26	87	5	7.98821
98	93	5	0.529876
