cx	cy	r0	initAmp
74	52	5	1.0679
72	71	5	1.35975
62	12	5	0.708016
85	100	5	5.84784
49	10	5	0.346545
21	83	5	2.70268
57	4	5	6.45161
41	30	5	4.10066
9	71	5	2.04877
52	59	5	2.59689
61	29	5	8.61995
67	6	5	9.53951
2	60	5	2.29184
90	6	5	5.42594
68	66	5	6.71769
59	81	5	6.94531
28	56	5	3.83556
28	46	5	4.9564
52	3	5	1.17637
46	4	5	8.91211
