cx	cy	r0	initAmp
54	19	5	5.0149
88	52	5	7.22022
88	3	5	8.23636
62	92	5	1.84045
17	7	5	7.4413
26	91	5	3.53561
93	65	5	5.80921
58	46	5	0.0160816
50	76	5	5.0624
69	34	5	5.65896
17	83	5	0.300335
26	8	5	5.38795
69	84	5	5.5856
74	65	5	1.65445
59	8	5	0.0282187
2	91	5	4.71621
39	77	5	0.546723
80	51	5	3.11376
91	21	5	5.76272
17	83	5	8.01634
