cx	cy	r0	initAmp
100	83	5	8.57502
50	1	5	4.8789
32	74	5	3.173
67	95	5	6.68716
100	37	5	6.21148
100	47	5	9.80141
82	100	5	8.08344
64	11	5	2.24377
100	58	5	3.32747
100	100	5	4.49308
1	86	5	0.881367
13	1	5	3.22565
100	48	5	1.69731
82	72	5	3.52113
88	74	5	1.73666
100	32	5	5.22299
1	87	5	9.69251
94	55	5	6.28752
30	64	5	3.89172
94	83	5	4.55509
