cx	cy	r0	initAmp
10	41	5	1.35903
47	51	5	2.80797
70	49	5	0.836646
32	28	5	1.74512
53	69	5	4.89846
57	4	5	9.46122
71	61	5	0.197796
100	43	5	5.84287
92	45	5	0.343704
44	58	5	5.98067
81	43	5	5.61446
42	29	5	6.57981
77	54	5	9.13854
55	46	5	8.98781
46	61	5	8.23329
67	75	5	0.0580903
26	48	5	2.24312
61	22	5	9.17193
49	70	5	7.8818
63	9	5	0.902769
