cx	cy	r0	initAmp
46	1	5	3.67003
48	26	5	6.09176
100	23	5	2.95871
26	1	5	5.51373
51	100	5	0.871216
61	17	5	4.77745
54	100	5	3.51285
5	100	5	1.49058
72	1	5	8.42674
14	86	5	9.28665
8	57	5	3.99524
1	1	5	9.97565
45	1	5	2.21907
100	91	5	6.6861
42	1	5	8.04849
1	34	5	2.43784
38	64	5	9.42549
91	85	5	5.70551
1	100	5	8.80742
53	100	5	1.05789
