cx	cy	r0	initAmp
100	30	5	3.00807
57	100	5	7.3381
16	77	5	3.34737
62	1	5	7.20275
92	52	5	1.68332
1	1	5	6.64422
75	63	5	9.04581
79	14	5	0.64233
100	52	5	3.61194
100	28	5	2.07335
100	100	5	2.69237
23	11	5	0.0311134
16	82	5	7.95145
71	100	5	9.40999
53	100	5	0.883396
46	47	5	0.528209
27	25	5	7.58148
100	56	5	8.12255
81	100	5	9.14538
1	63	5	9.21339
