cx	cy	r0	initAmp
23	1	5	4.66502
65	100	5	2.24207
1	100	5	7.92053
19	84	5	5.4228
100	96	5	8.05555
87	40	5	3.00068
18	100	5	4.25042
1	91	5	9.13231
65	83	5	1.88807
100	100	5	6.5653
29	53	5	1.6851
41	1	5	6.38177
56	50	5	1.63089
26	95	5	6.15435
2	47	5	2.23308
61	5	5	5.40257
27	2	5	8.94293
77	69	5	4.43845
37	49	5	4.5655
41	18	5	4.48898
