cx	cy	r0	initAmp
54	54	5	8.31661
41	44	5	4.30686
43	51	5	6.79393
47	35	5	9.35862
45	37	5	2.19488
52	66	5	8.58297
59	53	5	9.05431
71	59	5	8.01864
55	58	5	8.34854
53	45	5	4.66535
41	37	5	1.28155
52	48	5	4.69684
59	47	5	2.23653
52	55	5	0.657319
35	44	5	3.67174
25	46	5	2.26598
62	47	5	2.18498
65	60	5	4.22189
37	37	5	2.97304
45	49	5	3.41447
