cx	cy	r0	initAmp
57	46	5	7.26931
1	100	5	6.23971
88	100	5	4.56063
23	14	5	1.18569
42	1	5	2.21194
100	1	5	9.38615
19	86	5	8.12362
37	80	5	3.64593
77	91	5	3.68279
40	19	5	6.30147
13	1	5	2.87033
99	32	5	6.30543
1	66	5	0.254389
1	87	5	9.6221
80	100	5	1.3484
1	1	5	2.71448
93	3	5	8.12445
100	100	5	5.94851
1	52	5	8.71348
1	1	5	4.27189
