cx	cy	r0	initAmp
36	95	5	8.51908
39	1	5	9.87938
57	73	5	8.22613
33	31	5	5.18792
20	12	5	7.8974
54	11	5	6.04993
37	23	5	2.98741
4	62	5	0.339448
30	46	5	0.44348
16	1	5	4.0177
68	34	5	5.03473
73	35	5	5.36917
33	60	5	9.06163
31	10	5	4.38907
7	5	5	1.74512
23	53	5	2.33694
100	1	5	2.19012
10	4	5	7.44012
84	8	5	5.27629
100	74	5	2.46393
