cx	cy	r0	initAmp
100	100	5	5.42335
45	1	5	4.31298
100	26	5	8.5422
57	4	5	4.66323
64	94	5	0.690945
100	81	5	1.58275
1	1	5	2.80717
14	100	5	3.03842
72	45	5	7.84
72	100	5	7.05697
100	100	5	1.51064
74	33	5	2.03557
42	54	5	5.36595
100	100	5	9.02451
50	73	5	4.89985
100	11	5	2.41394
1	55	5	0.854316
92	70	5	6.27342
1	98	5	4.60997
1	100	5	0.384722
