cx	cy	r0	initAmp
1	63	5	2.917
1	22	5	2.80725
45	81	5	7.90979
1	91	5	2.7535
23	7	5	8.7553
29	12	5	0.378279
94	32	5	8.93494
93	15	5	5.54872
49	27	5	1.35741
1	1	5	7.25908
1	55	5	3.67267
28	22	5	5.82168
65	88	5	3.09568
69	8	5	9.42894
10	29	5	4.57959
55	12	5	0.449999
1	100	5	3.84716
1	50	5	7.51332
17	38	5	2.08898
54	1	5	3.61112
