cx	cy	r0	initAmp
100	93	5	5.88709
48	35	5	6.78674
44	14	5	6.95183
64	37	5	2.89091
89	55	5	5.8402
11	38	5	6.41416
47	95	5	2.07995
96	95	5	9.06717
98	85	5	9.76328
35	66	5	0.758116
91	13	5	1.85123
97	37	5	8.53698
71	81	5	1.74097
87	33	5	8.32415
22	57	5	0.908253
38	83	5	7.76927
68	71	5	0.211401
27	3	5	1.24936
21	63	5	1.8619
37	35	5	2.84221
