cx	cy	r0	initAmp
14	30	5	9.82006
63	52	5	9.24837
58	55	5	2.0969
68	77	5	4.4614
70	72	5	5.43404
57	38	5	2.7142
31	11	5	5.02326
17	67	5	1.56761
30	89	5	1.0942
42	37	5	6.5125
31	22	5	4.56137
56	99	5	6.87388
15	77	5	3.1769
36	85	5	9.28327
43	6	5	1.91001
67	83	5	8.28898
26	49	5	1.18715
62	53	5	5.32202
11	72	5	4.0928
40	90	5	4.00814
