cx	cy	r0	initAmp
18	1	5	9.12741
1	54	5	5.27396
55	72	5	4.16363
49	17	5	2.21239
19	28	5	8.74425
92	84	5	6.34637
86	78	5	5.5959
73	6	5	7.58975
1	82	5	0.259441
84	11	5	0.758627
63	95	5	4.9789
100	1	5	0.178357
1	75	5	2.14552
74	1	5	4.8335
9	59	5	6.52051
1	9	5	4.50163
85	47	5	6.10508
55	57	5	6.00435
1	1	5	8.50512
85	12	5	2.75388
