cx	cy	r0	initAmp
17	67	5	7.5433
73	31	5	2.87311
93	58	5	1.77169
32	14	5	2.23792
85	36	5	4.92943
55	42	5	6.36647
93	88	5	8.28944
5	92	5	2.29071
29	59	5	0.781592
65	88	5	9.9047
37	53	5	0.886518
19	4	5	9.96802
60	56	5	6.22742
32	69	5	8.25318
75	69	5	3.44403
17	82	5	0.479254
3	4	5	6.29537
87	67	5	9.56107
43	27	5	3.43628
18	24	5	7.93432
