cx	cy	r0	initAmp
60	64	5	9.86367
100	47	5	9.18686
1	100	5	6.99985
24	100	5	1.06495
68	1	5	8.87448
15	89	5	8.43125
7	100	5	3.95909
66	22	5	9.66765
58	55	5	5.48585
100	100	5	9.162
60	83	5	8.78441
49	55	5	1.16072
42	30	5	3.72628
100	83	5	1.0517
8	100	5	6.0032
1	100	5	0.149771
1	1	5	0.718065
18	1	5	6.88672
100	100	5	8.9882
3	1	5	0.691965
