cx	cy	r0	initAmp
6	85	5	0.620423
60	8	5	1.05801
47	11	5	8.89408
86	62	5	0.517444
41	28	5	8.8443
24	69	5	3.91913
38	33	5	7.7411
29	40	5	4.93779
30	23	5	3.72959
22	31	5	2.16017
47	22	5	1.78319
86	23	5	1.00321
50	56	5	2.57721
97	73	5	8.31624
15	36	5	6.43227
64	13	5	9.20748
56	7	5	0.475482
18	57	5	7.75863
17	70	5	0.532223
22	89	5	7.43832
