cx	cy	r0	initAmp
4	13	5	1.66378
25	100	5	9.70981
94	1	5	5.09356
23	27	5	1.01153
27	32	5	8.60206
37	51	5	3.18612
51	100	5	6.06984
55	1	5	5.26436
59	1	5	0.417493
37	60	5	6.61841
100	35	5	3.00944
1	26	5	6.69552
47	68	5	1.35067
1	76	5	2.20525
72	81	5	7.30235
78	17	5	8.98285
45	100	5	6.53697
1	100	5	7.80934
17	36	5	7.48791
13	100	5	5.52819
