cx	cy	r0	initAmp
44	39	5	2.3358
25	45	5	4.73272
84	47	5	0.760029
10	53	5	0.172315
74	42	5	3.20948
39	25	5	0.0175799
4	49	5	5.96293
99	37	5	8.35147
15	42	5	4.60571
51	89	5	2.49867
84	33	5	7.80418
25	30	5	1.80786
63	32	5	6.23237
55	56	5	5.60316
73	68	5	3.93227
59	23	5	2.21779
58	22	5	2.044
50	38	5	9.48599
81	55	5	9.11534
2	96	5	2.95883
