cx	cy	r0	initAmp
47	51	5	7.2094
59	18	5	3.46267
22	59	5	7.08154
28	100	5	6.86799
80	61	5	7.09088
55	53	5	4.68247
49	1	5	0.688005
62	41	5	0.0551581
74	100	5	6.85629
68	65	5	2.5502
11	1	5	6.75298
100	77	5	0.722909
21	45	5	1.97862
12	25	5	0.249061
11	77	5	4.66954
100	98	5	1.33652
100	55	5	0.750488
92	1	5	8.52733
65	90	5	4.30899
16	30	5	3.70354
