cx	cy	r0	initAmp
52	30	5	5.28151
82	1	5	4.52324
4	73	5	8.07852
52	49	5	7.52913
61	89	5	6.76932
34	18	5	4.14933
21	65	5	5.93272
78	28	5	5.63824
85	56	5	3.44659
31	67	5	2.4185
99	66	5	5.59602
80	56	5	7.56942
55	55	5	8.68248
81	11	5	9.40401
19	19	5	3.55831
29	1	5	7.43425
13	91	5	0.777967
97	34	5	1.42681
4	21	5	1.20018
28	89	5	2.81041
