cx	cy	r0	initAmp
49	52	5	9.64363
52	46	5	6.33393
44	52	5	8.20675
56	61	5	5.61576
34	51	5	9.9172
46	65	5	4.8602
30	44	5	0.307184
58	34	5	6.21312
35	51	5	6.98217
49	55	5	0.296835
54	51	5	0.51378
39	54	5	8.39098
53	55	5	8.93301
39	41	5	3.13191
41	73	5	6.96076
69	32	5	0.707079
70	51	5	2.20783
51	51	5	6.62276
46	39	5	9.9362
41	30	5	5.02826
