cx	cy	r0	initAmp
50	37	5	9.33461
26	43	5	4.22739
13	85	5	4.98047
25	44	5	7.19562
73	16	5	9.93376
64	15	5	7.78047
59	55	5	0.991559
41	56	5	8.65906
49	65	5	9.56255
1	39	5	4.62921
40	9	5	5.78429
88	50	5	7.1738
68	82	5	2.17495
87	16	5	2.05594
67	55	5	0.0532876
70	24	5	8.76303
47	6	5	0.669473
60	82	5	5.92442
74	37	5	9.89296
65	19	5	6.2083
