cx	cy	r0	initAmp
25	80	5	4.50539
88	77	5	2.72074
65	16	5	9.20455
13	10	5	3.95486
51	94	5	3.69553
33	91	5	7.22817
55	81	5	4.76597
66	44	5	6.02687
81	76	5	3.47606
27	87	5	3.67734
18	29	5	0.991615
82	3	5	0.20982
12	79	5	5.78133
100	89	5	2.76858
14	28	5	7.78895
40	47	5	0.474582
16	74	5	7.30784
62	100	5	2.97434
56	85	5	1.2044
30	53	5	3.03407
