cx	cy	r0	initAmp
1	1	5	3.99883
86	16	5	2.20381
55	13	5	0.596701
9	53	5	6.64393
1	82	5	8.40536
92	47	5	9.56332
37	94	5	4.61354
50	100	5	8.49738
79	57	5	6.21954
85	70	5	0.303931
1	100	5	4.03985
1	100	5	7.30811
71	20	5	3.43959
100	100	5	7.96851
100	29	5	2.85323
100	79	5	0.532925
16	28	5	7.62427
1	54	5	1.47596
49	1	5	6.03419
77	48	5	1.99178
