cx	cy	r0	initAmp
52	54	5	9.85383
45	42	5	2.61731
11	75	5	6.72948
20	51	5	6.62742
17	72	5	1.32644
83	70	5	8.26846
92	28	5	6.90635
31	44	5	5.32171
87	18	5	5.44782
61	3	5	7.04799
44	17	5	2.45674
5	85	5	7.99673
21	54	5	4.15579
12	93	5	0.332193
14	65	5	9.10625
68	34	5	4.96153
52	47	5	8.16922
35	27	5	3.95318
54	15	5	5.86095
70	63	5	0.400239
