cx	cy	r0	initAmp
40	42	5	7.37869
59	55	5	7.22967
44	39	5	5.09097
52	53	5	4.81578
52	44	5	6.37562
49	58	5	1.02882
44	43	5	1.14713
51	55	5	0.703195
48	41	5	6.47434
60	53	5	7.44987
44	34	5	5.10905
46	44	5	2.24562
58	50	5	7.26349
65	35	5	9.46921
61	46	5	4.59141
66	53	5	3.17819
52	51	5	0.536112
59	57	5	3.59542
61	47	5	4.40361
64	62	5	2.40146
