cx	cy	r0	initAmp
38	65	5	3.90075
90	91	5	3.8513
96	86	5	3.67285
24	25	5	7.38821
70	31	5	1.66837
50	93	5	1.35845
2	74	5	8.52388
57	81	5	4.17114
85	66	5	6.32085
73	79	5	5.10423
27	16	5	2.44128
88	60	5	8.39395
97	5	5	5.77562
41	19	5	0.697877
31	46	5	8.17777
4	88	5	0.911702
84	99	5	3.65413
24	68	5	6.19282
73	67	5	3.91509
46	54	5	6.05252
