cx	cy	r0	initAmp
67	67	5	8.43254
75	69	5	9.80906
1	100	5	4.53198
71	1	5	2.43633
51	85	5	2.14727
27	100	5	8.41269
93	100	5	7.16604
54	13	5	8.4613
91	41	5	5.35372
55	17	5	0.519952
100	87	5	1.71434
3	1	5	2.35046
33	93	5	4.26234
53	49	5	8.37214
49	1	5	7.27957
100	22	5	2.41112
100	59	5	2.2163
1	1	5	5.59553
1	54	5	8.28138
41	1	5	4.85265
