cx	cy	r0	initAmp
57	71	5	6.49767
55	38	5	3.24259
82	27	5	0.260752
49	64	5	6.92774
40	64	5	7.8839
34	25	5	8.39334
29	36	5	2.5196
79	89	5	2.3802
43	94	5	7.45352
55	61	5	9.8627
55	67	5	2.44656
44	53	5	6.86165
47	50	5	6.55504
38	20	5	9.47217
74	44	5	2.55256
43	74	5	6.68866
15	37	5	6.60565
36	51	5	6.5641
60	30	5	7.29617
1	60	5	1.50601
