cx	cy	r0	initAmp
64	12	5	4.16057
21	37	5	3.55527
95	67	5	0.953002
82	55	5	1.75877
69	80	5	1.45632
28	75	5	2.21407
50	83	5	0.201411
17	6	5	9.82169
51	56	5	7.38922
47	41	5	5.82803
7	97	5	2.49825
33	11	5	7.90443
72	97	5	6.86527
26	92	5	2.86178
2	14	5	9.31955
54	61	5	0.852691
1	12	5	4.27683
97	51	5	0.762724
59	61	5	9.03495
84	33	5	3.37645
