cx	cy	r0	initAmp
38	61	5	9.49188
57	3	5	7.03726
92	16	5	5.18851
29	16	5	4.0479
88	22	5	2.68834
54	28	5	5.68934
91	14	5	2.32279
86	98	5	8.25138
44	49	5	4.10982
13	62	5	4.5788
59	5	5	1.26292
70	37	5	3.29569
91	96	5	8.99311
75	47	5	7.62719
32	74	5	4.29261
9	83	5	8.52131
9	92	5	1.35216
32	94	5	3.63038
82	95	5	5.45449
76	42	5	7.97467
