cx	cy	r0	initAmp
100	100	5	6.68413
100	100	5	4.06181
8	1	5	2.91486
65	1	5	8.47996
33	10	5	0.902558
13	51	5	0.749222
7	25	5	7.0352
100	100	5	4.91951
1	15	5	3.31602
13	88	5	4.22087
1	1	5	1.12619
47	25	5	3.6478
94	1	5	8.18991
1	100	5	6.88296
26	64	5	5.94674
74	37	5	8.74819
100	100	5	4.99081
1	2	5	3.45896
18	1	5	9.94353
100	1	5	7.15216
