cx	cy	r0	initAmp
65	100	5	0.450886
100	100	5	3.42315
86	57	5	4.58326
60	1	5	8.71589
87	31	5	2.1783
1	80	5	5.10073
100	68	5	0.460833
73	61	5	5.34706
100	69	5	8.4201
14	65	5	2.80467
69	6	5	2.27239
68	16	5	2.70343
92	57	5	7.2921
13	1	5	3.29705
26	77	5	6.09203
74	97	5	1.85336
1	100	5	2.81358
57	100	5	5.20861
85	62	5	7.97208
1	51	5	2.81386
