cx	cy	r0	initAmp
35	49	5	8.92014
26	62	5	9.50754
73	8	5	2.79075
35	73	5	9.39872
93	10	5	4.90318
92	72	5	5.00814
64	5	5	5.79209
34	54	5	8.04
29	28	5	8.96038
93	100	5	5.92314
68	29	5	2.68506
78	31	5	9.93548
87	88	5	6.91795
1	37	5	5.61244
76	41	5	7.71395
95	43	5	6.52339
46	66	5	5.93264
8	77	5	9.6195
1	62	5	1.24149
28	53	5	8.16753
