cx	cy	r0	initAmp
86	26	5	8.32524
44	76	5	1.874
30	46	5	5.7018
23	2	5	8.25828
83	69	5	2.05602
87	52	5	3.06697
59	41	5	8.53358
23	11	5	2.85282
44	85	5	2.91356
79	86	5	0.709909
42	20	5	1.97832
55	24	5	6.85102
33	35	5	2.21889
83	51	5	0.157447
91	41	5	3.72481
29	38	5	9.12963
2	55	5	8.96978
85	32	5	6.56842
18	67	5	1.79261
6	86	5	3.36786
