cx	cy	r0	initAmp
57	43	5	5.06098
40	51	5	2.04467
63	37	5	7.09154
38	39	5	3.56606
50	41	5	6.79583
56	49	5	9.74591
42	51	5	3.54726
49	41	5	6.58572
55	58	5	7.4914
51	49	5	8.79833
42	55	5	9.33959
56	60	5	5.07124
61	56	5	3.01733
44	47	5	2.50476
55	50	5	4.91621
50	48	5	1.49048
40	46	5	5.63668
48	51	5	0.142089
53	37	5	7.16409
48	46	5	3.18982
