cx	cy	r0	initAmp
19	1	5	3.11843
100	100	5	7.50147
19	57	5	5.08726
79	1	5	6.20884
99	13	5	1.82654
60	57	5	5.36723
49	52	5	9.74368
100	45	5	0.709281
57	100	5	9.78805
82	97	5	0.585341
3	55	5	8.89037
100	1	5	2.905
55	100	5	7.03473
1	77	5	5.08465
100	100	5	7.84917
1	100	5	1.42405
32	1	5	0.297797
100	18	5	6.67017
51	98	5	2.59007
37	9	5	8.94869
