cx	cy	r0	initAmp
30	99	5	3.94043
47	45	5	9.11686
42	11	5	1.7255
82	1	5	3.47985
11	100	5	8.38794
30	12	5	2.84371
1	11	5	6.09829
67	23	5	4.54032
100	1	5	4.49182
1	89	5	2.02391
31	69	5	0.922858
62	100	5	7.51466
60	1	5	8.87625
81	100	5	8.12113
1	27	5	8.11301
29	39	5	4.54463
27	5	5	8.81801
5	40	5	7.3633
17	2	5	8.10565
1	77	5	2.47725
