cx	cy	r0	initAmp
80	63	5	3.1345
80	72	5	0.678739
2	50	5	6.96141
40	100	5	4.06227
71	44	5	8.57838
12	28	5	8.90822
31	86	5	1.2126
1	43	5	8.16132
98	2	5	3.44808
24	100	5	6.87737
100	21	5	4.46721
72	58	5	8.68975
32	74	5	6.73309
50	85	5	4.57718
83	64	5	7.33072
62	61	5	8.46318
2	66	5	9.26342
100	86	5	1.33771
19	61	5	3.47415
15	17	5	6.70314
