cx	cy	r0	initAmp
25	2	5	2.54169
9	61	5	5.7416
26	99	5	5.17524
95	70	5	0.696656
76	71	5	6.7681
74	32	5	9.47656
84	68	5	7.79319
82	51	5	2.55608
29	14	5	3.11453
80	26	5	8.22093
66	6	5	6.83561
11	63	5	5.03135
50	23	5	6.76329
96	50	5	4.54318
12	51	5	5.00718
96	35	5	8.88139
52	30	5	5.65322
84	51	5	5.95377
66	1	5	2.14851
83	90	5	9.94849
