cx	cy	r0	initAmp
45	48	5	6.58555
15	18	5	6.4291
1	1	5	4.83501
29	13	5	5.04631
38	10	5	3.26217
44	36	5	1.80774
74	100	5	2.6814
43	3	5	7.25892
8	68	5	5.49128
55	19	5	5.82811
30	66	5	8.97807
94	45	5	4.17569
1	1	5	3.37409
2	94	5	7.38215
25	89	5	4.3507
79	15	5	0.12727
61	63	5	2.85705
60	66	5	5.32307
76	100	5	0.823456
1	82	5	6.90732
