cx	cy	r0	initAmp
53	40	5	3.34616
38	53	5	2.53636
1	35	5	4.51328
83	21	5	7.97086
99	44	5	4.02863
52	38	5	0.736073
1	3	5	7.29215
100	76	5	3.97228
100	1	5	5.73724
1	100	5	3.04355
88	100	5	1.17182
18	100	5	3.26368
1	1	5	0.690141
46	35	5	6.12798
16	62	5	9.753
39	39	5	6.937
42	88	5	7.54192
3	34	5	8.67192
36	40	5	7.52288
15	7	5	4.40644
