cx	cy	r0	initAmp
22	4	5	9.39929
42	13	5	3.11754
98	24	5	0.230026
9	65	5	2.49096
48	24	5	2.10983
99	97	5	2.02627
20	15	5	6.70997
92	5	5	7.42245
56	48	5	8.54552
79	69	5	0.843488
31	88	5	1.6996
40	69	5	9.75912
30	53	5	0.0239717
90	47	5	4.57669
5	26	5	0.504259
45	51	5	6.51821
57	58	5	9.96299
37	50	5	4.63183
70	21	5	3.72138
93	46	5	6.61873
