cx	cy	r0	initAmp
46	91	5	0.449428
89	49	5	8.30319
71	7	5	5.28257
57	95	5	4.20938
91	32	5	4.45323
31	100	5	4.43422
47	17	5	3.72011
74	81	5	3.39292
18	42	5	5.63916
48	65	5	8.23955
97	74	5	0.825212
36	92	5	8.44706
88	28	5	1.67385
9	13	5	4.53925
42	42	5	1.21523
95	27	5	8.42789
21	74	5	6.64663
53	33	5	8.72352
23	11	5	3.87445
61	42	5	6.54944
