cx	cy	r0	initAmp
6	50	5	3.93331
65	95	5	0.813506
74	7	5	6.36348
95	20	5	7.00289
11	62	5	6.8358
51	7	5	3.20776
89	100	5	3.55267
85	32	5	0.565097
91	91	5	7.42218
46	41	5	1.56872
28	62	5	2.57996
11	92	5	6.91574
91	44	5	3.32302
10	5	5	3.68372
69	2	5	7.5667
76	3	5	3.53445
53	35	5	0.724202
80	81	5	2.10245
16	69	5	0.0520248
39	3	5	5.03382
