cx	cy	r0	initAmp
37	19	5	6.89655
64	3	5	0.797724
4	21	5	5.00087
70	34	5	8.81151
94	48	5	4.19842
95	97	5	5.12098
39	92	5	0.723653
8	30	5	4.1038
49	3	5	9.52967
58	1	5	5.04396
61	2	5	6.85946
70	8	5	6.40293
3	22	5	2.17502
98	44	5	4.65193
1	67	5	0.158269
50	49	5	8.88269
16	27	5	4.95594
77	4	5	8.72336
29	14	5	5.27134
19	39	5	2.49369
