cx	cy	r0	initAmp
78	63	5	4.13896
12	11	5	1.16271
58	8	5	4.51487
51	74	5	7.86641
10	37	5	7.38904
46	83	5	4.42017
3	33	5	1.04629
6	4	5	7.17483
9	100	5	4.67881
70	43	5	3.61249
47	67	5	0.117851
45	59	5	6.74376
33	56	5	7.54452
4	32	5	2.58451
10	68	5	9.56511
25	63	5	2.25738
94	6	5	2.28761
88	18	5	1.97339
6	57	5	3.13225
87	75	5	0.875281
