cx	cy	r0	initAmp
10	53	5	7.46072
53	5	5	9.36092
95	96	5	5.22018
9	81	5	3.29786
26	92	5	8.74348
58	8	5	0.21109
83	62	5	8.16386
66	45	5	8.66685
64	81	5	9.15976
79	66	5	2.12658
89	39	5	1.1333
88	45	5	9.01866
87	77	5	0.4343
17	69	5	4.15978
31	77	5	2.00633
36	80	5	5.88304
47	6	5	2.66963
36	9	5	1.45799
99	85	5	0.18539
36	60	5	2.18562
