cx	cy	r0	initAmp
100	51	5	2.88357
20	40	5	7.66805
21	30	5	6.87798
18	66	5	4.46232
7	86	5	8.41449
73	10	5	7.26216
76	61	5	5.07029
26	67	5	2.3053
50	54	5	3.54369
93	53	5	8.99156
12	69	5	8.71944
87	68	5	2.26372
18	39	5	9.71895
34	68	5	1.57591
18	58	5	3.56463
90	51	5	4.0238
94	30	5	6.31761
8	42	5	9.96242
97	49	5	5.68097
42	30	5	5.78986
