cx	cy	r0	initAmp
25	57	5	3.66067
92	51	5	4.17295
73	86	5	6.27654
27	12	5	9.88707
19	58	5	1.15223
50	45	5	0.344276
49	21	5	9.39609
99	1	5	8.97476
18	72	5	4.16964
90	25	5	3.11326
51	34	5	0.759112
87	75	5	5.68269
80	99	5	6.18156
69	42	5	2.35287
73	87	5	0.372502
52	92	5	9.066
4	16	5	8.23274
71	1	5	0.512471
51	54	5	5.81015
32	9	5	9.99778
