cx	cy	r0	initAmp
55	93	5	8.47444
26	45	5	3.10753
14	6	5	3.17537
22	16	5	8.00952
32	4	5	0.27565
82	23	5	5.38351
24	61	5	7.13429
96	25	5	8.48106
91	74	5	0.975542
13	20	5	9.24106
20	41	5	9.23064
69	29	5	3.16177
36	93	5	1.56006
11	77	5	6.31296
65	15	5	9.54065
93	11	5	7.03796
22	64	5	0.470848
98	45	5	1.59451
17	68	5	4.15348
6	86	5	4.76919
