cx	cy	r0	initAmp
40	40	5	9.04872
50	55	5	6.74979
70	65	5	8.55011
21	41	5	3.25636
19	83	5	9.83709
20	68	5	0.979117
52	90	5	8.14996
12	16	5	8.21248
30	70	5	4.06685
1	7	5	6.64464
86	91	5	4.41027
92	71	5	2.62294
77	34	5	7.18937
42	54	5	7.9803
61	68	5	0.866875
98	37	5	5.90369
91	70	5	3.80887
71	93	5	1.49403
89	37	5	3.33971
83	36	5	6.16657
