cx	cy	r0	initAmp
14	63	5	6.60652
64	38	5	5.29151
23	8	5	0.875634
47	40	5	5.67993
87	7	5	3.91512
45	89	5	8.92033
31	73	5	0.73207
33	30	5	6.56538
76	86	5	0.835386
15	2	5	2.5474
90	73	5	9.37772
32	28	5	8.51839
24	74	5	4.72371
32	73	5	3.75307
50	74	5	7.21593
3	55	5	6.27964
45	44	5	5.08061
77	77	5	5.64712
12	48	5	8.77227
62	65	5	9.32205
