cx	cy	r0	initAmp
51	82	5	1.04856
6	98	5	5.25416
63	94	5	2.84066
14	32	5	6.58453
14	49	5	9.89523
79	39	5	6.44251
51	88	5	3.03101
42	37	5	1.41395
58	39	5	4.88099
49	4	5	1.67418
34	64	5	2.77106
15	1	5	0.979823
90	20	5	9.30415
9	89	5	4.86878
85	1	5	7.20688
53	11	5	1.92273
56	63	5	2.10032
85	100	5	2.44598
16	57	5	1.752
30	49	5	3.6713
