cx	cy	r0	initAmp
13	83	5	5.12852
66	96	5	4.242
60	80	5	3.16892
37	58	5	4.29051
74	68	5	5.28904
81	21	5	3.35704
98	52	5	8.47043
27	27	5	5.28143
30	14	5	3.61551
29	63	5	2.2064
96	74	5	7.82405
25	86	5	0.893975
1	65	5	0.651911
93	44	5	2.77192
86	92	5	2.41564
20	38	5	0.450216
29	30	5	4.19808
53	3	5	0.842914
43	57	5	4.30399
38	6	5	2.94723
