cx	cy	r0	initAmp
69	93	5	0.895202
58	14	5	2.9342
5	23	5	2.69945
18	52	5	2.01502
51	18	5	0.664886
41	7	5	7.79838
76	81	5	8.11501
52	18	5	9.97401
99	34	5	0.258465
98	65	5	0.993743
36	41	5	8.22454
10	76	5	8.12395
88	7	5	7.1028
60	87	5	9.68949
64	34	5	1.92776
24	93	5	5.27137
44	90	5	0.786495
59	37	5	9.52001
45	84	5	9.54794
64	5	5	4.98579
