cx	cy	r0	initAmp
10	61	5	8.96684
71	89	5	1.72344
53	66	5	7.64217
59	35	5	4.21688
61	73	5	9.01348
77	51	5	9.6369
42	52	5	8.92209
68	86	5	1.26051
8	99	5	2.61225
50	53	5	7.98766
43	27	5	6.1312
17	90	5	3.66866
99	45	5	2.68579
26	99	5	7.30199
42	12	5	0.848159
80	38	5	1.21866
68	45	5	2.12467
67	52	5	0.675244
78	99	5	1.04477
100	73	5	2.04618
