cx	cy	r0	initAmp
46	36	5	5.46483
95	81	5	1.79112
60	66	5	1.34328
52	26	5	0.562127
64	83	5	7.91192
74	74	5	3.2276
17	28	5	9.12405
33	4	5	3.40758
74	47	5	3.20539
32	76	5	6.38742
59	46	5	6.5227
37	10	5	7.0309
55	79	5	7.40111
69	49	5	0.599479
2	40	5	7.9199
43	30	5	7.96767
85	39	5	7.92359
55	80	5	3.85224
51	10	5	9.60052
81	78	5	2.91798
