cx	cy	r0	initAmp
76	79	5	9.89287
28	59	5	2.63274
70	6	5	2.77719
98	19	5	1.24982
78	24	5	5.45162
84	38	5	0.363087
16	15	5	3.95983
62	11	5	0.717787
80	79	5	9.99213
58	20	5	2.13695
21	39	5	1.51288
43	38	5	2.78871
90	89	5	9.64446
50	99	5	0.24758
46	66	5	1.16359
80	54	5	8.47931
79	83	5	5.72283
21	42	5	8.41969
22	49	5	8.75001
99	58	5	6.39127
