cx	cy	r0	initAmp
92	5	5	9.76023
53	89	5	9.50872
5	9	5	3.27166
43	76	5	5.00744
72	77	5	3.9553
16	57	5	4.80186
6	19	5	7.11509
70	6	5	6.18996
88	66	5	5.71039
18	98	5	5.15447
3	69	5	4.45666
60	97	5	4.11921
80	85	5	1.26499
22	22	5	6.90697
48	14	5	1.79315
36	35	5	9.84274
63	51	5	8.23782
49	29	5	4.45724
68	53	5	9.08591
28	37	5	3.31804
