cx	cy	r0	initAmp
30	100	5	3.64804
54	42	5	6.91627
23	36	5	8.19514
38	61	5	9.32909
60	32	5	6.84787
90	84	5	1.36395
61	73	5	5.14851
43	7	5	7.42154
8	18	5	8.12883
96	64	5	2.42123
14	46	5	1.09573
97	96	5	5.83123
85	66	5	3.29413
98	66	5	2.57141
16	7	5	5.01996
83	32	5	9.772
94	87	5	5.28818
32	10	5	8.97794
52	94	5	0.414435
56	81	5	1.0259
