cx	cy	r0	initAmp
28	99	5	7.97456
2	19	5	4.99612
16	29	5	6.09707
4	18	5	7.61784
86	34	5	1.28966
44	8	5	8.28224
38	13	5	7.87979
67	2	5	7.22217
45	72	5	9.3763
85	61	5	2.78077
16	53	5	9.87301
21	53	5	3.21943
70	27	5	3.49941
93	98	5	2.52555
97	56	5	1.83442
53	75	5	0.593402
54	9	5	3.34148
42	75	5	4.15141
81	22	5	8.19237
62	53	5	1.61764
