cx	cy	r0	initAmp
72	42	5	6.13362
5	62	5	6.60972
95	33	5	9.28622
69	59	5	4.87346
59	40	5	6.38179
15	3	5	1.85094
95	44	5	2.50654
34	42	5	4.46628
63	63	5	9.72624
46	51	5	4.67703
24	17	5	4.0747
4	67	5	7.86092
15	14	5	3.71535
82	17	5	2.20143
66	23	5	3.07847
55	9	5	2.86184
5	5	5	1.47343
47	3	5	7.42969
89	44	5	7.94321
48	81	5	3.2902
