cx	cy	r0	initAmp
84	27	5	8.03938
71	72	5	8.549
79	35	5	4.10695
68	49	5	2.33613
71	78	5	5.61607
34	70	5	1.43967
77	81	5	3.16977
92	77	5	5.31131
40	36	5	3.81786
75	38	5	1.08013
25	85	5	9.12371
80	78	5	2.97793
31	78	5	0.180581
69	1	5	4.1961
26	64	5	3.1847
68	66	5	0.0911712
17	6	5	7.90027
33	60	5	4.12312
32	63	5	2.62466
3	86	5	6.58277
