cx	cy	r0	initAmp
71	48	5	4.04871
36	11	5	6.7583
49	1	5	8.71159
53	53	5	9.41728
50	16	5	1.81433
52	29	5	1.0752
76	76	5	5.84087
99	40	5	8.6848
50	59	5	5.76041
40	72	5	9.88378
34	95	5	2.7802
58	66	5	2.10135
15	14	5	0.607198
71	23	5	8.2752
46	11	5	0.0942142
58	98	5	7.88354
43	67	5	4.94128
52	82	5	1.25235
53	99	5	2.07338
80	21	5	1.87969
