cx	cy	r0	initAmp
50	55	5	7.8625
59	11	5	9.85622
61	67	5	9.68437
15	24	5	8.32508
30	43	5	1.02858
72	60	5	8.34457
93	12	5	1.21887
30	72	5	6.10535
91	43	5	4.18062
5	38	5	1.15429
3	26	5	2.09251
33	45	5	2.7561
94	12	5	2.71499
57	97	5	1.11306
92	22	5	2.50835
58	81	5	9.19388
87	42	5	2.36456
78	48	5	9.63549
78	20	5	3.04324
11	77	5	3.91383
