cx	cy	r0	initAmp
88	1	5	1.69284
29	20	5	8.90588
60	91	5	0.419641
65	100	5	0.489748
61	31	5	1.58697
62	13	5	2.44277
51	2	5	1.33446
17	53	5	9.29362
4	60	5	4.25813
91	34	5	6.43449
14	1	5	7.02766
32	60	5	8.58363
78	25	5	3.62604
64	98	5	8.23676
7	20	5	1.77613
49	10	5	6.17234
77	40	5	0.104877
64	79	5	6.20212
24	24	5	2.07525
81	47	5	4.3925
