cx	cy	r0	initAmp
51	72	5	5.31582
8	86	5	2.9724
21	49	5	1.14974
49	10	5	4.82634
49	44	5	7.08507
95	97	5	1.34895
21	42	5	1.3568
23	84	5	0.338263
28	78	5	9.05653
15	46	5	5.61192
58	37	5	6.95435
54	97	5	2.95893
41	7	5	8.87247
1	45	5	6.78088
38	58	5	8.05737
31	12	5	7.31148
22	22	5	7.68945
88	34	5	9.19207
19	62	5	6.89495
46	95	5	6.53715
