cx	cy	r0	initAmp
67	27	5	8.1607
33	17	5	5.98444
20	32	5	3.54347
87	93	5	4.10441
79	59	5	5.84369
16	60	5	0.49254
53	5	5	0.765487
97	84	5	7.36714
6	64	5	3.13153
94	99	5	7.05568
38	94	5	6.24544
13	13	5	4.91564
38	53	5	7.14746
18	94	5	8.74646
4	5	5	5.46564
63	38	5	8.49728
100	94	5	4.42912
73	58	5	3.04303
5	89	5	9.6803
77	82	5	4.97092
