cx	cy	r0	initAmp
20	99	5	9.67215
15	84	5	0.26209
46	19	5	9.01128
27	77	5	4.45065
79	69	5	8.70425
52	95	5	2.49949
9	73	5	3.61107
30	81	5	4.88839
44	79	5	0.53262
82	5	5	9.58862
57	2	5	0.74086
34	98	5	9.48707
28	35	5	4.48326
91	9	5	3.89259
25	2	5	1.50207
93	33	5	8.56658
39	92	5	0.412044
28	4	5	3.97155
39	64	5	8.82203
13	72	5	3.69356
