cx	cy	r0	initAmp
91	52	5	3.04484
40	58	5	1.4766
63	30	5	5.73819
64	84	5	8.63557
89	53	5	3.23299
30	11	5	2.75649
71	28	5	6.82187
91	5	5	1.91406
89	51	5	5.81024
41	48	5	8.62558
46	91	5	2.34527
27	95	5	2.89852
17	71	5	3.82854
89	85	5	3.49604
15	93	5	3.28794
99	82	5	9.40175
4	85	5	0.380261
52	80	5	7.76845
21	18	5	3.84645
89	29	5	7.16724
