cx	cy	r0	initAmp
41	38	5	2.78496
67	62	5	7.11536
1	86	5	2.95441
72	31	5	3.36122
37	7	5	4.90943
54	48	5	5.4099
56	61	5	9.54986
50	13	5	4.3164
73	72	5	6.22806
48	30	5	4.77122
68	32	5	1.27526
36	65	5	9.81803
29	100	5	1.9761
81	70	5	2.40109
19	89	5	8.80774
79	97	5	1.17717
67	62	5	5.23472
93	66	5	7.50792
32	71	5	5.0223
99	29	5	1.46185
