cx	cy	r0	initAmp
35	35	5	7.51246
97	88	5	6.03881
83	32	5	0.390162
29	17	5	4.65586
78	46	5	3.74332
79	55	5	8.76863
82	10	5	7.96466
22	26	5	6.59757
6	6	5	5.84166
93	35	5	3.67947
68	85	5	9.50177
41	52	5	4.63879
46	31	5	6.37581
18	1	5	9.02945
36	60	5	8.67852
15	19	5	9.04396
59	72	5	0.303212
26	83	5	0.3678
54	55	5	7.32373
14	53	5	6.84183
