cx	cy	r0	initAmp
5	69	5	8.39858
41	18	5	7.46097
49	20	5	3.6722
94	75	5	9.91126
49	20	5	0.962567
39	1	5	4.0451
24	66	5	0.337665
79	44	5	8.92202
37	95	5	5.92689
1	82	5	4.08878
42	78	5	0.773826
32	21	5	8.40595
38	59	5	6.69352
45	68	5	4.52864
59	22	5	8.58604
68	89	5	5.50789
88	53	5	0.827347
98	75	5	4.37642
84	58	5	9.49173
53	42	5	2.31719
