cx	cy	r0	initAmp
20	88	5	5.3583
53	71	5	1.78605
51	94	5	0.308047
90	53	5	6.01363
36	31	5	6.46275
71	58	5	3.4745
69	90	5	4.45429
92	76	5	3.4832
48	78	5	1.79481
62	77	5	2.02632
43	30	5	9.59851
88	92	5	3.13943
23	36	5	6.84839
32	100	5	0.746604
15	60	5	9.60987
59	13	5	0.400299
72	55	5	9.35176
41	35	5	4.66834
89	80	5	7.07497
14	58	5	3.29626
