cx	cy	r0	initAmp
60	23	5	3.66093
53	37	5	6.70044
25	46	5	2.65832
34	17	5	8.52114
85	93	5	4.13042
66	25	5	9.41126
74	85	5	5.10522
52	17	5	0.0358715
91	68	5	8.38006
99	33	5	5.93604
78	49	5	0.0517337
92	24	5	2.9932
41	51	5	7.4763
76	2	5	4.12856
56	4	5	2.64922
47	14	5	6.30088
95	47	5	2.97317
95	39	5	7.6885
80	64	5	0.909091
45	42	5	8.41904
