cx	cy	r0	initAmp
11	16	5	4.95844
50	85	5	4.88104
64	61	5	4.50621
52	39	5	0.266986
63	32	5	5.39545
76	52	5	2.66411
64	17	5	6.50993
99	65	5	5.37825
48	21	5	2.97765
36	68	5	3.2701
90	55	5	2.55782
71	72	5	4.03414
41	8	5	9.77785
83	9	5	3.97608
95	80	5	3.28547
11	50	5	2.58713
93	68	5	9.82649
71	52	5	3.40234
44	37	5	2.73818
8	16	5	2.5706
