cx	cy	r0	initAmp
57	40	5	1.38776
3	82	5	2.51731
51	66	5	9.74789
75	60	5	2.73818
11	82	5	6.42048
100	87	5	7.97323
71	94	5	1.8912
69	77	5	4.36252
39	95	5	0.12975
41	39	5	8.01362
39	36	5	7.1873
36	12	5	8.95902
64	89	5	3.01877
62	85	5	0.132271
60	87	5	6.13779
6	20	5	3.30977
65	96	5	3.27179
51	51	5	3.06935
33	21	5	6.26655
62	75	5	4.41255
