cx	cy	r0	initAmp
43	67	5	0.606587
38	10	5	3.43396
86	56	5	9.97795
50	32	5	5.10265
55	58	5	9.73824
70	83	5	1.93444
21	4	5	0.430809
8	51	5	9.93712
37	65	5	6.18814
88	81	5	2.44824
46	92	5	4.45155
44	45	5	3.52808
18	36	5	4.36732
19	19	5	3.56177
48	16	5	5.84723
82	36	5	7.21584
36	99	5	5.69564
88	38	5	3.04699
65	90	5	4.1932
86	93	5	5.12764
