cx	cy	r0	initAmp
77	91	5	9.71672
18	5	5	4.13671
32	48	5	6.22565
81	92	5	8.76981
58	4	5	0.290387
77	79	5	5.65903
96	85	5	9.30198
76	98	5	6.43009
45	61	5	9.6168
53	8	5	6.35379
61	62	5	0.701578
58	22	5	2.58754
96	93	5	1.48834
43	59	5	1.56755
24	99	5	0.27479
96	53	5	2.70568
10	62	5	4.34617
91	40	5	1.46604
92	66	5	8.17406
60	1	5	8.3255
