cx	cy	r0	initAmp
5	100	5	1.21944
36	78	5	3.26375
91	24	5	7.74543
41	32	5	8.98108
27	76	5	1.73491
11	9	5	4.56977
41	28	5	7.4183
2	60	5	4.97832
52	14	5	1.99792
85	52	5	2.02109
17	20	5	1.23259
53	52	5	1.54664
71	20	5	9.62966
4	46	5	5.19103
35	2	5	3.88567
81	52	5	2.40011
74	83	5	7.29618
67	100	5	4.54668
14	52	5	3.42507
19	7	5	8.32132
