cx	cy	r0	initAmp
89	58	5	2.39432
98	86	5	6.3012
87	13	5	5.0209
84	90	5	0.779599
91	60	5	6.66441
87	60	5	1.23537
48	21	5	8.59497
45	27	5	9.98178
61	94	5	0.663733
7	72	5	2.13161
42	72	5	0.890721
91	31	5	1.4306
12	9	5	7.16375
92	57	5	6.36371
20	71	5	2.07647
17	31	5	6.17751
96	73	5	9.94964
98	46	5	6.34588
76	4	5	7.93519
90	86	5	4.7419
