cx	cy	r0	initAmp
12	32	5	3.99109
66	78	5	7.1386
38	61	5	7.92442
62	42	5	8.94872
68	34	5	2.2055
69	3	5	0.129734
96	9	5	7.60821
64	86	5	1.82662
52	50	5	7.93555
9	25	5	9.50753
39	77	5	0.0388381
30	55	5	8.98283
14	39	5	8.86399
2	65	5	9.8694
42	18	5	8.58871
50	71	5	2.90207
3	5	5	8.92655
56	60	5	4.86967
8	21	5	4.91399
41	25	5	9.06184
