cx	cy	r0	initAmp
86	74	5	4.62318
47	98	5	3.8093
48	17	5	5.8213
38	75	5	5.48242
52	78	5	3.4269
25	59	5	2.7014
47	69	5	7.0893
39	72	5	3.73915
61	13	5	2.66781
66	72	5	6.00172
100	75	5	1.52533
6	90	5	7.48212
38	74	5	9.71601
86	5	5	4.50856
67	18	5	5.77743
36	61	5	8.78924
62	89	5	3.26989
10	48	5	6.96706
41	16	5	3.95781
61	47	5	5.03912
