cx	cy	r0	initAmp
79	78	5	0.35343
91	11	5	7.97102
23	1	5	4.08565
84	34	5	9.45692
96	85	5	5.03155
85	1	5	2.20558
25	88	5	7.79986
78	40	5	1.92659
88	67	5	5.52995
3	12	5	2.76344
11	8	5	8.87773
85	85	5	3.59248
2	9	5	2.96569
16	72	5	5.79023
24	65	5	5.51609
57	27	5	6.98812
9	90	5	2.29669
53	16	5	7.28719
69	4	5	6.53696
29	36	5	1.18022
