cx	cy	r0	initAmp
17	41	5	8.33208
31	61	5	3.60825
18	77	5	3.7036
3	75	5	5.62124
1	1	5	9.43184
97	41	5	6.50047
24	66	5	0.567141
39	64	5	8.38726
96	51	5	8.33963
100	60	5	1.88604
16	63	5	1.04046
3	89	5	5.80571
62	47	5	2.16935
90	26	5	8.03554
93	26	5	4.14557
4	79	5	8.18951
63	72	5	3.58839
95	78	5	5.7986
69	75	5	9.07645
76	9	5	5.36275
