cx	cy	r0	initAmp
76	27	5	2.13146
100	99	5	3.85861
97	67	5	3.2175
82	34	5	8.82088
39	81	5	4.6284
21	20	5	3.98944
81	74	5	6.10491
8	97	5	3.33251
73	82	5	7.87602
60	50	5	7.23334
84	40	5	4.43922
40	9	5	8.81661
66	41	5	9.96812
60	67	5	8.1208
6	58	5	1.2397
65	63	5	0.102076
77	100	5	6.12967
6	92	5	6.12587
18	68	5	3.37176
6	45	5	7.17461
