cx	cy	r0	initAmp
9	30	5	8.6936
95	30	5	0.100394
76	91	5	0.559634
48	49	5	4.84078
16	81	5	9.13574
50	26	5	1.13642
37	94	5	0.813413
55	84	5	5.07538
15	4	5	6.18804
60	88	5	7.05877
52	53	5	3.15489
57	18	5	1.52556
43	82	5	2.76076
33	5	5	1.92758
45	93	5	8.65172
43	38	5	8.1884
40	67	5	0.371088
18	13	5	2.26935
38	10	5	8.45436
78	98	5	9.64124
