cx	cy	r0	initAmp
60	64	5	6.0454
75	59	5	7.9995
17	66	5	0.758502
85	65	5	8.45977
70	49	5	0.139339
26	8	5	4.409
56	87	5	4.64905
51	88	5	8.98346
54	91	5	7.45851
31	61	5	3.53948
35	59	5	2.94373
43	86	5	2.65611
93	5	5	1.31549
78	26	5	1.54712
45	26	5	0.447052
19	83	5	2.15441
47	56	5	3.26056
80	3	5	3.59303
81	89	5	4.06494
98	94	5	3.86854
