cx	cy	r0	initAmp
1	75	5	0.813858
50	30	5	0.42451
12	30	5	2.96796
5	76	5	3.63704
69	2	5	4.90255
49	53	5	6.68519
90	87	5	6.73415
65	39	5	5.72101
90	22	5	0.805922
73	48	5	8.98331
84	57	5	0.383885
83	35	5	7.82194
84	98	5	0.366564
96	4	5	2.67184
37	80	5	2.05224
50	36	5	2.58894
34	75	5	9.32615
62	92	5	0.0812491
98	38	5	4.03473
10	97	5	8.94102
