cx	cy	r0	initAmp
6	57	5	1.92503
23	18	5	5.28241
28	13	5	0.870481
51	73	5	4.51748
60	25	5	0.623505
53	69	5	2.58685
75	77	5	5.59342
2	61	5	4.11133
95	91	5	7.62486
47	18	5	1.78085
67	14	5	8.5887
35	80	5	9.46981
37	19	5	5.44685
89	72	5	4.10268
73	96	5	4.34858
56	84	5	9.57541
3	48	5	8.82824
28	99	5	5.13728
72	98	5	0.410042
91	25	5	9.07769
