cx	cy	r0	initAmp
33	56	5	8.64592
12	64	5	5.98918
1	99	5	3.6421
87	23	5	1.49459
79	91	5	2.98223
21	15	5	6.99427
31	72	5	5.03412
29	25	5	3.84862
21	42	5	8.47017
13	51	5	4.09784
54	51	5	5.8996
77	54	5	9.11724
73	6	5	3.36792
54	30	5	4.82042
46	64	5	2.95872
90	24	5	4.31224
18	6	5	0.564302
16	47	5	8.29788
55	59	5	9.03564
56	16	5	8.52099
