cx	cy	r0	initAmp
36	66	5	5.24345
31	78	5	0.63779
28	95	5	1.15168
83	68	5	4.13671
49	86	5	7.80953
72	42	5	4.56322
8	20	5	3.47163
79	68	5	5.78189
55	18	5	9.29614
16	15	5	8.0533
61	86	5	6.71768
31	62	5	1.43851
14	19	5	5.17047
4	61	5	6.1951
96	63	5	4.92857
43	24	5	8.77121
90	24	5	1.31433
70	16	5	8.24361
29	91	5	2.90592
63	73	5	6.63701
