cx	cy	r0	initAmp
81	38	5	0.649831
4	75	5	8.09218
48	73	5	0.424528
6	2	5	1.52849
85	34	5	7.17701
32	62	5	1.8026
2	8	5	8.75856
4	38	5	8.19995
99	86	5	8.93778
42	16	5	1.65157
86	32	5	6.2046
67	91	5	1.94993
100	17	5	5.05128
95	57	5	1.02151
95	83	5	9.77233
48	74	5	4.46667
10	62	5	8.4512
46	56	5	9.932
55	98	5	6.09877
41	97	5	4.91149
