cx	cy	r0	initAmp
83	31	5	7.53312
76	60	5	7.54743
86	93	5	5.6441
49	54	5	0.983813
76	10	5	1.09248
49	3	5	8.49889
24	68	5	9.05982
49	64	5	3.87416
96	8	5	9.90348
73	49	5	1.97009
49	40	5	0.607362
39	36	5	2.1934
57	13	5	8.18793
37	42	5	1.51706
15	74	5	7.9573
66	30	5	1.76709
3	90	5	9.70735
12	8	5	8.23843
58	71	5	4.76727
37	43	5	4.52889
