cx	cy	r0	initAmp
99	84	5	8.39074
17	29	5	0.310222
79	49	5	4.68797
7	72	5	5.20657
5	38	5	6.78958
66	9	5	3.12087
27	43	5	5.91444
60	15	5	7.14962
16	81	5	1.11306
55	25	5	4.70922
92	54	5	0.991569
49	42	5	5.29263
76	46	5	9.14583
71	67	5	7.88258
43	60	5	9.47851
92	60	5	4.13503
28	69	5	6.51262
16	43	5	6.83325
81	12	5	6.05417
92	33	5	5.54274
