cx	cy	r0	initAmp
57	96	5	1.93845
43	64	5	0.140261
72	81	5	1.80997
32	80	5	5.60535
83	66	5	5.40235
56	71	5	4.05218
51	2	5	9.54693
33	90	5	2.56097
85	22	5	8.43185
10	36	5	1.37345
32	57	5	9.09845
61	59	5	6.34548
41	64	5	9.02954
27	55	5	9.45532
64	79	5	2.6644
2	16	5	8.30978
57	68	5	4.67723
10	29	5	4.52145
40	91	5	2.07449
99	58	5	8.80125
