cx	cy	r0	initAmp
88	60	5	5.84507
28	81	5	2.04278
77	61	5	4.18106
34	53	5	9.71785
80	52	5	1.07206
43	99	5	5.17689
66	78	5	9.77417
56	90	5	7.73826
11	82	5	5.83399
49	42	5	1.31647
82	38	5	3.59123
25	56	5	6.6716
90	61	5	6.62063
4	15	5	8.08976
2	90	5	8.28066
84	40	5	5.37546
18	57	5	6.62026
62	89	5	7.23772
19	39	5	7.42502
55	33	5	5.65684
