cx	cy	r0	initAmp
39	7	5	9.04704
84	82	5	9.22912
94	18	5	6.56157
34	93	5	2.25429
89	60	5	3.61683
77	84	5	7.07812
23	64	5	1.19512
74	5	5	2.27397
40	36	5	2.18348
83	37	5	2.24882
29	46	5	2.73426
21	87	5	8.7744
86	41	5	1.0385
26	84	5	9.13973
63	48	5	8.07052
65	96	5	8.51257
40	50	5	5.43724
74	93	5	0.184229
93	73	5	3.6858
7	89	5	2.88837
