cx	cy	r0	initAmp
75	38	5	7.09887
11	93	5	2.07912
38	4	5	3.53015
94	71	5	8.29904
84	24	5	2.03944
47	81	5	6.97443
73	63	5	4.25951
12	90	5	4.84679
49	17	5	5.79583
89	86	5	9.44283
54	72	5	2.76209
25	67	5	7.51953
80	30	5	6.57088
54	74	5	9.70192
51	46	5	2.21486
12	55	5	7.9314
30	91	5	2.87395
8	36	5	2.03143
22	11	5	4.74956
88	56	5	3.67222
