cx	cy	r0	initAmp
79	2	5	6.12556
83	4	5	8.5677
62	41	5	7.16536
93	49	5	3.48962
74	76	5	7.75167
43	69	5	6.90111
33	18	5	9.04842
96	26	5	0.167799
67	10	5	2.25963
73	44	5	6.44193
3	37	5	9.3136
24	23	5	4.95338
63	42	5	7.66213
44	75	5	6.83195
56	85	5	8.62699
76	17	5	8.18278
76	85	5	7.83091
39	49	5	8.1401
37	22	5	6.71642
16	71	5	8.22815
