cx	cy	r0	initAmp
53	63	5	2.90961
12	7	5	8.26968
58	2	5	7.76274
41	42	5	0.115293
19	99	5	9.24039
16	72	5	6.4786
32	49	5	8.86131
34	65	5	1.19528
72	28	5	8.62604
71	44	5	2.46317
38	3	5	3.70925
84	75	5	4.45942
96	83	5	3.49475
25	24	5	1.05277
88	88	5	8.02573
49	92	5	0.521709
97	6	5	5.09194
42	50	5	0.879856
30	67	5	9.40898
34	63	5	2.12963
