cx	cy	r0	initAmp
93	55	5	2.92143
54	4	5	3.91506
38	40	5	8.76458
83	89	5	7.84012
61	46	5	9.7358
76	50	5	8.15749
56	36	5	7.74231
36	68	5	6.65515
33	14	5	4.75051
28	84	5	7.00167
94	87	5	4.70745
97	42	5	8.33034
17	10	5	5.99115
36	41	5	3.77011
20	16	5	1.42743
15	42	5	0.568135
71	82	5	0.146676
25	87	5	7.71199
29	64	5	4.45481
15	43	5	9.16052
