cx	cy	r0	initAmp
86	52	5	1.50285
8	10	5	8.94447
90	92	5	3.00752
44	67	5	2.72864
13	18	5	0.0647975
58	22	5	5.98013
85	47	5	7.94351
44	44	5	5.98621
70	89	5	6.14987
69	23	5	8.70106
71	59	5	7.29487
78	28	5	7.65162
65	53	5	9.81176
97	26	5	5.21358
11	53	5	5.34826
80	32	5	0.829845
84	55	5	0.190582
27	25	5	2.64179
84	10	5	7.70722
54	19	5	9.6964
