cx	cy	r0	initAmp
92	41	5	3.37411
64	96	5	7.18217
51	66	5	2.5626
6	22	5	2.75337
4	100	5	3.6571
74	64	5	2.74557
67	88	5	8.28557
85	84	5	1.40968
15	35	5	1.68807
70	39	5	0.967987
65	98	5	8.95535
91	100	5	0.267896
7	13	5	9.20579
43	54	5	8.63046
10	97	5	1.4856
62	34	5	5.71806
30	74	5	6.54783
58	91	5	5.84837
79	55	5	1.23306
61	20	5	4.11081
