cx	cy	r0	initAmp
82	83	5	0.900381
45	84	5	6.15332
63	72	5	7.92541
89	36	5	1.71175
67	21	5	9.56471
89	38	5	6.89416
72	84	5	1.21639
67	51	5	3.58784
13	14	5	1.90186
4	16	5	9.85654
21	100	5	6.30893
27	94	5	8.47643
15	8	5	7.23755
87	15	5	3.31737
30	81	5	9.1158
81	73	5	9.82444
26	47	5	2.16496
43	90	5	3.71776
14	12	5	1.84571
90	90	5	4.83173
