cx	cy	r0	initAmp
30	45	5	4.31871
33	52	5	8.434
49	31	5	1.92153
81	81	5	9.23627
39	36	5	6.80249
5	31	5	6.32578
47	6	5	7.53914
76	12	5	5.26234
70	53	5	5.33564
84	51	5	3.13206
86	11	5	8.12817
38	99	5	9.59837
7	21	5	5.70562
59	31	5	5.16296
45	31	5	6.77668
28	90	5	5.2071
60	16	5	0.00958041
29	9	5	6.54616
23	55	5	3.46273
98	49	5	5.96265
