cx	cy	r0	initAmp
88	63	5	5.50853
7	85	5	8.81978
12	12	5	7.77701
79	30	5	3.2824
98	8	5	7.44611
28	67	5	8.82294
88	23	5	6.35026
46	52	5	6.49321
64	59	5	4.24238
79	46	5	0.809215
64	74	5	4.3483
13	97	5	4.10504
100	20	5	1.21548
63	73	5	9.26385
5	79	5	9.06582
63	55	5	6.75893
34	84	5	6.81392
77	3	5	8.37492
11	59	5	5.17449
52	58	5	4.53261
