cx	cy	r0	initAmp
45	13	5	7.62763
7	95	5	3.12176
88	58	5	5.14586
78	48	5	4.40594
39	34	5	8.08854
19	44	5	8.28981
54	89	5	8.97338
63	81	5	1.12732
2	18	5	3.59139
84	30	5	4.64707
85	2	5	4.11347
73	49	5	7.76143
66	89	5	2.22457
92	18	5	4.36509
27	83	5	0.155419
9	56	5	7.18074
90	39	5	9.13786
39	56	5	7.43777
84	10	5	3.26278
90	70	5	3.69481
