cx	cy	r0	initAmp
32	6	5	2.6675
93	61	5	5.83899
42	100	5	4.71337
6	70	5	7.55571
64	90	5	1.11455
10	83	5	0.263568
52	3	5	7.60778
65	28	5	7.20449
36	97	5	9.68285
24	91	5	6.15857
85	46	5	1.44223
13	58	5	0.577901
92	79	5	0.00386627
40	100	5	5.67844
79	100	5	9.12358
8	61	5	4.01426
11	34	5	6.76925
47	14	5	6.54464
94	97	5	4.29074
12	9	5	3.78166
