cx	cy	r0	initAmp
69	12	5	6.52502
48	53	5	1.54444
45	56	5	9.33275
30	22	5	6.96972
82	44	5	6.832
3	9	5	4.33564
78	61	5	1.43848
58	95	5	5.30762
17	72	5	0.634549
45	27	5	5.30312
35	87	5	3.66605
24	59	5	0.320562
86	86	5	9.36948
79	36	5	0.81155
72	52	5	8.97232
92	72	5	9.80245
87	39	5	6.43576
20	56	5	9.9233
85	35	5	4.27733
88	76	5	7.88776
