cx	cy	r0	initAmp
56	41	5	6.92669
24	96	5	6.9437
20	3	5	0.823452
48	62	5	7.03396
54	47	5	9.64694
12	98	5	4.67062
55	63	5	8.06114
96	2	5	2.28789
4	16	5	6.0028
40	70	5	1.16055
57	48	5	7.80005
5	95	5	8.31625
26	13	5	1.59947
89	45	5	2.64278
94	67	5	1.32687
37	78	5	1.30686
81	38	5	3.15294
86	45	5	1.91434
24	22	5	8.41684
46	34	5	6.9447
