cx	cy	r0	initAmp
82	34	5	2.60498
14	65	5	4.86631
36	27	5	0.0773247
54	48	5	7.5295
42	73	5	5.91449
47	85	5	1.66316
81	10	5	7.62219
55	59	5	9.72837
70	67	5	4.31449
14	73	5	6.4896
94	97	5	9.65761
92	18	5	5.25474
69	15	5	7.27491
9	64	5	4.26712
36	81	5	4.03941
93	91	5	2.83472
51	83	5	5.3869
31	66	5	9.31075
70	35	5	7.75766
96	54	5	0.418313
