cx	cy	r0	initAmp
67	8	5	5.06141
39	92	5	0.748079
65	81	5	3.15081
17	53	5	9.96364
77	26	5	6.06594
75	73	5	5.59943
95	15	5	5.70472
78	48	5	6.09012
53	50	5	6.88723
34	64	5	3.786
56	75	5	5.75116
64	4	5	9.73816
29	15	5	3.10463
100	51	5	3.74112
91	74	5	6.67553
31	30	5	8.43453
49	63	5	9.34055
70	53	5	9.11135
98	18	5	7.28499
84	31	5	2.30838
