cx	cy	r0	initAmp
8	77	5	8.67924
55	26	5	4.38888
25	75	5	8.51645
13	66	5	2.15443
11	72	5	4.51054
41	41	5	1.78099
64	25	5	0.211587
53	52	5	8.47548
6	76	5	3.03511
81	67	5	4.57829
54	25	5	6.7745
87	6	5	0.199097
56	35	5	4.01935
52	21	5	5.35377
78	23	5	3.03428
71	72	5	3.54777
12	73	5	5.88158
7	5	5	4.84852
13	6	5	7.10482
47	23	5	8.62662
