cx	cy	r0	initAmp
68	12	5	8.07979
96	50	5	3.57676
27	39	5	1.68397
60	42	5	4.52554
64	50	5	8.3908
25	91	5	0.246334
71	89	5	9.50406
85	11	5	5.07071
60	27	5	2.55285
59	96	5	5.10414
88	17	5	7.95497
70	18	5	1.97486
9	72	5	9.01505
34	44	5	4.10765
9	64	5	3.44781
17	94	5	3.64813
68	55	5	0.559508
43	100	5	0.368115
52	62	5	2.16856
79	64	5	3.96964
