cx	cy	r0	initAmp
3	87	5	0.539633
80	28	5	2.04931
26	84	5	2.53099
80	9	5	5.03529
31	15	5	1.11
57	51	5	9.4402
65	88	5	8.4541
51	77	5	6.84254
40	79	5	0.399498
26	97	5	0.936217
55	75	5	4.7928
40	100	5	3.5021
80	86	5	1.47126
39	33	5	7.54629
66	53	5	1.2809
23	83	5	5.56173
49	14	5	1.34278
18	50	5	6.87195
41	90	5	8.5439
66	41	5	0.31211
