cx	cy	r0	initAmp
15	87	5	1.02791
19	33	5	9.96684
93	59	5	3.99397
51	46	5	2.67796
82	87	5	1.61995
48	53	5	9.29302
27	52	5	6.06475
8	80	5	7.66357
1	54	5	2.50215
58	27	5	5.90173
47	36	5	8.60271
94	11	5	7.16138
29	75	5	7.16899
7	63	5	3.63573
94	11	5	1.49607
22	3	5	3.07763
19	84	5	3.36808
91	18	5	3.6864
96	50	5	8.80918
100	78	5	6.97572
