cx	cy	r0	initAmp
13	86	5	0.39769
59	36	5	9.86092
65	95	5	1.02314
46	14	5	8.53681
12	7	5	1.6977
83	31	5	5.94285
64	28	5	7.41419
72	100	5	5.93357
25	78	5	1.88053
86	29	5	1.89793
84	7	5	4.47842
22	14	5	2.02183
67	100	5	3.10066
44	13	5	5.58004
57	38	5	9.31704
24	24	5	1.32222
37	26	5	7.44607
90	72	5	1.89608
89	54	5	0.388658
100	25	5	1.70138
