cx	cy	r0	initAmp
78	38	5	7.75211
91	73	5	9.92743
8	25	5	9.67717
14	77	5	4.57408
35	97	5	7.16245
4	75	5	4.06997
89	43	5	9.60653
91	80	5	0.124723
17	48	5	4.76275
67	55	5	3.5885
3	34	5	5.27827
7	46	5	1.33105
24	84	5	7.96373
56	5	5	3.7309
44	38	5	0.91117
100	28	5	3.81506
64	70	5	9.91165
82	18	5	8.27856
23	9	5	6.913
48	90	5	3.72844
