cx	cy	r0	initAmp
76	57	5	5.97406
38	19	5	9.36792
77	26	5	5.03724
36	52	5	4.38109
97	54	5	7.13578
71	54	5	6.5182
84	67	5	2.27797
22	89	5	8.01387
58	50	5	7.64838
74	87	5	6.13927
45	85	5	6.39792
86	42	5	4.07119
55	88	5	0.453332
77	31	5	9.07047
76	40	5	2.91234
21	46	5	3.9561
20	33	5	6.70289
81	66	5	3.26056
59	9	5	5.00892
60	49	5	5.25555
