cx	cy	r0	initAmp
6	34	5	5.57767
39	79	5	1.5244
44	26	5	4.41179
81	55	5	3.19102
21	34	5	5.59339
43	93	5	4.90486
84	97	5	6.39972
11	98	5	9.33948
62	76	5	5.39396
49	20	5	4.0068
7	11	5	0.465908
24	59	5	4.72893
91	23	5	3.23933
62	74	5	1.14006
95	11	5	9.51613
57	81	5	2.66507
92	69	5	7.93802
65	2	5	7.64304
55	40	5	5.03594
64	96	5	4.48185
