cx	cy	r0	initAmp
37	4	5	5.29254
77	59	5	4.21493
20	79	5	4.97739
15	45	5	7.0251
63	2	5	2.66451
4	94	5	3.28663
10	12	5	1.60978
39	4	5	3.04424
81	22	5	9.58472
99	12	5	1.88572
76	61	5	9.49122
48	60	5	9.15406
19	94	5	5.33543
82	81	5	9.6367
70	31	5	4.35263
17	58	5	8.58361
5	95	5	8.76866
5	6	5	2.02978
57	7	5	3.1134
21	39	5	5.61477
