cx	cy	r0	initAmp
10	64	5	6.30411
93	64	5	0.793323
35	62	5	1.30858
32	94	5	3.00317
1	82	5	3.22282
24	77	5	1.61121
24	9	5	3.15193
74	67	5	5.25528
50	72	5	6.45849
79	89	5	7.50645
13	27	5	0.560273
61	25	5	8.74206
47	79	5	3.53735
24	38	5	8.04431
44	80	5	0.689516
25	87	5	1.71326
39	80	5	1.27335
84	92	5	4.55206
66	28	5	6.26343
15	77	5	0.0899385
