cx	cy	r0	initAmp
87	24	5	3.73149
26	90	5	4.43592
92	45	5	1.24738
1	99	5	0.0629343
31	57	5	8.03674
53	21	5	1.90581
38	100	5	8.63449
83	29	5	4.68736
32	34	5	9.10212
17	8	5	2.68604
40	55	5	9.20151
20	44	5	9.37744
47	75	5	3.76321
97	82	5	6.70272
40	50	5	9.01238
21	40	5	6.12974
18	8	5	5.4475
82	62	5	1.95473
21	76	5	9.75019
18	27	5	2.40735
