cx	cy	r0	initAmp
12	81	5	3.53267
93	7	5	0.621714
48	57	5	0.87574
66	38	5	8.50329
79	71	5	4.58523
52	7	5	3.38019
70	64	5	9.02403
40	46	5	0.298429
81	100	5	6.22273
63	94	5	5.42111
63	62	5	5.45597
14	8	5	4.65515
72	75	5	1.14553
83	79	5	0.113933
86	77	5	3.12686
78	90	5	1.02201
94	19	5	9.62293
9	65	5	3.34819
86	91	5	2.40294
47	81	5	7.87767
