cx	cy	r0	initAmp
84	68	5	6.30462
33	98	5	1.78857
38	98	5	2.76339
31	53	5	4.57871
57	89	5	7.49789
70	83	5	7.29103
18	80	5	5.83119
40	57	5	0.661578
31	63	5	0.897466
74	40	5	0.866352
94	58	5	7.54424
86	65	5	3.37894
41	18	5	2.98378
6	46	5	3.01963
8	87	5	9.84736
92	46	5	5.28379
54	85	5	4.45044
47	8	5	7.69051
25	100	5	4.52437
48	18	5	9.19126
