cx	cy	r0	initAmp
46	3	5	0.590565
30	4	5	3.21003
24	3	5	6.95277
89	54	5	8.57305
19	8	5	0.707688
94	89	5	4.33997
5	98	5	6.93972
76	83	5	8.15126
9	79	5	8.51221
15	74	5	1.78233
68	99	5	6.96528
97	51	5	5.00257
82	91	5	7.28661
90	60	5	7.16209
75	55	5	1.87555
73	76	5	6.10864
16	11	5	7.69265
74	4	5	2.13475
29	76	5	9.83324
59	37	5	7.15179
