cx	cy	r0	initAmp
33	57	5	2.61495
90	21	5	4.05724
59	33	5	5.5342
13	38	5	6.25526
15	19	5	0.787602
47	11	5	9.72283
3	46	5	4.11311
73	20	5	7.21664
53	38	5	6.63287
55	94	5	2.18225
46	77	5	1.87173
51	78	5	7.29779
40	60	5	8.63313
16	80	5	3.9172
37	82	5	1.10048
17	99	5	9.12792
34	89	5	3.57006
19	11	5	4.12962
40	82	5	1.8355
4	31	5	5.8599
