cx	cy	r0	initAmp
13	73	5	4.12369
12	38	5	0.94077
32	28	5	4.28582
19	95	5	1.3151
44	70	5	7.54969
72	20	5	9.56499
36	39	5	9.84376
95	81	5	9.37993
98	59	5	6.38345
9	83	5	2.65186
40	82	5	6.9513
23	16	5	7.22209
89	76	5	6.20678
71	18	5	2.41825
88	35	5	6.60656
47	61	5	1.44078
42	14	5	5.5433
97	53	5	7.11479
26	94	5	9.65327
39	71	5	8.33247
