cx	cy	r0	initAmp
97	93	5	7.01213
73	18	5	5.01285
97	12	5	1.85532
3	94	5	2.05359
9	59	5	8.98532
26	29	5	2.7371
17	57	5	0.566552
91	86	5	3.35451
10	34	5	6.11369
94	13	5	2.21041
91	64	5	9.19011
31	41	5	6.6501
28	76	5	2.18679
24	58	5	2.01703
34	50	5	4.48348
74	15	5	1.88159
88	13	5	2.34793
36	58	5	1.71813
94	93	5	7.12821
76	78	5	6.3514
