cx	cy	r0	initAmp
37	69	5	4.33136
51	85	5	0.930646
47	26	5	5.75799
76	11	5	0.17994
53	32	5	8.04955
53	85	5	2.33161
83	75	5	5.68876
67	53	5	3.51358
18	84	5	9.02245
26	67	5	6.64744
39	8	5	0.520119
23	68	5	3.1806
80	85	5	6.34102
79	83	5	9.57998
46	24	5	0.152156
61	66	5	7.67571
68	19	5	5.50208
47	19	5	3.37249
96	49	5	9.54536
20	53	5	5.63913
