cx	cy	r0	initAmp
30	41	5	1.0131
44	49	5	3.633
79	41	5	9.46114
25	93	5	4.63767
34	22	5	4.36776
80	54	5	8.21283
73	69	5	7.96474
98	61	5	2.02404
20	89	5	2.95093
6	95	5	3.03299
86	41	5	1.92261
44	77	5	8.91111
84	65	5	9.9672
84	67	5	4.24951
74	26	5	9.20214
88	94	5	3.98619
61	19	5	8.39033
69	26	5	3.3606
55	79	5	3.54255
11	30	5	7.6601
