cx	cy	r0	initAmp
75	62	5	3.57514
23	8	5	5.4128
65	40	5	2.36518
89	61	5	2.10492
75	46	5	5.24482
73	50	5	6.48187
30	37	5	2.48377
53	29	5	0.222248
18	100	5	1.20171
82	82	5	4.25627
85	27	5	7.63996
26	36	5	7.09771
24	67	5	1.99417
46	93	5	3.76764
23	2	5	8.05783
21	84	5	2.60055
99	21	5	1.01661
99	56	5	9.22568
74	89	5	0.354936
41	19	5	5.40658
