cx	cy	r0	initAmp
82	11	5	8.12962
79	99	5	4.80714
48	90	5	0.292078
4	95	5	8.80902
53	11	5	6.95794
47	42	5	7.91655
91	35	5	8.96171
30	68	5	1.97993
46	34	5	8.37701
88	26	5	0.339403
90	53	5	2.90424
7	60	5	8.92523
55	30	5	3.94254
76	3	5	7.02335
4	51	5	0.267134
54	86	5	8.08483
70	36	5	0.81265
10	52	5	0.923154
1	89	5	7.12842
47	44	5	3.04479
