cx	cy	r0	initAmp
10	48	5	9.49853
5	47	5	8.38521
67	62	5	8.56231
11	79	5	1.46981
65	46	5	2.65657
15	81	5	4.97623
54	66	5	6.66945
39	68	5	2.37363
85	46	5	8.10918
57	94	5	8.58386
63	8	5	0.78828
99	14	5	0.577235
65	26	5	2.72493
87	57	5	6.97674
48	74	5	1.18129
62	76	5	4.36057
18	83	5	1.63261
58	59	5	8.78524
87	48	5	7.37896
47	36	5	8.99787
