cx	cy	r0	initAmp
16	63	5	0.378787
13	10	5	6.63107
77	68	5	5.12475
17	21	5	9.61586
95	50	5	8.20928
18	19	5	9.58323
42	48	5	3.87726
23	96	5	9.91289
55	32	5	2.06595
26	38	5	3.93005
32	88	5	6.23577
42	25	5	0.258083
88	26	5	2.59169
68	64	5	8.98727
11	11	5	8.08044
84	6	5	7.31082
85	50	5	0.957968
3	84	5	6.68427
99	76	5	9.7632
62	27	5	2.09884
