cx	cy	r0	initAmp
89	40	5	4.70344
62	92	5	3.28951
44	19	5	2.57224
84	98	5	8.765
35	82	5	9.51962
45	3	5	1.99161
17	34	5	4.37524
19	76	5	0.931951
60	34	5	0.0879496
92	65	5	2.67865
61	18	5	7.18705
85	74	5	2.59992
36	48	5	0.369722
49	24	5	5.34708
72	50	5	9.25858
69	51	5	1.87448
37	83	5	0.246851
8	44	5	6.29104
5	26	5	6.57607
63	46	5	1.88992
