cx	cy	r0	initAmp
15	64	5	9.35123
50	45	5	2.79221
96	9	5	2.15264
14	24	5	8.6968
86	6	5	7.52734
43	85	5	9.89832
37	85	5	7.1689
95	70	5	1.80969
10	82	5	8.01558
67	63	5	6.85694
85	78	5	3.22875
91	30	5	5.07677
13	92	5	4.99017
22	35	5	2.48857
94	38	5	5.6061
4	42	5	0.472939
65	64	5	9.347
37	75	5	7.45382
70	73	5	9.76895
73	81	5	1.63646
