cx	cy	r0	initAmp
10	99	5	9.22389
90	55	5	6.35146
48	72	5	6.29513
18	91	5	0.575028
72	20	5	8.22117
51	6	5	1.44166
46	94	5	3.45294
81	11	5	6.38265
68	82	5	1.20695
30	66	5	9.80272
60	48	5	1.59961
10	27	5	8.48995
80	15	5	2.74312
27	44	5	0.768381
62	46	5	5.65497
30	60	5	6.20578
99	18	5	3.95494
40	73	5	3.69626
42	49	5	4.09904
55	93	5	3.69406
