cx	cy	r0	initAmp
36	76	5	8.37461
57	61	5	9.16352
33	73	5	3.96322
49	46	5	2.7654
54	72	5	3.93039
88	36	5	5.49605
84	60	5	6.91943
86	19	5	9.8659
30	35	5	4.46946
33	59	5	2.09978
55	12	5	7.90992
73	56	5	3.23952
88	10	5	5.4126
85	58	5	0.198638
82	91	5	3.41781
14	46	5	8.44276
75	41	5	6.64478
87	62	5	4.2672
25	8	5	7.89747
54	63	5	6.81878
