cx	cy	r0	initAmp
79	1	5	4.31288
50	8	5	8.55624
94	10	5	3.6569
14	74	5	2.8549
84	90	5	0.723097
25	34	5	5.7708
2	27	5	1.96154
68	3	5	1.89948
97	3	5	3.2439
55	84	5	7.09166
86	83	5	9.81797
75	6	5	2.03104
34	96	5	4.73116
72	92	5	1.28065
10	77	5	7.19842
40	5	5	4.45921
98	53	5	0.723651
63	60	5	2.13559
59	88	5	6.97443
17	23	5	5.30625
