cx	cy	r0	initAmp
20	66	5	3.15345
1	2	5	8.80636
100	34	5	0.975792
77	67	5	7.50878
21	57	5	6.48834
72	21	5	9.78546
4	8	5	3.83922
77	22	5	8.62177
54	60	5	5.37358
61	34	5	2.67385
58	33	5	4.57046
51	22	5	2.92304
59	45	5	0.168276
66	97	5	6.44469
80	29	5	8.77467
16	22	5	2.18782
68	57	5	7.88221
40	38	5	8.56166
83	70	5	2.1131
52	18	5	0.807271
