cx	cy	r0	initAmp
39	23	5	3.93033
24	28	5	2.03735
21	69	5	1.04023
62	99	5	4.17026
88	51	5	3.66572
12	57	5	4.54661
60	63	5	3.81187
68	88	5	1.06669
61	93	5	7.21309
78	88	5	8.58393
81	31	5	2.22216
82	60	5	4.78523
65	91	5	7.09477
70	32	5	2.01388
22	20	5	3.83629
68	85	5	4.11237
36	43	5	2.49006
75	68	5	7.1049
14	29	5	9.5762
66	63	5	4.59846
