cx	cy	r0	initAmp
91	43	5	3.3147
12	56	5	8.83312
11	100	5	9.90107
8	64	5	2.26536
95	72	5	0.0159746
85	9	5	1.33512
96	89	5	3.23637
19	50	5	2.64636
91	36	5	9.6058
39	100	5	2.18749
47	33	5	4.72064
11	26	5	2.1038
34	5	5	6.75227
74	38	5	3.04615
59	27	5	6.596
94	24	5	4.24986
79	10	5	3.43556
99	84	5	3.58636
5	25	5	4.44277
57	19	5	3.14903
