cx	cy	r0	initAmp
66	83	5	9.27354
20	96	5	9.75191
30	96	5	3.91128
97	20	5	6.24612
32	51	5	4.31471
62	48	5	0.384281
97	92	5	0.195659
70	5	5	0.581823
48	11	5	6.35841
50	70	5	2.73128
55	9	5	0.104438
22	57	5	8.13545
22	16	5	4.3628
71	28	5	2.37176
32	35	5	1.6982
62	12	5	1.63213
63	93	5	5.85973
99	16	5	2.34205
26	28	5	2.67118
33	42	5	6.49273
