cx	cy	r0	initAmp
1	75	5	3.41778
15	82	5	5.35977
25	23	5	2.7816
91	33	5	2.38111
95	40	5	6.21802
54	97	5	1.86506
82	86	5	0.392817
5	18	5	5.29159
39	58	5	9.27801
24	57	5	3.87384
71	84	5	8.31432
45	19	5	1.41199
96	50	5	7.47897
46	76	5	9.4181
79	81	5	7.3851
83	9	5	8.13619
45	31	5	6.21439
58	24	5	4.34895
48	72	5	6.27186
38	57	5	3.17956
