cx	cy	r0	initAmp
24	11	5	5.97093
71	37	5	9.61051
34	66	5	2.03655
10	49	5	3.27249
73	92	5	9.06197
94	30	5	9.61141
76	63	5	7.60219
85	41	5	9.39333
80	19	5	3.09543
64	90	5	7.07895
14	27	5	2.29327
94	6	5	1.37445
35	49	5	3.61767
35	98	5	7.6961
10	35	5	5.4508
60	81	5	6.72286
92	57	5	7.82363
86	78	5	6.9642
30	67	5	3.74924
59	33	5	3.9984
