cx	cy	r0	initAmp
21	27	5	2.4441
1	87	5	9.67698
9	17	5	8.60302
73	76	5	5.6574
57	81	5	7.07023
27	73	5	9.96234
75	55	5	8.53477
68	35	5	7.37146
33	73	5	7.81754
88	40	5	0.439299
2	28	5	2.63019
72	32	5	3.97845
80	21	5	1.79636
25	81	5	9.82021
53	67	5	9.14887
67	58	5	2.25537
65	38	5	6.86849
82	90	5	5.76034
100	81	5	2.74678
57	17	5	3.69204
