cx	cy	r0	initAmp
75	94	5	0.231181
63	94	5	4.96094
66	18	5	7.47042
71	20	5	7.71481
85	38	5	2.60501
83	43	5	2.95148
50	1	5	6.18006
93	25	5	0.176932
52	46	5	8.71809
95	63	5	5.73173
45	52	5	3.19515
34	33	5	1.11849
69	27	5	5.72356
65	56	5	7.20622
96	65	5	1.37803
14	99	5	1.37072
65	35	5	9.74425
72	35	5	7.71212
55	96	5	4.33414
46	47	5	2.38712
