cx	cy	r0	initAmp
19	1	5	6.39
75	26	5	5.9223
8	59	5	0.552448
96	23	5	2.40495
95	91	5	0.484243
66	82	5	3.60107
87	62	5	8.94224
87	78	5	8.37077
76	98	5	5.93014
5	11	5	6.90718
13	20	5	0.468817
59	6	5	1.3221
24	4	5	4.02583
26	41	5	6.16682
20	28	5	3.67535
86	49	5	7.77613
6	74	5	5.00747
29	13	5	1.4716
22	85	5	6.68187
15	93	5	5.32192
