cx	cy	r0	initAmp
10	41	5	6.59948
15	64	5	0.105433
66	65	5	9.51122
80	64	5	7.33251
75	55	5	9.78978
78	15	5	0.383917
29	70	5	8.26415
70	83	5	6.44751
71	41	5	5.98853
11	9	5	1.75099
50	41	5	0.81404
30	81	5	4.77035
41	57	5	5.16247
36	28	5	7.09654
54	72	5	7.96573
74	38	5	4.16189
93	43	5	5.55211
58	75	5	5.90428
44	46	5	0.209294
94	89	5	3.5138
