cx	cy	r0	initAmp
15	27	5	9.29435
43	85	5	6.66964
12	5	5	0.0173418
58	97	5	6.48434
19	100	5	5.01586
97	1	5	1.9751
10	6	5	7.81023
84	22	5	5.70987
15	61	5	8.42993
89	36	5	1.35737
10	19	5	1.28953
66	95	5	9.6743
11	96	5	6.36047
10	4	5	5.18706
49	67	5	8.20311
41	87	5	2.22162
3	94	5	9.1842
99	16	5	3.18243
89	49	5	0.278815
72	43	5	8.27855
