cx	cy	r0	initAmp
30	100	5	4.49418
10	5	5	5.39331
25	21	5	5.60225
40	83	5	0.20842
8	60	5	9.2182
22	66	5	0.779745
100	91	5	1.39021
64	80	5	6.7499
65	94	5	1.28881
52	77	5	2.62761
73	90	5	0.538253
7	6	5	2.55619
41	64	5	1.80964
9	43	5	8.73639
22	2	5	2.00345
82	76	5	5.6194
10	80	5	6.20006
66	34	5	3.22113
89	25	5	3.0025
6	13	5	6.76247
