cx	cy	r0	initAmp
47	45	5	2.55867
89	46	5	7.44653
25	35	5	1.32145
97	40	5	0.475559
32	2	5	4.05545
46	27	5	0.450866
74	63	5	0.0585168
56	28	5	0.295714
30	2	5	8.05172
64	12	5	4.02838
66	100	5	6.20159
86	88	5	9.53866
37	11	5	7.54627
50	15	5	8.968
94	66	5	0.995017
19	72	5	3.60868
61	62	5	7.45427
100	17	5	5.44591
89	33	5	2.48408
84	44	5	8.26711
