cx	cy	r0	initAmp
6	49	5	5.29793
50	42	5	2.17819
63	33	5	9.1254
21	28	5	0.183963
92	32	5	7.83147
98	46	5	3.89273
82	47	5	7.09646
13	65	5	2.10081
39	15	5	7.99775
16	97	5	4.21768
64	3	5	4.1528
55	21	5	7.05602
98	7	5	0.188272
23	79	5	1.39323
30	18	5	5.95318
4	37	5	2.3651
69	65	5	4.39992
2	76	5	2.67546
57	92	5	6.16315
11	92	5	2.4401
