cx	cy	r0	initAmp
32	72	5	0.811718
56	28	5	9.93968
27	27	5	3.56391
19	31	5	5.64021
49	6	5	6.32655
82	15	5	0.114863
83	32	5	0.437128
79	47	5	9.87449
28	74	5	0.703547
38	49	5	6.27392
18	74	5	8.63518
34	4	5	0.861916
51	97	5	0.929106
41	37	5	1.88814
1	49	5	1.84764
64	62	5	5.72064
7	26	5	5.53844
37	91	5	6.50429
60	27	5	0.825563
17	94	5	4.30758
