cx	cy	r0	initAmp
31	42	5	6.04638
10	36	5	8.55188
80	60	5	6.94842
96	2	5	0.102873
41	23	5	8.01265
77	64	5	4.30805
23	100	5	7.5468
41	30	5	4.45978
7	47	5	0.153831
79	46	5	7.98154
24	72	5	8.16272
11	12	5	2.53859
5	1	5	8.69936
37	42	5	0.43138
29	54	5	7.90415
64	45	5	7.26797
41	77	5	7.60919
45	71	5	4.28397
49	81	5	6.09641
33	68	5	9.46804
