cx	cy	r0	initAmp
53	7	5	3.33687
93	75	5	1.72965
97	23	5	5.18033
63	99	5	3.52428
67	40	5	4.39207
35	81	5	9.05333
55	7	5	0.853637
37	23	5	4.91437
81	16	5	6.05283
5	51	5	0.709443
54	55	5	5.57979
88	80	5	4.60928
6	45	5	8.40442
74	39	5	8.20121
13	80	5	1.79161
61	91	5	3.14642
35	93	5	3.94175
36	8	5	3.32825
68	18	5	2.06382
83	73	5	2.20675
