cx	cy	r0	initAmp
58	56	5	7.61018
15	45	5	1.42575
16	46	5	8.11654
7	72	5	4.52646
58	53	5	8.04597
61	51	5	5.88863
23	34	5	5.40425
92	42	5	6.23092
92	19	5	9.97648
90	61	5	5.58183
72	92	5	0.447784
57	36	5	5.43934
78	59	5	6.92164
3	77	5	2.52284
62	57	5	0.959638
27	75	5	5.51497
27	45	5	0.0539592
39	85	5	8.45846
17	84	5	7.93772
36	14	5	7.67401
