cx	cy	r0	initAmp
66	88	5	4.97802
24	17	5	6.88466
78	76	5	0.604175
64	35	5	7.22252
84	28	5	4.74949
82	1	5	5.53486
94	63	5	4.02454
46	61	5	7.35228
99	2	5	0.470826
15	40	5	2.20685
69	16	5	0.449741
68	49	5	4.73279
90	52	5	0.569051
54	17	5	8.433
58	44	5	0.217739
39	15	5	5.2089
32	17	5	8.83556
8	40	5	7.92009
51	10	5	8.17235
8	98	5	9.6234
