cx	cy	r0	initAmp
63	28	5	4.2945
27	12	5	3.81546
54	22	5	2.66227
57	14	5	8.93782
8	58	5	8.25053
49	97	5	2.33273
24	50	5	2.7782
24	15	5	0.946377
34	83	5	4.72272
83	24	5	9.82123
47	2	5	5.77691
12	73	5	5.24369
59	2	5	1.8182
61	72	5	8.72917
60	78	5	5.40936
84	30	5	1.94738
72	50	5	4.44027
17	4	5	7.22105
96	94	5	8.76645
91	77	5	6.08276
