cx	cy	r0	initAmp
76	53	5	3.00033
37	15	5	7.33634
43	21	5	2.18359
94	72	5	7.36684
6	60	5	6.28412
45	38	5	4.34133
31	59	5	4.82153
18	100	5	8.55434
67	78	5	3.22059
13	82	5	3.03868
14	45	5	4.9485
40	26	5	4.0287
97	53	5	9.72159
75	40	5	5.68406
70	76	5	8.23766
23	52	5	0.114693
27	87	5	1.32099
97	44	5	0.704965
76	75	5	4.98346
32	80	5	8.46423
