cx	cy	r0	initAmp
2	34	5	6.70299
27	32	5	3.85463
56	4	5	5.08778
92	21	5	5.35445
39	49	5	5.00524
95	93	5	7.44457
36	1	5	2.64211
16	57	5	8.28781
57	42	5	9.63198
8	84	5	8.74838
40	31	5	3.59457
4	20	5	4.13531
40	87	5	0.710145
59	17	5	3.67411
48	10	5	2.15442
11	50	5	5.1681
94	65	5	2.50611
45	36	5	0.949276
28	49	5	1.30954
80	15	5	9.58068
