cx	cy	r0	initAmp
70	66	5	4.67333
49	80	5	1.10803
3	97	5	2.40415
57	91	5	1.18806
85	29	5	6.54252
100	54	5	8.9195
20	70	5	9.30157
51	71	5	5.82765
8	85	5	8.86762
15	69	5	9.49511
45	43	5	5.08327
60	74	5	7.7886
95	72	5	6.62279
50	70	5	8.33716
50	48	5	1.05879
75	30	5	5.14389
79	48	5	1.25522
62	73	5	0.582442
66	47	5	2.60602
38	90	5	0.368589
