cx	cy	r0	initAmp
73	99	5	5.5535
26	58	5	3.03185
48	84	5	0.898003
78	73	5	2.3827
19	45	5	9.7417
31	18	5	2.85085
28	62	5	8.79601
3	8	5	0.0623119
99	17	5	2.90327
30	74	5	8.35139
86	85	5	1.23218
72	75	5	6.62439
86	20	5	5.33547
38	22	5	9.64454
2	32	5	4.05796
12	79	5	1.77384
69	72	5	2.77378
9	26	5	0.404
16	31	5	8.21307
26	78	5	1.18585
