cx	cy	r0	initAmp
34	63	5	0.860927
9	38	5	0.611295
31	21	5	5.54546
71	57	5	2.47715
21	27	5	4.91518
38	34	5	6.11336
33	97	5	5.66187
53	59	5	8.91748
87	70	5	2.87496
82	67	5	3.06523
22	52	5	4.22092
33	86	5	3.29274
93	19	5	3.9951
39	71	5	4.06205
87	47	5	5.95043
79	57	5	5.66562
97	60	5	9.63998
59	76	5	7.74649
20	36	5	9.62274
85	56	5	6.52726
