cx	cy	r0	initAmp
1	48	5	0.389555
26	21	5	9.93255
33	40	5	3.76525
42	73	5	1.1227
78	38	5	0.620742
96	78	5	4.42521
20	71	5	3.38679
57	79	5	3.11613
83	82	5	2.51379
75	6	5	2.63492
51	70	5	6.02618
76	58	5	6.58777
9	31	5	0.564379
65	73	5	6.24455
39	58	5	0.548691
81	54	5	4.92618
80	84	5	4.01972
21	57	5	2.57285
79	58	5	2.34831
20	4	5	6.52182
