cx	cy	r0	initAmp
33	90	5	6.67709
35	50	5	6.14359
15	28	5	6.25005
66	66	5	6.5934
32	52	5	0.315308
29	56	5	4.72746
85	42	5	5.43145
57	5	5	3.10796
8	1	5	9.33052
58	50	5	2.22345
70	18	5	7.54542
20	50	5	1.5337
22	48	5	1.98318
9	19	5	5.79453
61	29	5	9.53502
54	34	5	3.92506
43	24	5	4.48928
22	58	5	3.59381
95	24	5	7.29904
71	82	5	0.716348
