cx	cy	r0	initAmp
53	27	5	4.87106
4	92	5	0.351809
19	13	5	4.10489
78	7	5	8.59172
56	68	5	3.96546
9	21	5	2.42112
45	49	5	9.36564
72	24	5	7.5471
68	80	5	9.94561
48	35	5	1.14991
91	96	5	1.5946
11	61	5	7.00526
18	40	5	5.23948
9	64	5	1.74556
65	89	5	4.37065
8	21	5	6.97712
46	60	5	5.13723
91	43	5	7.11108
10	21	5	2.92251
64	17	5	3.52111
