cx	cy	r0	initAmp
74	30	5	0.273459
91	58	5	7.69153
56	36	5	6.37891
4	13	5	0.194281
57	46	5	6.45306
5	69	5	6.74165
95	53	5	2.95948
75	87	5	6.75893
100	33	5	9.914
89	30	5	4.53709
25	41	5	1.94881
68	78	5	5.28668
20	44	5	6.64639
19	86	5	7.67969
78	9	5	4.55577
93	52	5	6.06938
3	84	5	5.2917
85	5	5	7.25893
83	61	5	3.95314
52	72	5	7.37625
