cx	cy	r0	initAmp
8	14	5	9.5449
4	39	5	3.49371
51	62	5	4.61597
27	17	5	8.3514
99	93	5	5.77636
94	47	5	2.21912
67	39	5	7.47312
85	87	5	9.86898
69	45	5	5.66924
79	56	5	6.28238
47	77	5	5.79652
37	83	5	0.981063
39	5	5	5.8491
78	96	5	5.45302
14	25	5	0.713148
59	72	5	6.03175
45	17	5	4.98952
91	8	5	9.46819
67	62	5	3.92306
63	97	5	8.58237
