cx	cy	r0	initAmp
97	12	5	8.4404
31	67	5	3.63128
27	51	5	7.61488
45	97	5	6.82897
38	44	5	0.191803
4	20	5	5.67883
31	5	5	1.13853
35	86	5	5.46864
75	73	5	0.341824
96	7	5	2.60811
6	53	5	4.46331
70	29	5	1.61491
11	56	5	4.14783
23	23	5	7.25027
93	16	5	0.143408
31	96	5	6.64579
13	95	5	3.69811
33	45	5	7.3007
22	3	5	0.270971
91	93	5	4.80478
