cx	cy	r0	initAmp
8	74	5	6.58301
82	30	5	1.26242
12	70	5	4.94055
83	94	5	5.23393
36	22	5	2.30076
86	48	5	5.0343
98	65	5	3.32164
72	30	5	8.54739
72	14	5	1.69911
77	96	5	6.06624
65	43	5	3.8026
92	43	5	0.965589
31	36	5	4.7433
83	51	5	6.26788
14	19	5	4.19538
17	17	5	5.57453
32	81	5	5.95397
1	96	5	5.83107
10	27	5	2.11371
10	89	5	9.73866
