cx	cy	r0	initAmp
85	99	5	7.13142
22	55	5	3.25936
4	21	5	3.06852
24	29	5	9.02139
87	59	5	1.39744
26	30	5	5.12431
25	80	5	0.304392
7	48	5	4.62552
28	62	5	3.59828
24	43	5	3.45841
35	40	5	0.133117
32	27	5	7.68226
89	18	5	3.77638
64	32	5	7.46916
72	10	5	4.65211
69	29	5	0.900009
50	55	5	4.51351
14	7	5	6.51043
90	73	5	5.39747
31	51	5	0.971558
