cx	cy	r0	initAmp
35	88	5	8.50035
64	27	5	6.96584
62	35	5	0.612121
71	85	5	4.80967
75	50	5	0.0622605
89	80	5	5.49042
33	76	5	8.28717
83	3	5	5.17171
94	51	5	0.52734
73	55	5	8.05499
51	43	5	2.57226
5	15	5	0.113843
60	1	5	3.51628
12	86	5	4.6456
23	27	5	1.72441
14	10	5	7.16263
62	26	5	6.49962
72	7	5	6.1598
91	2	5	9.83229
16	45	5	4.66952
