cx	cy	r0	initAmp
8	8	5	0.514521
90	57	5	7.92566
27	44	5	4.24938
41	36	5	7.40987
45	47	5	3.48837
26	68	5	4.79705
85	17	5	7.6636
30	39	5	9.25954
57	29	5	4.65485
20	89	5	0.472214
5	80	5	7.08925
76	69	5	2.99332
2	4	5	5.21544
96	59	5	7.27916
64	45	5	1.16757
59	55	5	5.15945
28	7	5	9.82389
49	59	5	0.893709
30	13	5	7.31341
33	87	5	7.3821
