cx	cy	r0	initAmp
66	3	5	6.73846
93	11	5	4.33167
18	1	5	7.60332
63	31	5	1.68235
11	3	5	5.85809
19	38	5	1.15837
25	64	5	7.1674
49	17	5	0.535155
15	33	5	2.40516
86	40	5	4.76665
41	68	5	2.76676
53	95	5	1.61637
73	98	5	0.252255
82	51	5	5.91384
49	29	5	0.351227
80	69	5	5.69494
40	18	5	0.104206
74	10	5	6.16289
42	49	5	6.23789
69	11	5	6.66527
