cx	cy	r0	initAmp
1	49	5	0.361953
96	21	5	6.34622
45	42	5	8.21962
62	57	5	2.75953
86	40	5	5.24981
74	52	5	1.81271
98	70	5	3.66731
86	100	5	5.19739
86	61	5	5.96063
86	82	5	8.25794
36	22	5	0.393372
22	29	5	6.35138
79	45	5	8.84487
90	37	5	9.2755
5	10	5	5.30167
14	27	5	7.60938
18	22	5	9.03712
4	82	5	0.58162
52	93	5	4.4693
77	47	5	5.37597
