cx	cy	r0	initAmp
34	78	5	6.30185
15	43	5	0.753622
66	82	5	2.57315
80	100	5	0.972755
90	81	5	5.77804
30	13	5	4.37317
59	17	5	2.96177
40	81	5	3.31721
5	31	5	3.38728
20	20	5	8.32731
92	99	5	6.56685
69	3	5	1.12062
53	5	5	6.9201
70	24	5	3.69271
26	18	5	0.713678
18	54	5	3.19796
59	2	5	4.26454
76	33	5	2.62935
56	14	5	9.71338
42	70	5	6.25339
