cx	cy	r0	initAmp
43	26	5	3.94758
55	19	5	2.72563
69	45	5	6.91991
35	74	5	6.2875
44	30	5	5.40746
59	29	5	9.24554
66	13	5	2.85615
12	65	5	5.73287
15	6	5	0.341743
88	29	5	5.7589
34	35	5	4.17758
7	22	5	9.26363
32	13	5	6.62668
62	42	5	8.47974
66	61	5	1.64584
91	49	5	5.07543
10	1	5	8.11612
93	48	5	1.00859
19	10	5	5.79789
5	48	5	0.928193
