cx	cy	r0	initAmp
49	66	5	3.35281
59	38	5	4.53936
52	7	5	3.66701
59	43	5	8.25119
10	3	5	7.03222
3	97	5	1.2759
19	78	5	0.521552
97	25	5	7.80562
74	68	5	2.17674
38	35	5	5.06631
84	81	5	1.56792
10	6	5	1.49827
74	11	5	9.38195
75	15	5	3.43097
51	44	5	9.90903
30	55	5	0.475303
68	63	5	7.20021
28	51	5	7.17217
30	89	5	5.40353
85	29	5	7.88619
