cx	cy	r0	initAmp
1	33	5	2.71533
59	4	5	5.71939
39	39	5	3.65829
23	71	5	1.29738
97	13	5	8.70336
18	60	5	2.36276
45	73	5	1.54036
33	8	5	5.01104
42	16	5	1.75456
21	36	5	5.27554
91	70	5	3.85209
51	16	5	5.01153
100	86	5	5.34567
30	43	5	0.0869421
20	74	5	4.98277
1	47	5	1.93878
54	20	5	2.16846
96	1	5	5.90398
34	81	5	4.62956
71	33	5	2.85002
