cx	cy	r0	initAmp
81	1	5	4.34265
27	45	5	9.76454
56	86	5	6.10319
63	19	5	4.49447
2	89	5	2.98514
97	92	5	0.357292
49	1	5	6.29134
31	1	5	4.07456
92	37	5	8.50978
5	39	5	7.31876
45	97	5	8.35488
18	81	5	8.89039
70	18	5	6.49363
32	72	5	7.95061
37	8	5	2.97354
99	23	5	7.47413
73	95	5	1.36004
59	86	5	3.20583
52	92	5	3.37802
78	26	5	4.27197
