cx	cy	r0	initAmp
53	43	5	3.03854
69	75	5	1.99238
84	26	5	2.94238
66	47	5	5.71953
4	20	5	9.86677
19	25	5	9.72363
77	36	5	0.554493
23	82	5	1.42351
74	81	5	5.52924
29	84	5	5.51066
74	93	5	9.38334
11	53	5	5.21902
10	69	5	2.53957
79	16	5	2.61596
52	39	5	3.87639
91	78	5	8.60195
40	73	5	0.69002
26	94	5	4.51254
94	29	5	4.00251
9	26	5	9.70657
