cx	cy	r0	initAmp
81	54	5	3.60439
92	81	5	4.39624
84	79	5	9.91884
41	14	5	0.343278
100	54	5	2.98333
76	38	5	3.28091
32	78	5	4.19464
82	89	5	6.76176
49	68	5	5.1698
89	59	5	5.07182
45	80	5	5.68384
6	68	5	5.49587
16	76	5	9.91278
47	41	5	1.77308
4	85	5	6.20724
67	44	5	2.34395
19	47	5	9.2417
67	76	5	0.906948
11	95	5	6.43688
85	54	5	1.64107
