cx	cy	r0	initAmp
24	42	5	9.02789
10	83	5	5.55847
51	62	5	3.70867
58	29	5	2.81014
39	18	5	8.94943
26	81	5	6.38273
65	68	5	7.21612
32	40	5	3.65034
72	27	5	7.15455
94	7	5	3.86319
79	76	5	9.26929
60	57	5	6.4485
63	33	5	8.30282
36	85	5	3.20768
83	19	5	2.26679
50	75	5	7.55007
60	73	5	7.90288
39	33	5	6.71102
79	72	5	6.28015
9	28	5	9.65751
