cx	cy	r0	initAmp
53	89	5	5.14908
46	3	5	5.24913
70	33	5	3.42363
78	96	5	0.691334
55	59	5	6.50988
35	51	5	7.56959
14	5	5	4.19801
92	36	5	2.08372
29	85	5	9.51416
70	31	5	2.72661
44	14	5	8.6318
40	3	5	3.13416
28	65	5	0.83377
18	35	5	4.52286
37	45	5	5.50393
56	71	5	1.52017
76	70	5	2.62822
58	79	5	8.83733
16	71	5	8.11671
91	84	5	0.893653
