cx	cy	r0	initAmp
71	16	5	3.73992
53	7	5	3.54211
85	100	5	2.63061
67	22	5	9.5682
32	89	5	6.76832
67	99	5	5.69768
68	53	5	9.7356
16	52	5	5.29757
72	40	5	4.51753
36	100	5	0.507414
33	35	5	1.17958
86	82	5	0.742143
91	34	5	8.68798
54	62	5	6.30577
65	78	5	1.98589
2	38	5	7.24965
98	84	5	9.15546
31	48	5	4.00387
58	15	5	2.24532
11	63	5	9.78043
