cx	cy	r0	initAmp
7	71	5	6.09697
14	84	5	5.65565
11	87	5	7.5368
98	10	5	0.553168
86	4	5	0.902332
97	50	5	7.44912
100	20	5	4.87002
94	42	5	8.03944
49	74	5	8.29253
64	31	5	3.46546
19	85	5	9.47956
44	75	5	6.8153
48	3	5	9.65925
66	25	5	5.50725
3	41	5	4.24442
60	23	5	6.99479
13	9	5	8.33958
2	11	5	5.73546
7	46	5	7.83228
48	85	5	1.79122
