cx	cy	r0	initAmp
32	57	5	9.5514
91	24	5	1.86126
77	53	5	5.14744
79	22	5	9.99495
31	79	5	9.17598
58	4	5	6.24613
29	40	5	9.6976
72	90	5	5.88683
1	16	5	8.00314
20	63	5	9.04006
5	46	5	7.06668
57	10	5	8.45077
92	99	5	4.44071
29	27	5	9.24473
71	16	5	8.93427
31	14	5	6.0021
100	54	5	8.45821
78	47	5	4.09876
69	97	5	1.67557
46	91	5	0.328002
