cx	cy	r0	initAmp
11	1	5	6.75639
80	78	5	8.07983
28	74	5	4.38561
61	14	5	9.52166
54	53	5	7.04834
65	56	5	2.62871
48	82	5	1.12859
61	89	5	4.78642
29	89	5	8.63519
38	15	5	2.88696
49	93	5	0.471668
67	28	5	3.5942
76	38	5	0.146955
63	74	5	4.36638
42	68	5	7.74101
80	98	5	7.39092
27	77	5	4.66713
12	57	5	4.27893
72	39	5	1.03874
24	19	5	9.45042
