cx	cy	r0	initAmp
33	42	5	0.333624
34	71	5	3.61834
62	92	5	5.28172
74	81	5	6.99767
59	91	5	1.91396
40	23	5	5.57679
77	79	5	9.02665
67	68	5	8.52881
12	80	5	9.72455
100	66	5	0.953798
96	8	5	9.30291
84	89	5	6.74851
89	42	5	8.22708
35	72	5	3.54743
48	50	5	2.53921
41	11	5	6.06975
48	98	5	2.34734
96	21	5	6.78841
26	7	5	1.74458
54	12	5	8.91621
