cx	cy	r0	initAmp
65	23	5	7.52268
29	70	5	4.77797
7	25	5	7.66921
75	49	5	5.32596
48	70	5	5.55736
76	29	5	9.17179
47	43	5	0.586427
38	4	5	0.264894
92	79	5	0.179935
83	8	5	9.27449
72	26	5	7.08265
40	81	5	8.51788
88	74	5	4.04561
55	51	5	4.45415
98	88	5	2.1581
5	84	5	2.78817
36	66	5	3.53785
60	45	5	5.20231
4	35	5	1.80137
4	97	5	9.44354
