cx	cy	r0	initAmp
88	18	5	7.51056
76	96	5	1.42138
100	85	5	4.61239
95	52	5	6.77413
7	78	5	4.5882
29	71	5	0.11338
64	52	5	5.9021
47	41	5	5.2328
21	69	5	6.87218
82	39	5	8.54302
4	8	5	2.16541
96	92	5	7.14299
26	55	5	5.65053
51	48	5	0.664932
6	66	5	3.90307
82	59	5	0.586008
65	74	5	0.573374
69	47	5	3.79652
50	20	5	2.45099
52	55	5	7.57963
