cx	cy	r0	initAmp
53	94	5	9.77304
4	95	5	2.0004
75	72	5	9.40044
74	31	5	5.55925
88	11	5	1.46812
96	26	5	2.85337
56	15	5	6.7988
88	71	5	0.0255467
89	6	5	9.46884
5	18	5	4.70763
8	8	5	7.26344
5	9	5	1.88161
36	59	5	0.707941
33	52	5	5.11966
82	55	5	5.72562
33	85	5	2.78204
79	31	5	8.13529
14	76	5	6.73408
85	82	5	3.99512
40	83	5	1.59976
