cx	cy	r0	initAmp
23	94	5	1.20848
83	71	5	5.76568
95	75	5	4.45511
63	19	5	7.03724
42	59	5	6.49987
12	34	5	1.1452
86	15	5	2.73691
86	24	5	0.272632
47	24	5	5.22957
10	29	5	0.0323748
42	58	5	1.89755
71	2	5	3.89704
2	71	5	8.9894
84	32	5	7.14269
6	35	5	8.7815
26	40	5	4.51537
10	63	5	1.14687
30	74	5	9.92874
61	19	5	2.50872
8	53	5	6.32802
