cx	cy	r0	initAmp
43	3	5	7.61888
17	67	5	5.88897
48	78	5	0.251373
50	83	5	1.61291
17	72	5	2.77431
45	12	5	1.08856
93	79	5	5.57189
51	12	5	2.05142
17	31	5	0.405646
7	27	5	3.64688
46	3	5	5.17702
2	12	5	6.7569
3	96	5	0.679557
15	99	5	0.373919
46	38	5	8.12964
79	90	5	3.43378
73	27	5	1.94667
42	80	5	6.84202
77	65	5	1.54478
9	67	5	7.15871
