cx	cy	r0	initAmp
2	18	5	1.2187
61	46	5	5.22083
36	5	5	2.80059
82	24	5	0.0436374
59	61	5	4.25574
64	22	5	5.074
48	26	5	7.51145
51	24	5	8.28008
8	59	5	6.97335
91	32	5	2.5216
73	16	5	6.93207
56	54	5	5.19179
47	35	5	6.68977
41	44	5	4.9236
64	65	5	1.96849
11	10	5	8.90614
12	76	5	2.09922
29	74	5	9.91407
77	76	5	1.66514
35	62	5	7.98003
