cx	cy	r0	initAmp
93	74	5	5.09966
14	15	5	0.614863
11	53	5	1.6448
25	60	5	4.22903
20	20	5	5.89182
12	63	5	2.13119
2	76	5	9.38702
17	55	5	4.3621
78	98	5	4.43112
10	58	5	2.53327
73	10	5	0.185938
58	38	5	2.77443
69	7	5	0.700642
41	29	5	5.54417
89	23	5	6.2286
3	69	5	1.95347
74	40	5	2.02639
18	74	5	7.63611
56	59	5	1.33083
18	90	5	0.831387
