cx	cy	r0	initAmp
43	70	5	3.42159
62	98	5	1.70376
78	50	5	7.67583
45	25	5	0.609034
5	93	5	8.73271
31	69	5	8.48379
27	71	5	7.79033
18	83	5	7.94682
4	18	5	4.73244
84	35	5	8.97568
17	72	5	1.7259
69	94	5	2.64546
71	59	5	5.54332
55	26	5	1.58344
12	92	5	0.545923
55	98	5	4.47265
48	54	5	3.87707
34	68	5	1.8455
65	99	5	9.14523
90	19	5	4.82003
