cx	cy	r0	initAmp
24	99	5	0.234656
13	25	5	1.38157
63	45	5	9.88422
36	61	5	4.73138
16	100	5	7.79905
93	71	5	0.338678
80	94	5	8.4738
76	75	5	0.0797358
34	2	5	5.35329
47	61	5	4.24663
78	43	5	4.18801
75	41	5	4.95563
80	70	5	2.95789
64	67	5	4.42125
44	23	5	7.3134
23	27	5	7.50487
45	63	5	8.00306
30	35	5	8.59143
78	51	5	6.2211
28	31	5	0.245482
