cx	cy	r0	initAmp
35	28	5	9.65155
77	98	5	1.71801
20	47	5	5.96448
99	12	5	4.76697
91	43	5	4.89201
93	11	5	3.9379
17	55	5	2.40458
83	95	5	0.404495
44	42	5	8.26368
11	28	5	3.98258
70	99	5	2.35644
20	1	5	8.61896
39	1	5	7.2726
59	24	5	9.68499
65	96	5	7.85367
31	42	5	1.07971
3	82	5	7.35749
24	29	5	6.532
15	63	5	2.32559
55	43	5	0.358544
