cx	cy	r0	initAmp
79	56	5	1.09426
94	71	5	3.17576
31	57	5	6.58869
43	97	5	6.58436
42	52	5	5.07334
67	58	5	1.77677
50	66	5	9.14734
100	23	5	7.0522
40	56	5	4.74761
99	16	5	4.37876
13	3	5	1.14906
23	58	5	1.38315
97	69	5	8.96384
76	76	5	1.86729
22	54	5	9.49094
46	29	5	8.5165
79	78	5	2.82482
15	88	5	2.72366
49	41	5	1.81122
73	25	5	0.044213
