cx	cy	r0	initAmp
90	51	5	6.34501
35	98	5	8.91758
69	13	5	4.43301
72	65	5	3.4447
32	76	5	5.67376
94	23	5	3.67538
48	35	5	3.66869
40	89	5	0.220806
33	4	5	3.6698
18	21	5	8.88585
57	38	5	0.481257
74	3	5	0.507775
53	43	5	2.20858
6	11	5	0.222691
83	49	5	5.29406
62	63	5	7.0554
12	51	5	8.83359
68	56	5	6.07244
31	3	5	2.91287
28	86	5	7.59352
