cx	cy	r0	initAmp
77	93	5	0.503482
35	92	5	0.728817
35	6	5	7.84635
99	59	5	3.39826
66	10	5	9.82063
38	91	5	7.31128
78	29	5	9.1855
94	33	5	4.57449
13	22	5	9.69762
89	99	5	1.23927
7	48	5	7.95455
45	90	5	8.76301
88	87	5	3.37039
64	55	5	1.57098
31	49	5	8.33071
56	47	5	1.39448
63	69	5	6.49948
50	57	5	4.16941
81	37	5	4.67925
24	64	5	9.49733
