cx	cy	r0	initAmp
41	53	5	7.11922
99	99	5	8.46543
50	79	5	7.3109
32	2	5	3.29469
21	1	5	2.98438
86	15	5	5.5978
18	26	5	9.08961
32	8	5	8.09352
40	3	5	4.09312
41	76	5	4.56375
17	27	5	5.43379
29	32	5	5.54256
70	2	5	2.67579
44	39	5	3.52259
69	5	5	0.2665
58	98	5	8.63039
73	82	5	5.37316
23	61	5	4.44844
3	70	5	9.28232
8	66	5	3.30562
