cx	cy	r0	initAmp
45	22	5	5.163
21	44	5	0.723619
2	3	5	2.89719
45	50	5	7.50435
66	28	5	7.05826
32	22	5	1.90854
6	28	5	0.199238
38	28	5	3.90352
21	96	5	7.39881
21	41	5	3.52969
99	81	5	7.0529
76	18	5	3.23951
46	34	5	6.63138
6	9	5	0.0931138
5	70	5	0.277591
2	51	5	4.07659
3	27	5	6.54424
47	40	5	8.72181
59	51	5	6.99922
60	45	5	8.65216
