cx	cy	r0	initAmp
79	78	5	2.02199
70	31	5	3.11131
97	41	5	2.87403
4	66	5	2.76736
99	94	5	7.70786
30	59	5	6.27494
97	73	5	1.0069
79	35	5	5.46742
73	59	5	7.43373
49	29	5	5.79225
84	90	5	5.73578
33	88	5	5.8157
24	17	5	9.20592
79	16	5	2.82985
22	87	5	9.98923
62	27	5	2.8811
29	99	5	6.4294
96	67	5	8.50316
51	29	5	0.238579
36	84	5	7.51518
