cx	cy	r0	initAmp
26	26	5	3.82121
99	35	5	6.86537
83	78	5	1.80561
91	52	5	9.78834
62	66	5	1.97244
57	38	5	2.69847
29	7	5	8.81614
86	73	5	4.25947
32	49	5	7.84624
94	23	5	2.57503
59	19	5	1.06215
6	16	5	8.34358
79	27	5	0.862982
90	7	5	5.90242
44	49	5	7.70449
48	19	5	8.71559
83	35	5	8.34472
1	87	5	9.46861
69	24	5	1.32494
25	32	5	2.53698
