cx	cy	r0	initAmp
42	11	5	9.66241
1	6	5	6.07423
46	32	5	0.556681
26	16	5	6.63103
97	56	5	8.46235
12	90	5	7.70574
3	84	5	6.91193
6	80	5	7.33963
90	73	5	4.02933
74	1	5	2.96822
20	5	5	6.38568
67	15	5	0.0470757
59	6	5	5.90095
94	76	5	7.38246
2	58	5	4.34514
100	44	5	0.633742
87	66	5	3.75113
88	34	5	9.10485
91	56	5	7.26167
16	81	5	1.39286
