cx	cy	r0	initAmp
99	96	5	4.42373
88	14	5	8.31468
51	57	5	7.63921
28	98	5	9.19691
34	51	5	0.705734
22	67	5	1.56165
28	4	5	6.36894
35	46	5	5.55696
87	16	5	1.91929
16	48	5	4.25656
15	17	5	5.1342
76	90	5	2.69378
74	38	5	5.9902
36	38	5	2.20174
35	86	5	3.00862
67	65	5	0.483945
22	59	5	5.6432
57	67	5	9.36032
13	18	5	8.03028
32	85	5	6.97305
