cx	cy	r0	initAmp
48	78	5	7.45016
12	3	5	5.42223
23	1	5	5.34966
57	66	5	2.99604
63	82	5	3.78632
68	67	5	0.12975
64	65	5	8.87432
6	82	5	6.37499
75	100	5	7.77958
2	97	5	3.06678
39	91	5	7.08925
30	72	5	5.59153
64	70	5	9.54134
63	41	5	9.85257
41	37	5	5.5739
45	4	5	7.74212
100	43	5	3.17237
43	64	5	1.23112
13	26	5	7.64444
82	94	5	0.10314
