cx	cy	r0	initAmp
18	71	5	6.71924
50	48	5	7.10619
30	64	5	2.81136
82	92	5	1.38077
15	72	5	2.29249
72	35	5	0.603855
33	39	5	9.06839
38	100	5	7.64742
47	3	5	0.590106
69	28	5	8.07247
46	77	5	2.03096
3	54	5	1.8806
50	58	5	0.667247
54	42	5	1.95029
34	22	5	6.64347
90	28	5	2.89221
100	73	5	1.51184
58	3	5	7.69016
5	26	5	3.05424
95	58	5	4.2047
