cx	cy	r0	initAmp
48	67	5	2.3539
97	79	5	0.0150881
12	3	5	1.8939
18	7	5	7.82815
5	34	5	7.62365
14	17	5	0.651684
82	86	5	0.818745
49	15	5	7.40751
41	29	5	7.96336
100	44	5	5.9128
17	46	5	8.76748
49	95	5	1.76206
10	79	5	5.28882
28	99	5	1.26704
68	54	5	9.57934
22	50	5	7.78121
61	98	5	8.49952
55	77	5	3.19167
18	71	5	1.40043
75	36	5	0.603268
