cx	cy	r0	initAmp
11	100	5	4.49788
85	9	5	5.94769
28	82	5	0.02002
42	25	5	9.96073
15	21	5	1.74967
20	62	5	6.51123
4	23	5	5.38727
94	45	5	6.62712
26	82	5	0.657783
11	91	5	8.27293
82	50	5	4.20724
78	18	5	3.54746
57	45	5	4.56563
88	44	5	1.54331
69	76	5	3.66903
82	4	5	9.96771
51	34	5	9.37991
51	25	5	5.40949
53	57	5	7.09459
11	61	5	4.05902
