cx	cy	r0	initAmp
7	85	5	4.45321
27	91	5	7.79375
71	7	5	9.54958
95	84	5	8.86438
94	90	5	4.74929
97	68	5	1.94193
7	29	5	0.339661
6	16	5	7.38633
73	24	5	2.05848
83	42	5	0.761725
94	69	5	2.5455
100	93	5	9.06494
14	63	5	8.59198
82	4	5	8.5274
78	60	5	0.854303
83	12	5	0.731173
83	61	5	3.60446
9	62	5	5.04695
1	54	5	8.68655
98	79	5	0.731186
