cx	cy	r0	initAmp
3	71	5	9.01774
57	5	5	0.560483
30	81	5	8.05198
98	24	5	4.85977
83	15	5	1.20862
41	12	5	7.93642
26	6	5	6.86835
71	14	5	5.95901
73	8	5	9.74528
77	51	5	4.98662
33	42	5	9.75687
33	86	5	1.8172
68	9	5	2.55932
86	5	5	9.71498
39	86	5	4.73667
2	31	5	7.89169
84	89	5	4.13522
34	48	5	1.59835
42	25	5	2.18659
38	7	5	0.659573
