cx	cy	r0	initAmp
79	76	5	8.7168
59	28	5	7.9984
43	95	5	0.666533
32	89	5	0.601503
83	62	5	8.993
91	78	5	6.43674
4	5	5	6.67959
92	79	5	1.00149
7	91	5	6.45978
19	44	5	0.427306
8	89	5	6.17054
46	55	5	2.62008
71	99	5	7.17478
49	57	5	9.96865
3	91	5	2.59981
7	57	5	3.19315
43	10	5	1.55876
22	62	5	0.0868051
82	7	5	4.97426
15	59	5	2.3329
