cx	cy	r0	initAmp
11	72	5	3.1394
13	40	5	1.63224
9	74	5	2.44843
12	97	5	7.64901
75	68	5	0.136641
39	76	5	1.0609
59	59	5	4.24853
5	16	5	5.68407
44	89	5	1.57675
51	98	5	5.10159
81	64	5	6.6129
82	77	5	2.7293
34	50	5	2.33357
97	20	5	6.17299
6	93	5	6.32947
12	37	5	5.33328
41	16	5	4.69967
57	3	5	4.12558
50	82	5	1.154
79	22	5	1.52325
