cx	cy	r0	initAmp
96	71	5	2.81377
89	73	5	9.84097
28	33	5	6.63338
74	73	5	4.49212
60	76	5	8.47116
23	88	5	1.5436
40	16	5	4.25988
84	25	5	1.17416
9	81	5	9.1401
41	29	5	5.79563
70	72	5	3.25807
85	13	5	2.34083
32	98	5	8.22744
21	50	5	0.960858
32	5	5	5.06058
43	31	5	0.259638
78	2	5	3.89041
10	47	5	8.82616
75	6	5	6.06938
12	63	5	4.89355
