cx	cy	r0	initAmp
56	88	5	5.6346
86	22	5	0.724666
53	20	5	2.56576
1	74	5	7.76555
43	67	5	6.08085
30	16	5	4.0227
71	9	5	1.72399
65	33	5	5.68045
20	29	5	1.96488
41	73	5	6.82688
91	78	5	9.33197
93	90	5	6.54155
57	96	5	2.13912
49	73	5	2.35292
59	69	5	9.90428
23	21	5	8.91772
70	68	5	9.13883
89	30	5	4.85626
62	87	5	5.63694
65	33	5	1.97765
