cx	cy	r0	initAmp
1	16	5	3.80053
90	95	5	9.64934
90	42	5	2.89008
16	69	5	4.96686
43	54	5	7.05075
73	57	5	3.83613
25	96	5	7.12076
32	76	5	7.88068
56	57	5	6.88513
89	80	5	5.27997
67	79	5	5.28901
84	32	5	2.75546
47	2	5	2.09867
24	51	5	0.555151
29	62	5	4.75626
38	51	5	1.28951
34	8	5	0.887924
83	64	5	4.2288
71	60	5	4.76065
93	77	5	5.57169
