cx	cy	r0	initAmp
36	1	5	9.18419
62	13	5	5.27155
42	53	5	4.81399
5	83	5	7.75354
47	92	5	8.29198
36	41	5	3.62251
62	16	5	9.35224
100	70	5	0.729522
70	22	5	6.49477
59	39	5	1.71255
57	76	5	3.40092
92	9	5	5.68195
87	65	5	0.498176
31	12	5	1.38404
90	28	5	7.8852
26	87	5	0.640403
72	79	5	8.99512
22	73	5	2.92083
44	52	5	6.73513
16	56	5	3.86803
