cx	cy	r0	initAmp
76	74	5	3.00743
72	93	5	6.6848
7	96	5	5.25528
2	52	5	5.28599
22	31	5	2.53397
37	1	5	3.26501
100	25	5	7.45169
84	66	5	3.60288
90	5	5	4.76774
19	16	5	6.07469
76	21	5	7.4436
17	100	5	0.0529995
83	43	5	2.91369
52	7	5	3.14325
7	71	5	3.56435
91	8	5	1.39713
91	79	5	5.34063
4	8	5	2.93761
7	78	5	0.875013
1	7	5	0.714789
