cx	cy	r0	initAmp
22	7	5	3.3589
92	26	5	3.90665
95	70	5	0.634997
61	62	5	3.7819
77	44	5	8.39281
73	67	5	1.73194
38	5	5	8.25502
15	100	5	1.50381
34	97	5	9.73912
2	25	5	6.8769
33	89	5	8.60999
9	70	5	3.40069
22	31	5	0.153527
92	91	5	8.8499
85	64	5	3.58456
35	21	5	9.08998
8	11	5	5.49086
39	83	5	9.30167
15	64	5	7.11829
10	9	5	8.3604
