cx	cy	r0	initAmp
99	22	5	0.958387
20	96	5	4.68986
44	88	5	4.92432
46	100	5	8.66571
33	100	5	3.80229
73	54	5	5.72723
7	83	5	3.40253
69	66	5	7.43328
37	11	5	2.40187
92	16	5	7.77498
39	54	5	3.66018
38	26	5	0.718691
88	14	5	1.59202
10	78	5	0.112717
75	52	5	2.88965
32	94	5	3.02005
62	23	5	1.20184
22	25	5	7.24503
94	92	5	0.708262
37	7	5	9.70525
