cx	cy	r0	initAmp
59	9	5	1.4939
14	30	5	6.81465
67	60	5	2.34068
99	44	5	9.74053
90	45	5	1.35928
58	11	5	2.40918
7	26	5	1.933
11	37	5	6.43101
45	66	5	4.71366
34	29	5	7.58135
33	85	5	3.48862
91	83	5	3.26423
11	16	5	6.46955
76	88	5	8.08389
83	93	5	3.87564
68	24	5	2.52978
25	45	5	7.36966
25	21	5	4.30926
88	3	5	6.93178
2	25	5	6.18575
