cx	cy	r0	initAmp
16	34	5	7.09466
49	23	5	1.68478
19	47	5	3.48046
21	57	5	0.968422
23	86	5	9.70136
9	90	5	1.20267
92	48	5	3.44382
61	20	5	1.43241
31	26	5	1.3905
75	100	5	1.60367
82	42	5	3.74249
40	35	5	7.46554
42	99	5	6.94326
18	64	5	3.73117
77	82	5	2.85997
41	74	5	0.493111
37	10	5	0.383097
41	66	5	1.26972
29	73	5	4.52993
1	47	5	7.65238
