cx	cy	r0	initAmp
13	84	5	8.88003
41	69	5	6.36281
100	43	5	6.81484
88	81	5	9.51045
81	4	5	3.6634
25	57	5	0.383621
13	77	5	0.286925
11	48	5	1.41242
37	74	5	9.58206
74	86	5	0.0958594
22	58	5	9.9655
97	99	5	6.01976
7	93	5	2.20957
74	22	5	1.4238
26	62	5	1.43327
43	60	5	3.75482
35	54	5	9.65176
38	24	5	9.93802
92	68	5	5.05672
16	63	5	9.24205
