cx	cy	r0	initAmp
36	3	5	6.43459
11	92	5	5.87026
87	36	5	4.981
99	74	5	1.74347
16	97	5	5.1675
2	50	5	5.84257
4	63	5	0.156793
20	32	5	8.56692
52	89	5	7.58255
4	82	5	9.06256
23	42	5	5.92693
33	87	5	5.03944
100	50	5	9.42543
66	84	5	5.87586
8	34	5	8.82594
51	73	5	6.96557
38	41	5	8.65353
40	63	5	1.61628
86	93	5	0.186983
19	10	5	5.09497
