cx	cy	r0	initAmp
98	10	5	9.75403
88	100	5	7.43436
43	43	5	1.46742
70	69	5	2.75152
91	90	5	3.01809
34	75	5	5.07799
35	82	5	6.35318
53	91	5	0.808517
7	1	5	1.27539
100	86	5	8.20494
5	59	5	6.28104
73	45	5	2.18366
82	74	5	0.729245
26	98	5	3.28605
30	50	5	3.1908
21	51	5	1.38638
82	18	5	9.844
9	68	5	3.47235
25	28	5	3.02588
18	93	5	2.06948
