cx	cy	r0	initAmp
81	10	5	3.06867
14	86	5	6.70587
71	24	5	4.61589
2	56	5	2.95255
35	72	5	2.84961
21	1	5	8.61481
58	4	5	1.35747
55	56	5	2.6347
99	47	5	0.576645
34	12	5	4.47618
97	55	5	8.13848
79	46	5	6.39932
57	41	5	5.10451
46	48	5	0.748365
62	99	5	2.90597
36	77	5	3.00742
3	55	5	0.611551
94	72	5	6.58443
51	74	5	1.11341
62	74	5	3.27201
