cx	cy	r0	initAmp
16	80	5	6.55327
2	19	5	8.04231
30	7	5	1.10141
67	14	5	5.29591
44	92	5	7.37526
21	16	5	6.35143
94	46	5	8.41168
74	96	5	6.88662
26	80	5	8.61799
19	40	5	5.50968
16	8	5	0.306729
95	78	5	1.86314
73	37	5	4.8606
56	90	5	4.49837
39	14	5	5.98883
24	68	5	1.78413
5	5	5	8.72795
8	82	5	3.09133
98	30	5	9.15743
8	23	5	1.89947
