cx	cy	r0	initAmp
97	83	5	5.19467
57	50	5	0.479544
100	76	5	0.085542
83	89	5	6.54915
94	85	5	9.54683
43	30	5	6.15887
28	23	5	1.88116
64	77	5	3.15232
88	66	5	9.2117
32	9	5	4.61836
41	17	5	5.23536
68	38	5	2.51139
5	44	5	8.56546
70	64	5	2.10658
29	17	5	1.26265
13	39	5	2.09206
11	65	5	8.84203
68	28	5	7.89025
27	29	5	8.687
3	95	5	1.36863
