cx	cy	r0	initAmp
54	9	5	9.87084
28	76	5	9.64828
5	56	5	6.07212
8	42	5	7.56438
70	24	5	9.88872
79	59	5	6.39979
33	14	5	2.67263
70	5	5	9.94479
95	25	5	8.56864
79	99	5	6.76033
40	35	5	3.4191
7	70	5	7.64126
40	43	5	5.11847
86	100	5	2.63494
2	82	5	8.89882
71	16	5	3.80892
44	85	5	7.08236
21	71	5	6.42422
22	81	5	8.10242
3	45	5	6.28505
