cx	cy	r0	initAmp
17	58	5	2.9932
40	62	5	4.97111
99	26	5	4.114
68	3	5	6.73228
76	56	5	9.05285
66	62	5	1.99877
72	64	5	0.746442
100	71	5	6.68612
96	45	5	3.66521
89	1	5	3.67159
71	6	5	1.04267
14	67	5	8.93167
88	60	5	6.44407
43	47	5	9.47221
19	54	5	8.46354
80	71	5	4.84535
66	76	5	4.54128
4	23	5	6.61625
30	49	5	1.45274
15	18	5	5.34692
