cx	cy	r0	initAmp
84	45	5	6.91643
45	14	5	9.03847
88	4	5	6.72765
99	78	5	0.374548
31	16	5	6.79642
57	46	5	4.49285
67	82	5	7.87839
21	27	5	6.09198
61	29	5	9.26863
20	64	5	5.77259
60	73	5	3.27186
33	26	5	5.88728
3	33	5	1.95819
100	4	5	5.3938
61	17	5	0.0438698
24	29	5	1.84963
48	58	5	7.89826
19	55	5	7.99324
62	49	5	1.06595
63	99	5	3.76882
