cx	cy	r0	initAmp
62	86	5	5.6166
40	5	5	3.54162
19	27	5	8.57101
91	27	5	4.00179
57	76	5	9.76451
56	92	5	1.83643
45	4	5	1.11349
70	23	5	9.29772
71	54	5	9.87095
13	2	5	4.26053
23	8	5	3.8352
7	59	5	4.29499
59	76	5	5.99223
28	3	5	9.47507
68	97	5	3.39941
4	8	5	0.973753
80	9	5	5.43009
45	63	5	8.33933
22	7	5	6.38849
46	95	5	5.42671
