cx	cy	r0	initAmp
94	87	5	4.73358
39	56	5	1.6132
67	32	5	5.82271
100	42	5	7.16766
90	66	5	2.38717
77	93	5	6.45421
39	1	5	2.43547
61	92	5	8.8412
27	6	5	5.60602
50	66	5	6.47479
26	57	5	8.58853
24	53	5	9.46753
90	63	5	8.42025
64	13	5	1.35194
16	90	5	1.04882
18	83	5	7.60133
63	63	5	4.8333
25	54	5	5.89668
98	8	5	8.72401
55	98	5	6.73121
