cx	cy	r0	initAmp
29	8	5	7.07313
62	41	5	4.53631
6	46	5	4.741
15	19	5	8.46051
51	44	5	0.782151
16	86	5	1.48108
31	83	5	8.79818
52	6	5	1.48503
21	29	5	1.00708
92	70	5	1.48398
73	11	5	2.55214
25	46	5	0.498959
1	31	5	7.2118
79	94	5	8.99976
41	27	5	2.60531
58	43	5	9.69196
96	97	5	2.3175
42	66	5	3.56307
13	22	5	2.12009
25	33	5	3.72349
