cx	cy	r0	initAmp
24	76	5	7.8009
92	15	5	7.79055
6	13	5	9.76418
2	5	5	3.68804
32	81	5	1.87639
31	9	5	6.01489
15	93	5	4.42243
37	63	5	9.21209
25	70	5	1.61554
98	60	5	0.794779
28	94	5	1.20699
21	95	5	2.86521
4	52	5	2.01535
84	40	5	9.15449
62	57	5	5.45223
93	1	5	1.35257
31	86	5	7.13809
3	60	5	4.30245
84	75	5	9.80132
21	69	5	5.46829
