cx	cy	r0	initAmp
36	62	5	9.77966
62	45	5	4.88788
49	38	5	5.94425
38	31	5	6.89878
42	31	5	3.92432
21	71	5	8.68375
31	81	5	9.98514
2	78	5	9.67872
75	68	5	0.345612
27	43	5	2.31803
22	96	5	3.37954
66	89	5	7.31982
87	47	5	2.35332
100	45	5	7.43486
24	76	5	3.55015
12	27	5	0.531522
61	14	5	8.96371
48	73	5	8.69418
26	72	5	2.46345
84	81	5	3.31544
