cx	cy	r0	initAmp
45	20	5	0.915958
29	44	5	3.38392
63	50	5	0.499315
50	94	5	7.95072
34	73	5	7.44873
58	73	5	8.98521
27	83	5	0.604123
100	79	5	1.10022
57	37	5	1.95286
10	89	5	2.28822
32	90	5	7.71768
35	51	5	2.54008
87	68	5	7.88171
27	71	5	4.89089
76	57	5	3.07053
50	32	5	8.06811
49	60	5	3.37841
62	83	5	1.46358
37	85	5	5.36803
5	12	5	4.5279
