cx	cy	r0	initAmp
73	13	5	8.27685
84	71	5	3.79142
96	65	5	5.02112
19	98	5	7.07443
26	12	5	4.30532
51	27	5	1.49741
90	27	5	5.81965
17	96	5	1.83699
63	27	5	2.43013
22	39	5	5.42281
61	8	5	2.97469
94	86	5	4.25974
4	55	5	0.768173
43	34	5	9.78295
89	56	5	0.600941
34	86	5	3.44559
80	15	5	1.38562
85	80	5	4.8363
43	30	5	9.63101
78	76	5	0.32823
