cx	cy	r0	initAmp
66	67	5	8.08913
44	90	5	8.96258
54	25	5	7.41625
47	96	5	6.2604
85	33	5	0.042684
82	14	5	5.03356
81	100	5	4.15402
96	26	5	9.16745
21	58	5	9.69041
96	79	5	9.50374
97	5	5	7.9229
29	10	5	6.22441
32	47	5	1.55652
16	79	5	9.24773
95	83	5	8.48035
13	61	5	0.397772
99	72	5	0.415353
43	12	5	7.29861
14	90	5	8.01775
36	6	5	2.12852
