cx	cy	r0	initAmp
75	51	5	2.81629
11	74	5	7.00995
1	84	5	5.20721
30	16	5	8.45268
1	51	5	6.70218
33	91	5	9.52193
10	26	5	0.640672
60	17	5	5.92964
20	60	5	1.43944
92	100	5	4.75618
89	42	5	5.53113
49	32	5	7.2303
28	75	5	2.53142
11	15	5	7.68281
10	54	5	8.4397
86	63	5	4.70095
76	56	5	9.83065
37	50	5	1.75811
4	4	5	2.11396
89	51	5	2.13257
