cx	cy	r0	initAmp
61	6	5	2.97909
62	46	5	8.01001
34	87	5	0.772678
48	70	5	8.70248
26	64	5	3.58775
65	12	5	4.371
10	82	5	6.40151
31	92	5	7.01663
81	68	5	0.408885
82	100	5	1.29183
48	58	5	1.94106
69	49	5	1.13487
53	17	5	9.30062
92	67	5	0.0465642
66	13	5	5.59856
95	2	5	5.08221
15	65	5	8.68198
23	74	5	0.455001
49	12	5	1.61492
56	52	5	0.595544
