cx	cy	r0	initAmp
93	25	5	0.428803
44	5	5	0.871115
93	21	5	3.11489
18	9	5	1.97204
95	81	5	1.80284
58	76	5	1.34747
73	82	5	6.29949
96	59	5	0.462361
8	72	5	3.28618
86	44	5	4.39738
97	82	5	8.32706
53	7	5	6.81451
45	44	5	8.0255
18	18	5	4.88374
25	12	5	3.08685
82	25	5	1.55823
90	48	5	2.54747
83	53	5	7.24087
66	11	5	2.02999
96	63	5	8.43064
