cx	cy	r0	initAmp
65	33	5	1.84253
28	44	5	0.419203
62	23	5	3.0418
77	65	5	2.32094
84	31	5	9.61761
48	21	5	5.75682
64	94	5	2.65964
10	51	5	1.40425
20	53	5	4.19282
9	48	5	7.37634
41	48	5	9.66291
42	53	5	9.52096
90	6	5	6.93464
62	25	5	3.00683
40	21	5	5.2177
51	16	5	5.89018
40	1	5	2.05634
32	14	5	5.96065
82	61	5	0.880305
80	25	5	8.61993
