cx	cy	r0	initAmp
89	1	5	6.72841
11	91	5	2.18858
13	11	5	7.12409
29	33	5	0.839671
73	86	5	7.04367
5	58	5	1.3623
86	49	5	7.36487
88	33	5	4.98179
9	78	5	3.9792
88	97	5	5.23618
21	25	5	9.36498
97	73	5	1.44119
91	87	5	7.01861
75	1	5	7.43745
74	60	5	5.44175
19	50	5	1.51247
4	73	5	4.48973
77	15	5	3.34144
72	8	5	6.07496
49	31	5	9.09112
