cx	cy	r0	initAmp
7	91	5	0.130132
86	46	5	2.38905
60	9	5	4.41575
7	84	5	3.74247
7	48	5	0.145145
26	21	5	4.16347
32	83	5	2.47281
65	16	5	4.49833
95	35	5	2.28858
90	56	5	0.221003
92	87	5	7.91137
35	84	5	4.52145
89	86	5	9.90192
69	57	5	5.44765
42	13	5	5.35349
57	5	5	0.508793
89	74	5	1.78672
85	77	5	2.64724
20	54	5	8.73579
78	93	5	6.20426
