cx	cy	r0	initAmp
14	96	5	5.82896
27	19	5	9.53596
89	24	5	2.0852
63	47	5	7.56423
46	35	5	9.98738
56	21	5	0.368346
86	84	5	4.51607
46	90	5	2.54412
72	68	5	7.76348
23	51	5	8.37195
69	45	5	2.3943
55	94	5	2.03229
94	84	5	8.17358
42	1	5	6.52373
14	67	5	0.0413633
49	75	5	5.15918
8	29	5	3.06439
57	68	5	9.90469
57	33	5	4.43604
33	57	5	6.16684
