cx	cy	r0	initAmp
55	8	5	0.702051
68	87	5	9.91203
52	72	5	1.09146
86	51	5	4.20453
68	75	5	5.8876
64	51	5	4.16102
19	45	5	9.25304
27	100	5	7.31007
70	13	5	4.83919
96	60	5	5.51026
96	97	5	6.66321
64	51	5	4.08628
7	15	5	9.32358
71	57	5	9.47871
71	26	5	8.33138
31	3	5	1.51532
29	58	5	7.29218
37	30	5	4.34321
28	77	5	9.52468
81	59	5	6.36279
