cx	cy	r0	initAmp
80	72	5	8.8514
70	28	5	4.03142
71	66	5	4.02996
97	95	5	0.817925
72	64	5	9.27862
84	49	5	7.97457
32	8	5	6.37363
1	88	5	2.01597
97	19	5	5.97443
21	11	5	0.0234364
94	13	5	0.824482
18	90	5	6.72335
93	94	5	5.20493
87	60	5	9.19801
12	67	5	6.64569
95	40	5	2.30142
51	91	5	3.97337
46	62	5	9.10153
18	84	5	0.885342
1	59	5	0.882638
