cx	cy	r0	initAmp
55	27	5	6.39664
42	57	5	1.40228
48	59	5	3.9574
36	59	5	3.56703
16	80	5	3.76414
32	8	5	4.22314
82	65	5	0.3654
19	18	5	3.65612
5	52	5	6.11727
51	6	5	2.31343
75	5	5	0.511285
42	12	5	6.38981
3	49	5	8.25681
3	10	5	1.4265
44	21	5	8.93667
16	8	5	9.68226
45	84	5	4.76131
25	56	5	0.964252
81	39	5	8.29546
84	79	5	7.34089
