cx	cy	r0	initAmp
85	49	5	8.37016
1	51	5	1.79201
12	54	5	0.192533
7	29	5	1.66416
71	28	5	5.80237
46	50	5	9.30203
3	87	5	6.37035
69	47	5	4.29608
81	74	5	1.4706
2	63	5	5.90801
100	45	5	4.94575
99	48	5	0.48136
52	28	5	1.05709
6	38	5	0.57624
56	35	5	8.67651
57	96	5	6.39713
17	82	5	7.086
25	59	5	9.518
1	98	5	4.31666
29	47	5	3.12709
