cx	cy	r0	initAmp
22	87	5	7.20124
79	100	5	1.68323
93	58	5	3.74793
47	95	5	9.69361
29	13	5	3.33636
14	98	5	6.56353
29	29	5	6.2991
69	72	5	6.78266
51	46	5	5.94875
80	61	5	7.96059
31	45	5	0.216999
32	17	5	7.49856
90	23	5	9.20516
20	56	5	5.18918
93	63	5	2.0438
15	98	5	4.91534
80	90	5	5.3493
46	53	5	4.50259
93	91	5	9.63619
2	6	5	4.11023
