cx	cy	r0	initAmp
95	83	5	1.87689
23	52	5	4.19048
60	88	5	6.65999
43	58	5	5.17412
77	46	5	8.54493
1	69	5	1.71011
36	42	5	9.78159
91	65	5	3.01264
46	61	5	2.32449
99	11	5	7.91664
87	97	5	8.8397
99	76	5	9.87299
93	68	5	0.160636
31	33	5	2.045
85	3	5	6.45559
13	81	5	5.10672
79	98	5	2.10329
26	29	5	3.08934
10	65	5	0.176072
95	27	5	6.44886
