cx	cy	r0	initAmp
18	24	5	4.46111
56	6	5	4.10209
91	35	5	1.78454
77	81	5	3.80494
68	28	5	3.53892
22	68	5	2.62293
16	54	5	4.70879
75	11	5	0.618687
2	49	5	9.68361
14	92	5	9.82835
47	22	5	4.44595
96	13	5	2.23775
81	51	5	6.87979
93	86	5	6.13405
20	4	5	7.03628
21	91	5	2.42408
72	11	5	2.0425
48	74	5	9.09181
88	26	5	9.57103
70	23	5	4.62945
