cx	cy	r0	initAmp
65	69	5	4.02268
100	6	5	3.08131
52	79	5	9.71512
66	74	5	5.76365
60	78	5	2.6928
76	19	5	8.72062
14	5	5	0.780356
1	89	5	7.67839
15	18	5	6.41674
70	78	5	1.94118
60	29	5	7.44875
90	66	5	9.56319
45	99	5	7.52493
32	28	5	6.70026
93	42	5	5.94447
47	78	5	1.89848
80	26	5	4.27164
20	6	5	8.1242
82	87	5	7.58825
15	26	5	7.10387
