cx	cy	r0	initAmp
21	51	5	4.76201
17	39	5	5.79219
14	38	5	7.85188
59	19	5	1.92534
21	17	5	3.45416
14	7	5	9.9169
21	50	5	1.48258
30	76	5	7.97108
36	15	5	0.391613
24	25	5	8.00333
36	78	5	1.08881
43	50	5	1.35105
81	4	5	4.45557
65	85	5	6.42685
60	56	5	3.01794
23	83	5	4.77427
1	90	5	9.65459
26	46	5	9.13275
19	96	5	1.68703
99	35	5	8.6938
