cx	cy	r0	initAmp
92	9	5	0.800079
93	73	5	6.24306
53	83	5	8.71556
4	46	5	0.218549
37	24	5	2.55178
73	80	5	5.1711
64	42	5	8.99253
36	87	5	2.72499
87	27	5	7.81261
59	33	5	0.851108
30	5	5	8.24165
91	7	5	3.71468
37	90	5	8.77491
15	37	5	9.19698
79	9	5	2.01223
67	89	5	4.62375
9	63	5	6.33333
28	98	5	4.31133
42	19	5	8.35132
42	73	5	7.57591
