cx	cy	r0	initAmp
11	12	5	3.20888
22	12	5	1.58819
39	55	5	9.14869
37	90	5	2.40554
9	63	5	8.00907
33	31	5	4.03734
47	77	5	8.2582
56	59	5	8.28071
27	50	5	9.44821
79	54	5	8.49013
62	74	5	6.00347
91	11	5	5.01914
81	91	5	4.49563
3	5	5	9.00484
68	5	5	5.42726
45	10	5	0.647428
97	41	5	9.46621
34	32	5	4.64152
99	42	5	0.521679
43	13	5	1.88522
