cx	cy	r0	initAmp
16	93	5	9.01113
87	60	5	5.89287
55	84	5	3.56313
75	29	5	4.62853
16	12	5	2.61986
85	14	5	3.4466
68	15	5	6.0634
68	80	5	6.42946
70	81	5	8.92276
55	5	5	1.91371
38	62	5	6.19471
60	79	5	9.48637
64	79	5	3.94916
54	96	5	2.48236
3	4	5	6.9031
16	4	5	9.29747
58	58	5	3.88833
81	96	5	7.18333
24	60	5	3.77385
27	8	5	8.00085
