cx	cy	r0	initAmp
67	30	5	9.4443
88	70	5	6.1965
20	13	5	4.60112
29	1	5	3.9913
52	65	5	7.26176
50	82	5	1.44818
23	32	5	9.61371
15	34	5	0.768537
18	64	5	6.88123
44	89	5	9.26509
55	7	5	6.90216
74	37	5	3.996
24	12	5	1.08198
10	29	5	0.700266
55	78	5	6.82279
12	24	5	1.80199
94	34	5	3.89684
14	28	5	8.80124
43	69	5	0.565947
63	7	5	2.2765
