cx	cy	r0	initAmp
47	77	5	1.35454
83	66	5	6.26452
39	90	5	5.35171
4	80	5	0.983695
74	42	5	4.62243
5	73	5	7.10189
58	73	5	6.02286
13	2	5	4.9928
46	29	5	8.60464
85	90	5	0.465086
8	41	5	8.76287
92	79	5	4.82974
54	87	5	3.08496
77	42	5	1.1091
48	98	5	6.63041
91	33	5	9.46753
37	39	5	1.39655
22	26	5	4.86029
82	7	5	1.44335
15	9	5	9.82759
