cx	cy	r0	initAmp
79	11	5	7.53861
82	54	5	6.00992
17	42	5	0.640399
77	24	5	4.80977
40	42	5	3.47437
62	61	5	1.13743
47	59	5	2.89285
17	95	5	7.45003
87	58	5	0.399346
24	75	5	0.0897538
14	15	5	2.16501
2	22	5	5.88056
6	26	5	8.65309
55	91	5	1.78457
66	22	5	8.11422
19	4	5	0.953202
81	22	5	9.18043
62	18	5	7.58923
28	2	5	0.885593
73	13	5	9.56575
