cx	cy	r0	initAmp
23	72	5	9.87169
59	19	5	9.80755
2	17	5	8.23327
14	55	5	1.79824
82	32	5	9.20796
66	78	5	0.791252
44	63	5	4.84958
40	74	5	7.49085
51	11	5	2.19569
95	80	5	7.74748
81	77	5	0.0712371
42	63	5	6.81399
55	60	5	2.35546
89	97	5	8.37167
76	92	5	2.31996
60	9	5	8.96343
45	82	5	2.36674
65	30	5	9.90423
79	97	5	0.893369
41	61	5	7.57387
