cx	cy	r0	initAmp
66	96	5	4.24043
95	21	5	1.61873
39	67	5	5.20344
65	51	5	6.07041
70	33	5	5.80806
13	13	5	8.21116
24	81	5	9.84992
26	99	5	9.34495
43	55	5	9.03055
84	24	5	3.38026
75	61	5	7.83244
39	18	5	7.43735
27	89	5	5.80585
6	59	5	4.32664
44	73	5	6.67928
21	28	5	2.36687
60	79	5	4.51737
10	14	5	9.19997
23	40	5	9.66873
59	63	5	7.69051
