cx	cy	r0	initAmp
14	67	5	9.29088
89	99	5	4.99612
94	47	5	8.0205
45	13	5	8.9658
39	92	5	4.82129
26	95	5	8.4793
66	28	5	2.76679
50	52	5	3.40229
97	16	5	1.05075
81	2	5	5.23148
46	33	5	6.48508
81	100	5	8.99612
5	52	5	1.03866
77	88	5	3.11745
1	7	5	0.781033
30	29	5	9.3787
62	47	5	9.59087
92	77	5	1.91242
31	93	5	9.54021
25	40	5	4.44048
