cx	cy	r0	initAmp
15	94	5	8.13954
32	44	5	8.62859
56	63	5	4.48303
13	67	5	1.04376
50	8	5	8.7422
93	7	5	2.95054
38	49	5	8.0321
13	89	5	1.48223
100	81	5	1.60502
78	75	5	0.671932
74	24	5	7.78992
4	95	5	9.169
82	93	5	7.11476
6	48	5	3.92723
58	84	5	6.17303
34	12	5	1.38186
22	53	5	6.89728
77	15	5	1.08276
95	3	5	7.06604
71	36	5	7.85199
