cx	cy	r0	initAmp
14	12	5	6.07629
99	57	5	3.37653
47	26	5	4.16394
99	10	5	9.28908
16	68	5	6.36231
1	37	5	7.56142
64	26	5	0.921203
41	37	5	6.78995
70	91	5	0.32994
25	47	5	4.82049
49	10	5	1.03053
5	29	5	5.6914
66	91	5	2.82042
49	77	5	5.47957
20	3	5	6.96043
59	40	5	9.50083
2	77	5	3.88087
82	100	5	2.105
1	51	5	0.707664
94	73	5	7.14604
