cx	cy	r0	initAmp
90	49	5	6.10287
17	54	5	7.50449
35	49	5	3.26085
28	27	5	2.71327
97	23	5	2.37563
97	69	5	7.18869
51	60	5	2.07836
83	56	5	3.28236
84	67	5	5.88761
69	33	5	9.00261
75	98	5	1.43698
84	81	5	5.47694
47	38	5	0.437989
47	72	5	6.53239
84	85	5	9.02964
37	5	5	6.48202
36	69	5	4.47771
73	80	5	3.19657
65	3	5	6.24496
6	1	5	7.73933
