cx	cy	r0	initAmp
23	6	5	7.62346
63	48	5	4.2589
25	14	5	4.33419
6	10	5	8.10701
63	71	5	8.37763
28	18	5	6.28193
45	30	5	0.31586
16	60	5	1.95559
43	95	5	9.29492
20	91	5	5.66406
80	59	5	9.90264
29	90	5	8.95003
33	36	5	5.81718
15	60	5	6.14815
60	68	5	3.6879
72	44	5	1.19732
94	74	5	0.979642
79	40	5	1.23504
28	59	5	2.58618
99	85	5	4.61569
