cx	cy	r0	initAmp
27	76	5	2.66143
86	49	5	8.01449
42	59	5	8.03018
15	70	5	4.99303
44	44	5	0.719704
68	25	5	6.34842
43	27	5	7.3431
83	68	5	3.21302
98	55	5	7.09492
58	90	5	6.11647
67	66	5	7.41441
48	55	5	0.212104
93	15	5	3.87248
74	90	5	4.48305
68	22	5	6.23476
88	82	5	0.224895
38	94	5	2.33166
34	35	5	7.65409
43	72	5	8.95689
3	91	5	8.15403
