cx	cy	r0	initAmp
65	25	5	2.04486
9	36	5	1.08649
34	9	5	0.908479
25	30	5	1.96002
96	11	5	0.127343
59	5	5	7.89016
2	18	5	5.42263
3	95	5	5.85995
47	59	5	4.29207
97	6	5	0.512372
8	66	5	3.41537
91	2	5	9.52792
46	87	5	4.42174
18	46	5	7.79748
77	18	5	1.56187
58	6	5	9.23602
54	67	5	4.62195
12	43	5	9.22825
77	41	5	6.88282
10	1	5	0.648716
