cx	cy	r0	initAmp
84	26	5	5.89232
62	51	5	3.54004
68	37	5	4.78885
98	87	5	2.80415
62	71	5	3.26282
58	83	5	9.40772
72	1	5	9.31952
36	1	5	3.79723
86	26	5	8.07327
51	33	5	6.76678
59	45	5	2.1274
93	75	5	3.50228
75	24	5	9.08257
82	78	5	1.63508
94	53	5	0.117251
40	13	5	3.65535
1	84	5	8.42196
21	17	5	7.57389
38	92	5	1.37863
13	53	5	1.21626
