cx	cy	r0	initAmp
96	5	5	6.87688
30	67	5	2.58392
87	78	5	3.47738
79	99	5	0.929569
38	4	5	6.36495
40	17	5	4.4294
82	86	5	5.13588
67	38	5	0.901909
86	93	5	5.79134
75	82	5	9.98033
67	58	5	0.653541
70	58	5	4.45156
24	98	5	7.57133
94	74	5	5.28729
70	22	5	7.59301
60	21	5	5.10929
60	72	5	9.84448
87	12	5	5.99064
91	14	5	3.2368
54	13	5	9.99521
