cx	cy	r0	initAmp
90	90	5	5.67229
60	70	5	1.48749
44	62	5	8.63748
16	84	5	0.399782
35	19	5	6.4072
63	22	5	2.79743
14	70	5	3.77827
49	38	5	4.99961
5	1	5	3.76962
57	3	5	6.27556
28	47	5	5.73122
60	52	5	6.04096
30	23	5	7.94106
26	31	5	2.39622
12	19	5	4.55416
81	41	5	5.03976
47	39	5	6.35139
26	95	5	6.96381
29	3	5	3.72406
34	23	5	7.92513
