cx	cy	r0	initAmp
96	32	5	0.274854
95	51	5	6.87626
5	6	5	9.19284
50	60	5	3.02821
9	56	5	6.16735
57	21	5	2.64766
17	11	5	8.85312
65	3	5	9.15012
65	12	5	3.91199
70	69	5	2.03251
71	19	5	4.21211
70	49	5	2.03982
18	81	5	4.48173
15	8	5	1.89725
92	58	5	0.437535
18	54	5	4.5072
75	49	5	5.93517
100	6	5	1.11543
51	33	5	2.57526
95	16	5	9.04933
