cx	cy	r0	initAmp
32	58	5	0.688733
77	94	5	2.46561
94	52	5	3.02875
100	66	5	1.50412
24	51	5	5.38806
87	98	5	9.27479
44	9	5	9.97899
20	17	5	8.42222
88	94	5	6.4945
39	5	5	3.01022
84	94	5	5.84009
71	83	5	3.20592
7	12	5	6.63194
31	2	5	3.25298
65	96	5	6.48884
67	59	5	5.96116
27	69	5	6.6298
24	56	5	8.9251
100	24	5	1.05639
9	42	5	7.45033
