cx	cy	r0	initAmp
81	52	5	4.03622
98	52	5	1.69481
74	75	5	1.41177
73	21	5	4.60034
92	84	5	6.91059
3	32	5	0.414461
69	36	5	9.09977
44	61	5	1.0862
98	54	5	5.08492
88	85	5	0.128957
20	49	5	7.38202
93	68	5	2.92771
4	83	5	2.60256
50	87	5	2.64213
13	86	5	9.10691
5	41	5	3.14998
49	100	5	2.11672
47	14	5	6.02441
31	99	5	1.42415
95	83	5	6.54804
