cx	cy	r0	initAmp
84	16	5	9.21894
48	4	5	4.77113
88	80	5	7.69587
72	20	5	5.43352
79	19	5	9.45853
35	86	5	9.51978
82	94	5	3.81014
60	3	5	1.76949
23	41	5	6.56116
75	64	5	8.19787
81	38	5	1.40086
47	30	5	6.45855
38	41	5	8.34162
79	15	5	3.60174
92	74	5	7.67487
77	94	5	4.38257
14	9	5	6.36382
76	51	5	4.37395
75	89	5	6.71885
98	56	5	1.7864
