cx	cy	r0	initAmp
51	63	5	0.184244
79	90	5	0.657267
45	91	5	5.77355
19	55	5	8.48152
29	84	5	9.01061
63	88	5	5.27424
55	25	5	9.65511
28	58	5	5.81285
70	42	5	8.03119
41	78	5	9.17089
75	90	5	7.7793
55	84	5	4.75621
72	69	5	3.59172
70	71	5	1.53824
14	26	5	6.41728
44	2	5	9.26439
57	57	5	4.62563
59	9	5	3.3488
17	89	5	3.30606
71	58	5	8.33883
