cx	cy	r0	initAmp
76	49	5	4.9863
85	90	5	5.8374
41	7	5	5.4906
35	22	5	9.04308
65	95	5	6.33996
17	88	5	7.13426
45	29	5	1.62642
14	15	5	9.26621
39	81	5	5.50186
55	100	5	4.91058
43	17	5	7.18889
8	3	5	4.40883
8	10	5	1.13821
55	16	5	8.15234
32	46	5	7.62877
71	96	5	7.63857
52	11	5	4.50718
79	92	5	5.49171
84	64	5	7.54914
52	58	5	6.30995
