cx	cy	r0	initAmp
62	80	5	3.22814
17	85	5	4.00546
44	82	5	3.18966
77	100	5	9.47222
30	58	5	9.18708
15	82	5	8.13844
3	43	5	0.340771
43	3	5	9.43373
24	46	5	9.50439
34	11	5	8.06591
100	82	5	4.81278
24	70	5	9.66759
9	57	5	4.16979
67	28	5	3.1884
63	100	5	0.164428
28	14	5	0.381819
47	62	5	0.530897
12	49	5	1.27961
8	41	5	0.333832
91	73	5	2.26421
