cx	cy	r0	initAmp
83	63	5	6.01408
21	61	5	3.28663
22	34	5	7.53233
42	58	5	5.37834
27	97	5	6.13208
8	85	5	4.42321
46	43	5	8.18646
97	62	5	6.36322
64	29	5	4.46474
34	57	5	1.39698
11	21	5	3.58842
100	86	5	7.10982
95	80	5	4.95152
95	100	5	2.96822
81	74	5	6.07208
51	43	5	1.38535
13	30	5	1.16669
77	70	5	2.83074
62	80	5	5.25153
93	54	5	8.69842
