cx	cy	r0	initAmp
13	23	5	6.58278
71	81	5	1.40113
9	94	5	4.60258
16	98	5	9.16089
96	87	5	8.59478
72	10	5	5.88685
23	9	5	9.37813
92	53	5	1.53915
98	97	5	3.98809
43	68	5	1.20124
98	88	5	0.936227
21	3	5	9.96756
92	81	5	7.93577
75	5	5	4.58564
50	47	5	7.31556
41	70	5	0.0516974
24	83	5	7.37325
51	30	5	3.5427
43	34	5	9.45771
48	59	5	2.01895
