cx	cy	r0	initAmp
38	83	5	5.52927
35	61	5	3.35505
93	95	5	7.95546
3	99	5	2.71092
1	80	5	2.09881
79	19	5	1.67891
5	24	5	6.30478
48	23	5	1.72032
37	23	5	5.61878
100	20	5	5.8338
21	56	5	5.41931
91	31	5	6.7537
46	77	5	7.06003
78	26	5	4.32989
3	15	5	7.83815
41	16	5	5.42565
6	22	5	4.07491
30	17	5	0.254645
100	14	5	4.15089
76	94	5	6.85027
