cx	cy	r0	initAmp
9	47	5	0.481345
55	3	5	1.95204
91	42	5	6.11211
80	51	5	3.16333
41	15	5	2.8749
39	92	5	0.43297
11	83	5	3.16842
18	80	5	3.13597
67	6	5	7.60806
53	20	5	2.24611
64	88	5	4.7641
59	76	5	5.2778
99	9	5	3.43742
56	37	5	6.73714
31	16	5	9.20699
40	93	5	5.12686
67	2	5	2.27752
62	57	5	1.67819
16	100	5	2.84295
26	95	5	0.344305
