cx	cy	r0	initAmp
10	96	5	3.17634
74	32	5	9.15225
68	1	5	2.83345
25	83	5	6.93559
78	31	5	5.5403
48	35	5	0.584756
38	86	5	4.30468
67	70	5	6.06157
36	85	5	9.7097
97	94	5	1.22244
60	12	5	2.60359
59	78	5	7.71867
91	49	5	9.57293
30	77	5	8.6183
20	72	5	0.665221
70	60	5	1.29752
25	26	5	5.44084
65	91	5	2.83315
82	39	5	2.41917
67	6	5	6.03891
