cx	cy	r0	initAmp
22	18	5	1.29699
40	69	5	4.86489
64	21	5	0.946575
8	63	5	0.736317
69	70	5	2.80573
24	63	5	1.11805
50	98	5	6.09485
4	65	5	1.21026
91	18	5	0.894312
86	32	5	4.62428
37	33	5	0.906689
82	93	5	0.459276
76	97	5	6.1883
28	73	5	6.32154
75	88	5	0.455805
18	51	5	8.25981
78	43	5	4.72779
61	55	5	3.54577
93	20	5	8.38873
29	55	5	6.47194
