cx	cy	r0	initAmp
51	22	5	5.61479
80	77	5	6.27994
71	30	5	8.8084
95	60	5	4.27896
74	10	5	0.391517
79	50	5	3.85175
56	48	5	4.12405
2	59	5	7.96357
65	45	5	5.54008
3	23	5	4.50185
24	64	5	3.01535
12	81	5	6.36684
28	68	5	6.55114
98	32	5	9.55902
50	88	5	2.54008
95	5	5	1.04543
83	15	5	5.6394
97	75	5	9.88089
31	88	5	2.8266
99	16	5	5.88876
