cx	cy	r0	initAmp
51	26	5	7.89795
37	99	5	3.24914
45	40	5	6.26449
37	55	5	0.102492
64	15	5	8.24612
54	67	5	7.18716
35	95	5	1.78016
2	61	5	5.26333
55	92	5	9.59054
3	6	5	2.90719
10	95	5	9.195
85	9	5	2.99959
84	90	5	0.303427
89	78	5	4.06881
59	27	5	5.44084
4	35	5	8.20238
60	48	5	5.55712
19	19	5	0.577708
63	9	5	2.58616
20	60	5	5.16872
