cx	cy	r0	initAmp
35	61	5	9.37153
70	20	5	4.52535
30	51	5	8.2746
49	60	5	8.56118
54	63	5	9.84663
28	65	5	4.7729
48	86	5	5.11314
86	36	5	6.71761
48	96	5	1.72863
65	57	5	0.254625
83	58	5	4.36676
48	69	5	4.52765
63	38	5	5.20642
3	28	5	1.30613
22	78	5	6.27558
72	84	5	3.70651
48	18	5	6.44928
81	75	5	5.01662
62	6	5	2.36283
17	67	5	8.52927
