cx	cy	r0	initAmp
6	97	5	7.21273
90	94	5	2.30033
30	73	5	9.72488
93	39	5	6.84932
24	79	5	7.28563
74	18	5	8.09972
28	66	5	9.76323
76	77	5	7.24506
21	95	5	9.84137
59	75	5	6.58527
16	94	5	4.25409
61	90	5	3.96082
41	50	5	7.85836
12	50	5	0.0176438
29	39	5	1.58104
93	11	5	9.88072
85	50	5	2.24718
88	78	5	1.36471
18	78	5	9.4732
1	49	5	0.610506
