cx	cy	r0	initAmp
56	42	5	2.8565
41	94	5	1.91976
84	85	5	0.424027
13	78	5	8.97942
11	28	5	0.755314
99	72	5	2.47295
30	82	5	6.14859
25	45	5	5.04049
14	60	5	7.61847
69	72	5	7.68165
60	98	5	9.35952
7	86	5	4.03031
47	16	5	8.26617
9	18	5	7.59654
48	86	5	7.85975
76	76	5	7.80475
3	95	5	3.56688
21	63	5	7.70477
88	92	5	7.85533
19	60	5	9.84932
