cx	cy	r0	initAmp
89	58	5	5.42136
33	88	5	6.91517
31	11	5	1.10227
27	11	5	6.79091
86	56	5	2.93659
60	39	5	3.56099
7	6	5	2.65126
82	89	5	0.71776
52	65	5	9.64817
60	91	5	1.92717
77	44	5	1.42848
84	78	5	3.67577
42	52	5	3.29895
11	63	5	8.96237
10	30	5	0.151801
48	1	5	4.56472
18	87	5	7.37684
94	1	5	1.92625
79	62	5	1.69976
65	75	5	3.08397
