cx	cy	r0	initAmp
21	35	5	7.49595
10	3	5	4.84426
21	59	5	9.37744
75	1	5	2.04504
74	86	5	1.83127
94	92	5	3.54312
87	44	5	8.53552
37	20	5	8.13792
100	8	5	4.1786
68	34	5	8.30953
18	53	5	0.966477
4	53	5	0.936119
86	46	5	2.30246
58	87	5	5.05659
84	81	5	9.0449
100	87	5	1.51762
87	46	5	6.8569
80	12	5	8.32692
84	72	5	6.41255
77	42	5	0.705268
