cx	cy	r0	initAmp
67	81	5	7.3245
91	6	5	0.870472
67	44	5	9.87939
8	20	5	0.541609
48	23	5	9.99685
94	87	5	1.8363
16	94	5	4.13791
3	39	5	1.15263
20	80	5	5.06068
10	24	5	3.44698
40	92	5	0.838971
72	34	5	9.81135
43	2	5	5.08861
48	40	5	3.11935
18	43	5	0.22862
60	18	5	0.384036
2	34	5	5.652
84	91	5	5.23316
23	70	5	3.18645
25	15	5	5.75048
