cx	cy	r0	initAmp
66	84	5	8.46357
89	6	5	7.58101
59	80	5	9.86717
82	14	5	0.956867
23	23	5	5.91265
16	100	5	7.16779
62	12	5	6.67071
66	14	5	3.7748
61	86	5	8.45966
71	2	5	7.46309
20	19	5	0.783193
17	61	5	9.89874
6	33	5	3.05944
77	48	5	2.66405
33	69	5	9.72939
24	25	5	0.946066
36	72	5	9.10395
54	39	5	5.32892
83	20	5	5.65835
6	92	5	5.44169
