cx	cy	r0	initAmp
59	26	5	4.20098
70	10	5	0.643637
19	97	5	5.96433
5	26	5	8.37324
21	29	5	8.92486
11	77	5	2.00527
73	80	5	5.02395
68	55	5	8.95382
48	39	5	2.55921
45	39	5	8.67232
2	29	5	0.164879
76	75	5	5.52497
61	24	5	5.27905
97	44	5	9.2335
67	89	5	2.45948
61	29	5	0.640184
45	79	5	9.02105
23	76	5	8.7404
68	42	5	1.63667
74	23	5	9.99741
