cx	cy	r0	initAmp
40	30	5	3.74129
18	90	5	2.15825
8	24	5	3.47205
20	71	5	9.71769
40	41	5	4.39496
42	88	5	2.137
77	53	5	8.15815
53	43	5	2.6835
42	43	5	2.66563
54	33	5	3.65162
28	77	5	9.69841
44	98	5	4.55984
83	35	5	1.56667
28	15	5	1.18058
73	88	5	6.63987
11	81	5	4.41801
50	11	5	3.15389
59	74	5	5.11758
58	30	5	6.77577
21	80	5	5.35569
