cx	cy	r0	initAmp
69	94	5	1.14096
36	80	5	6.28056
95	44	5	3.01315
65	68	5	3.10742
98	77	5	1.2979
20	53	5	5.17312
56	15	5	4.17325
44	79	5	5.50332
52	21	5	1.25799
57	10	5	8.29021
85	47	5	0.952642
45	3	5	1.79676
58	4	5	5.85326
32	94	5	3.45894
92	61	5	7.73248
53	69	5	2.07281
26	40	5	4.82746
64	77	5	4.69096
49	28	5	1.40736
10	87	5	1.93315
