cx	cy	r0	initAmp
38	97	5	3.47484
95	15	5	2.2834
7	58	5	6.02727
96	29	5	4.08075
46	52	5	6.48191
1	44	5	3.14087
53	43	5	6.03292
96	5	5	3.20791
32	90	5	2.32504
77	90	5	7.34777
87	40	5	3.5594
74	45	5	9.08691
25	14	5	7.91979
96	28	5	5.0017
55	79	5	8.95949
92	6	5	7.69378
31	84	5	0.956177
16	91	5	0.299181
33	56	5	6.72205
38	6	5	3.99677
