cx	cy	r0	initAmp
56	49	5	4.15967
96	69	5	2.27961
4	45	5	8.61973
94	3	5	6.028
6	3	5	4.21806
87	16	5	1.30454
21	24	5	8.60214
43	38	5	9.98856
12	37	5	3.28434
90	16	5	8.48087
25	28	5	8.79566
51	81	5	9.85901
97	20	5	2.87325
30	77	5	7.60765
52	66	5	1.61822
36	43	5	2.8591
20	75	5	5.29534
3	94	5	6.17532
12	57	5	6.15642
70	9	5	0.484781
