cx	cy	r0	initAmp
64	86	5	7.27929
89	69	5	0.979387
26	95	5	8.96127
32	59	5	5.2592
94	8	5	4.98813
75	27	5	4.76239
1	48	5	3.39683
2	43	5	2.7189
69	52	5	6.6536
96	48	5	3.79631
51	15	5	9.13055
64	21	5	7.6684
88	1	5	6.07197
85	6	5	9.1758
74	72	5	6.22139
66	3	5	5.45419
56	70	5	5.58024
43	69	5	1.04541
39	71	5	7.03601
1	52	5	0.568161
