cx	cy	r0	initAmp
59	81	5	6.41241
18	17	5	5.58049
19	60	5	6.04683
32	81	5	8.66605
2	56	5	7.49231
57	98	5	9.45463
18	99	5	9.12359
92	2	5	4.71743
23	50	5	6.35161
99	91	5	2.21448
98	14	5	1.20089
100	53	5	3.17144
19	45	5	6.28443
44	3	5	4.06141
70	42	5	7.11401
48	80	5	2.58447
6	1	5	1.62988
30	41	5	9.9548
18	32	5	8.74858
40	36	5	4.17438
