cx	cy	r0	initAmp
47	57	5	4.96052
55	100	5	7.02125
39	40	5	2.67089
32	86	5	9.93295
97	65	5	2.74335
89	19	5	9.19317
93	91	5	7.69808
21	19	5	3.56683
61	66	5	3.11897
17	81	5	2.90267
72	11	5	1.07419
30	6	5	9.63225
87	32	5	4.11259
51	99	5	4.23108
88	54	5	2.12649
28	30	5	0.226677
35	29	5	9.87824
7	66	5	4.52635
38	81	5	1.86839
28	67	5	3.97125
