cx	cy	r0	initAmp
9	16	5	2.75454
100	24	5	3.13837
7	79	5	1.06478
16	75	5	4.72921
42	66	5	8.6527
20	79	5	8.32173
75	100	5	5.2044
36	47	5	6.45872
90	87	5	9.5583
69	36	5	1.54253
69	29	5	9.32761
84	50	5	4.03097
56	98	5	4.08664
50	84	5	1.65554
100	76	5	0.0867589
21	50	5	4.58434
5	97	5	1.65348
78	6	5	8.34758
96	98	5	0.00688322
42	67	5	1.94685
