cx	cy	r0	initAmp
4	71	5	2.91934
78	57	5	3.09937
69	71	5	6.5388
22	62	5	6.79137
25	97	5	1.08636
95	46	5	0.0128823
42	98	5	3.60752
75	68	5	8.28356
14	100	5	2.47629
43	60	5	6.66704
45	20	5	8.24094
88	10	5	6.11403
52	23	5	2.81411
35	62	5	2.98144
30	63	5	4.02799
81	27	5	2.53231
68	72	5	5.53529
11	13	5	8.56753
49	23	5	8.6068
75	81	5	4.95745
