cx	cy	r0	initAmp
57	43	5	4.15716
10	79	5	7.74218
70	54	5	9.32357
25	21	5	7.01052
94	12	5	1.41468
50	33	5	8.62448
39	25	5	0.791145
6	84	5	7.58722
79	26	5	2.94236
63	86	5	5.25143
36	51	5	2.9286
85	30	5	3.78169
27	61	5	9.26383
71	41	5	0.391602
2	60	5	1.92732
19	50	5	2.52612
21	84	5	9.77833
69	22	5	8.65157
41	37	5	4.60757
25	46	5	3.63492
