cx	cy	r0	initAmp
54	21	5	3.80015
71	62	5	5.82237
40	13	5	9.01585
54	60	5	9.51339
64	3	5	2.08871
41	78	5	0.497083
52	87	5	6.81382
38	71	5	3.22862
13	17	5	4.01727
46	17	5	6.96007
31	88	5	8.12735
55	61	5	5.68646
52	64	5	5.47408
45	50	5	5.16735
25	13	5	2.18891
99	40	5	6.22836
91	33	5	4.4722
24	91	5	7.76293
3	74	5	9.73568
72	65	5	6.95925
