cx	cy	r0	initAmp
32	1	5	9.35567
24	28	5	1.61383
29	77	5	4.88484
15	100	5	8.37952
23	17	5	3.24605
9	69	5	0.442285
95	90	5	8.10569
43	14	5	5.24851
69	12	5	7.89311
96	27	5	0.683824
54	72	5	0.22265
20	84	5	1.30045
93	66	5	8.2199
37	94	5	2.42998
35	29	5	2.48203
51	21	5	4.46776
24	79	5	1.87409
60	3	5	9.64499
64	21	5	2.79581
56	5	5	0.943365
