cx	cy	r0	initAmp
2	75	5	0.733222
99	50	5	5.91065
68	98	5	0.895711
46	16	5	2.83727
38	83	5	7.28298
28	77	5	9.00265
15	99	5	7.3259
56	40	5	1.00205
24	7	5	7.29757
33	77	5	1.52124
99	13	5	1.75962
32	64	5	9.75208
95	30	5	4.48651
81	87	5	5.81565
53	26	5	6.48615
73	27	5	3.94001
32	72	5	9.98961
77	72	5	4.30646
43	10	5	2.99055
10	56	5	3.76642
