cx	cy	r0	initAmp
9	52	5	5.47324
15	62	5	4.93993
56	59	5	9.90235
63	72	5	6.00242
73	81	5	9.68675
11	19	5	2.31975
52	95	5	7.5012
46	37	5	2.47169
44	100	5	0.408619
41	79	5	4.48076
58	2	5	8.48135
85	23	5	9.24203
58	17	5	1.12708
25	62	5	9.63679
97	77	5	0.450141
51	16	5	7.46115
66	71	5	8.09143
14	25	5	8.84773
10	90	5	2.96347
84	6	5	8.63889
