cx	cy	r0	initAmp
62	24	5	1.27466
58	15	5	2.98524
17	94	5	1.99804
1	78	5	2.99637
73	67	5	1.7638
85	95	5	3.13371
1	13	5	4.08954
64	94	5	0.636992
26	14	5	6.01357
25	59	5	7.67944
68	92	5	5.29731
76	51	5	7.72725
1	59	5	3.6452
90	33	5	2.77647
81	27	5	8.62928
61	26	5	1.48727
77	16	5	5.62732
94	28	5	9.6552
23	83	5	0.868497
94	45	5	1.77374
