cx	cy	r0	initAmp
27	20	5	4.19365
72	64	5	1.22663
36	15	5	2.38302
46	76	5	3.5463
7	68	5	2.11954
72	44	5	4.28374
55	55	5	1.13841
62	22	5	1.09288
14	58	5	0.28749
58	44	5	2.58052
20	36	5	0.732475
47	44	5	3.07234
48	34	5	3.96517
36	84	5	1.1047
56	95	5	9.00952
88	72	5	0.593379
92	39	5	8.39543
19	58	5	8.49721
15	1	5	3.65191
79	32	5	9.31253
