cx	cy	r0	initAmp
76	34	5	1.54097
54	42	5	0.122267
48	53	5	7.45353
76	38	5	5.55345
91	89	5	4.72764
32	80	5	2.4907
1	75	5	8.7107
64	49	5	2.94006
42	50	5	6.01192
33	6	5	5.6159
2	62	5	5.5841
86	67	5	0.0284017
30	13	5	1.78601
16	55	5	2.82611
65	37	5	9.53318
42	18	5	5.6699
94	82	5	4.46518
72	22	5	0.307316
34	2	5	0.030882
9	47	5	0.830068
