cx	cy	r0	initAmp
41	33	5	0.639109
67	95	5	9.58548
40	44	5	4.46842
10	57	5	0.681712
86	57	5	0.631458
53	14	5	6.72967
61	83	5	9.13714
26	100	5	8.54956
29	36	5	2.36364
29	89	5	8.57865
66	79	5	2.27282
93	89	5	8.66277
50	64	5	1.27107
75	31	5	7.9558
82	59	5	0.336481
29	11	5	1.21845
17	74	5	7.38435
9	83	5	1.30466
27	58	5	1.03443
88	94	5	2.76916
