cx	cy	r0	initAmp
74	83	5	7.855
84	44	5	4.76415
84	94	5	1.9062
93	93	5	8.55754
24	48	5	6.95823
6	82	5	0.505351
48	18	5	8.59274
48	41	5	2.09772
18	17	5	6.56661
91	80	5	8.87283
95	71	5	0.649572
18	45	5	6.86764
69	28	5	1.41144
53	88	5	7.44481
3	53	5	5.34158
75	81	5	0.864248
23	28	5	2.55406
51	79	5	7.1875
93	27	5	9.45597
36	58	5	9.14478
