cx	cy	r0	initAmp
52	35	5	6.82211
53	28	5	8.66309
11	13	5	4.77385
13	4	5	5.27509
43	72	5	6.21209
18	25	5	9.56365
61	75	5	7.26843
70	44	5	7.49427
22	41	5	0.885037
47	63	5	7.97618
24	4	5	9.30438
90	49	5	2.0981
68	55	5	4.04815
45	65	5	3.84034
70	92	5	7.92755
57	87	5	7.02093
72	64	5	8.88069
62	3	5	7.50188
65	67	5	6.52337
82	2	5	8.04214
