cx	cy	r0	initAmp
78	38	5	4.64135
38	84	5	6.67677
40	28	5	0.680116
58	75	5	0.526799
59	6	5	5.69621
56	17	5	5.02738
14	31	5	4.67267
97	49	5	6.48715
61	16	5	3.43498
59	84	5	3.97338
89	36	5	8.54623
32	40	5	4.76866
98	82	5	0.975561
31	60	5	6.71074
26	83	5	8.69521
64	62	5	3.94939
89	2	5	8.65593
72	56	5	7.56098
10	3	5	2.36603
90	4	5	1.04921
