cx	cy	r0	initAmp
62	58	5	4.24807
94	3	5	5.6022
98	79	5	7.12024
42	48	5	2.12265
32	82	5	4.64427
46	5	5	1.08151
56	48	5	8.48112
35	26	5	4.83311
17	7	5	3.96378
1	99	5	6.38337
6	7	5	2.6843
11	42	5	2.42553
76	42	5	9.76314
23	71	5	5.21109
10	56	5	8.22798
30	78	5	0.218364
48	29	5	4.30265
12	85	5	0.4391
89	9	5	1.95989
15	61	5	5.72208
