cx	cy	r0	initAmp
46	69	5	8.34565
32	90	5	8.3147
66	7	5	6.1906
64	55	5	0.767844
16	23	5	5.74024
77	3	5	4.27679
86	95	5	4.95838
3	59	5	0.1256
90	69	5	2.06046
85	4	5	8.87259
76	81	5	7.29937
10	65	5	1.8165
68	13	5	4.6254
37	89	5	4.36725
54	42	5	8.73642
41	63	5	0.163625
51	12	5	4.17505
63	22	5	5.55973
44	14	5	0.782688
98	49	5	3.05812
