cx	cy	r0	initAmp
76	95	5	7.0658
47	49	5	2.56151
58	89	5	6.17303
58	51	5	4.33118
75	38	5	4.67376
34	44	5	0.909538
84	30	5	5.60361
39	90	5	7.28529
80	25	5	1.49944
69	58	5	4.82053
2	29	5	8.0175
79	93	5	4.95605
4	57	5	3.97323
70	32	5	6.76719
88	83	5	8.45141
10	72	5	6.68301
26	50	5	9.53214
81	70	5	6.356
78	27	5	2.51588
50	24	5	2.55428
