cx	cy	r0	initAmp
19	78	5	3.81846
70	15	5	1.81661
21	29	5	2.56491
50	84	5	3.09753
17	77	5	6.21601
41	26	5	9.98516
33	54	5	6.34602
13	96	5	4.51885
59	73	5	7.834
68	29	5	3.17061
78	44	5	7.71506
71	29	5	7.83298
10	90	5	6.62061
93	9	5	9.12049
27	91	5	3.74293
64	98	5	2.07519
65	64	5	3.64241
11	43	5	4.15683
63	88	5	5.50962
82	19	5	8.30147
