cx	cy	r0	initAmp
9	77	5	4.3995
73	99	5	0.375342
51	50	5	7.90028
81	79	5	3.11033
60	69	5	2.02723
27	48	5	8.30555
69	37	5	2.77538
95	72	5	7.91274
71	90	5	4.00094
40	59	5	2.92832
45	55	5	7.40321
42	50	5	8.65899
38	24	5	9.19185
95	88	5	4.06707
56	12	5	6.85656
28	55	5	6.71037
62	67	5	8.522
35	61	5	0.445334
30	68	5	1.83764
6	91	5	5.12551
