cx	cy	r0	initAmp
18	75	5	5.48635
1	63	5	8.39408
94	88	5	2.02299
89	42	5	5.43093
85	81	5	5.19657
14	58	5	6.53813
79	66	5	5.6356
100	11	5	2.76391
81	88	5	5.20142
2	10	5	6.09435
71	88	5	7.45369
91	82	5	3.20957
40	67	5	9.28967
94	56	5	9.27077
10	26	5	6.56843
2	88	5	6.72452
40	93	5	8.69029
58	48	5	2.75012
52	5	5	6.16983
27	95	5	6.15703
