cx	cy	r0	initAmp
62	95	5	3.65489
50	32	5	8.13262
70	85	5	1.39238
20	3	5	6.29338
78	59	5	9.2265
71	61	5	2.88215
37	85	5	9.87937
98	32	5	0.92856
10	95	5	7.19717
42	75	5	9.4728
7	91	5	6.64499
30	87	5	0.934845
100	91	5	9.86723
93	73	5	5.10451
46	53	5	1.50032
92	77	5	5.10611
30	23	5	5.42017
57	75	5	0.0491688
46	77	5	3.11398
2	38	5	0.719233
