cx	cy	r0	initAmp
29	10	5	0.560018
24	85	5	0.597565
58	32	5	6.33184
27	16	5	8.94199
13	90	5	4.38237
73	32	5	0.378865
100	88	5	6.81511
62	14	5	2.17192
41	77	5	1.29388
24	87	5	0.0276222
71	42	5	5.74362
27	43	5	1.22847
75	100	5	0.896511
63	95	5	8.62777
44	63	5	5.14923
6	3	5	9.62747
72	24	5	6.20945
86	17	5	6.08759
35	84	5	0.466091
94	32	5	9.75354
