cx	cy	r0	initAmp
65	30	5	8.81486
69	28	5	5.31045
68	7	5	9.24723
56	22	5	4.01525
17	19	5	5.80146
43	65	5	3.49346
21	16	5	9.00561
62	32	5	9.62727
58	86	5	2.62393
44	25	5	6.63412
24	22	5	3.00247
33	58	5	3.85114
5	47	5	7.79353
63	34	5	7.88725
37	44	5	1.83428
59	33	5	4.39259
24	3	5	5.01472
94	96	5	8.85717
33	24	5	5.54615
8	47	5	3.24106
