cx	cy	r0	initAmp
22	72	5	3.01782
28	100	5	9.32261
36	3	5	2.9417
62	63	5	6.58689
65	59	5	8.85922
72	79	5	7.53618
59	26	5	5.33891
34	59	5	9.61321
78	44	5	0.278975
64	15	5	6.91857
51	71	5	3.09907
12	86	5	0.624119
28	46	5	8.99657
70	11	5	1.59091
17	48	5	1.19338
88	77	5	8.84157
49	75	5	3.50716
96	18	5	1.94156
14	65	5	1.15672
64	21	5	7.62847
