cx	cy	r0	initAmp
4	46	5	6.62639
26	82	5	9.50205
92	96	5	7.23686
98	1	5	0.115385
25	99	5	6.58991
70	99	5	2.15907
87	10	5	2.31966
64	47	5	1.58505
46	88	5	9.30828
50	38	5	1.32151
73	24	5	7.37068
28	38	5	3.55697
81	55	5	4.84812
51	74	5	8.53546
82	88	5	2.43343
31	54	5	8.09415
66	8	5	9.01957
32	75	5	6.33026
55	71	5	7.31446
32	84	5	1.38668
