cx	cy	r0	initAmp
4	57	5	5.30102
71	29	5	4.35956
46	80	5	6.99869
17	33	5	3.90434
6	60	5	5.53056
78	16	5	2.94364
13	18	5	5.79802
21	18	5	5.66158
46	87	5	9.78815
72	12	5	6.81729
38	23	5	7.94733
60	5	5	9.94443
26	81	5	2.43711
74	40	5	7.54806
39	80	5	3.28103
69	92	5	2.89647
15	19	5	6.40766
27	13	5	0.284349
95	31	5	5.74261
63	3	5	6.09469
