cx	cy	r0	initAmp
57	47	5	9.33845
5	59	5	8.61421
38	79	5	7.06656
63	40	5	4.0595
42	28	5	9.05808
15	64	5	8.75992
14	61	5	8.30063
32	18	5	2.14841
13	64	5	8.70686
35	28	5	7.13197
30	90	5	9.61746
96	78	5	1.17152
18	62	5	4.69372
51	94	5	4.89997
32	99	5	5.71974
95	80	5	2.03252
84	4	5	0.822037
86	61	5	7.11656
58	75	5	2.50664
50	30	5	9.03212
