cx	cy	r0	initAmp
37	62	5	5.28469
68	18	5	0.581525
94	97	5	3.33089
71	36	5	2.88467
100	69	5	6.18335
24	93	5	9.25503
89	38	5	7.76067
71	7	5	4.76466
71	73	5	5.68109
13	20	5	4.5595
62	32	5	2.47329
40	15	5	6.16733
38	1	5	5.55236
92	15	5	1.74928
99	24	5	7.90485
74	6	5	4.64977
88	40	5	9.87568
65	28	5	0.101922
38	43	5	6.47996
59	28	5	5.61572
