cx	cy	r0	initAmp
16	96	5	0.922909
40	31	5	7.8533
82	57	5	0.494313
67	10	5	3.45523
59	69	5	0.391147
100	34	5	8.8189
45	12	5	8.50169
59	6	5	0.317783
94	97	5	7.99586
20	84	5	8.87726
29	17	5	0.985522
97	82	5	9.03519
30	57	5	0.224977
23	53	5	1.77947
14	85	5	7.25131
73	75	5	1.90501
21	63	5	4.80292
4	27	5	6.88227
85	86	5	9.50303
47	35	5	3.08796
