cx	cy	r0	initAmp
71	57	5	8.80446
31	86	5	6.84038
81	88	5	4.30763
16	94	5	6.70572
19	38	5	2.88266
48	88	5	5.70522
12	73	5	3.24419
29	63	5	6.50312
62	60	5	3.15912
66	63	5	3.53822
43	46	5	5.56253
48	85	5	9.6546
25	18	5	1.84143
26	25	5	3.7623
32	73	5	5.17233
20	74	5	4.69042
43	89	5	4.90349
82	77	5	3.04069
89	63	5	5.1541
46	31	5	5.6336
