cx	cy	r0	initAmp
52	12	5	8.90058
79	8	5	2.84291
57	26	5	0.924022
30	1	5	8.60724
81	9	5	2.77015
33	87	5	1.79756
27	76	5	3.34303
36	85	5	9.87564
7	70	5	6.94359
95	12	5	4.75136
76	60	5	9.26926
96	26	5	5.48506
65	48	5	7.38688
73	11	5	7.49261
29	11	5	6.03312
91	55	5	9.2591
67	97	5	7.9429
38	43	5	0.223691
49	21	5	5.90112
10	97	5	9.67734
