cx	cy	r0	initAmp
38	38	5	0.752162
65	79	5	6.10891
96	9	5	4.2563
8	55	5	2.34351
78	17	5	5.49029
84	30	5	5.769
6	5	5	5.48016
82	34	5	1.54911
89	74	5	6.32561
73	84	5	1.09143
1	71	5	1.147
99	19	5	4.96171
35	99	5	3.77238
10	39	5	9.7906
40	51	5	7.13279
1	77	5	0.613907
74	69	5	9.00281
96	73	5	9.47375
83	22	5	8.29249
35	77	5	1.5407
