cx	cy	r0	initAmp
74	39	5	2.29026
82	17	5	9.74161
67	97	5	2.21314
12	51	5	4.14718
39	94	5	3.13285
23	74	5	0.608881
93	31	5	5.89773
45	57	5	7.68317
75	99	5	5.82271
47	21	5	0.537039
82	95	5	1.38226
71	47	5	5.3665
22	13	5	3.93991
11	65	5	8.40541
58	67	5	1.4777
22	54	5	5.21147
77	30	5	4.08969
94	8	5	9.53238
44	9	5	3.94741
60	1	5	3.91874
