cx	cy	r0	initAmp
88	5	5	6.12511
80	92	5	9.83107
75	50	5	0.0691864
13	28	5	4.2223
78	17	5	0.425906
11	94	5	4.03955
15	98	5	2.22906
14	38	5	2.59267
70	26	5	9.21929
49	50	5	4.40937
23	7	5	1.22204
14	34	5	5.39943
93	15	5	8.42636
9	4	5	8.59317
36	41	5	2.91808
72	96	5	8.68216
93	81	5	7.27376
53	93	5	8.11964
70	53	5	1.95403
11	32	5	0.383801
