cx	cy	r0	initAmp
76	3	5	7.80313
17	45	5	9.26889
69	72	5	0.208529
31	61	5	5.3821
3	72	5	4.80669
15	6	5	1.98128
21	53	5	3.01703
84	70	5	5.77062
8	89	5	7.27529
54	68	5	5.13267
52	90	5	1.05213
67	82	5	4.16864
38	78	5	5.79407
27	46	5	1.28239
100	93	5	6.98833
42	35	5	1.66154
52	14	5	1.61611
91	63	5	4.67038
39	57	5	1.0396
92	9	5	0.481753
