cx	cy	r0	initAmp
79	22	5	1.21371
39	21	5	9.94893
83	25	5	5.14083
79	22	5	6.83242
81	26	5	1.10529
36	33	5	6.3602
97	54	5	3.74965
36	9	5	0.162318
82	5	5	6.43545
91	71	5	1.01123
5	96	5	1.59255
2	62	5	6.97436
56	69	5	2.8266
9	22	5	8.32999
97	88	5	9.34964
41	16	5	1.96561
33	52	5	4.32951
47	21	5	8.26254
88	36	5	1.98324
36	9	5	8.16575
