cx	cy	r0	initAmp
16	34	5	5.39446
83	43	5	2.53761
50	11	5	1.90555
96	72	5	8.44684
65	88	5	5.45916
22	79	5	9.87696
29	32	5	5.91097
71	42	5	2.63268
49	5	5	4.1035
20	55	5	4.5459
95	94	5	5.91666
91	80	5	2.0162
42	53	5	0.771312
33	69	5	1.80102
13	1	5	1.65269
13	6	5	8.52753
47	20	5	5.46338
57	99	5	1.20433
34	30	5	4.39189
56	49	5	3.91286
