cx	cy	r0	initAmp
84	63	5	6.1101
86	87	5	0.827269
34	88	5	9.75124
8	8	5	6.61158
68	99	5	0.489898
52	96	5	2.87894
32	29	5	5.87243
67	98	5	9.08978
7	14	5	1.15388
77	23	5	0.833891
60	2	5	8.43495
1	4	5	7.19841
3	36	5	1.34592
65	20	5	4.83789
89	96	5	0.431231
20	77	5	2.69076
18	71	5	4.02144
97	69	5	1.98273
51	92	5	0.511242
41	43	5	0.101923
