cx	cy	r0	initAmp
55	42	5	9.46617
5	39	5	3.47859
18	57	5	8.97129
27	44	5	0.658898
29	5	5	2.79205
75	40	5	5.37697
38	97	5	5.26876
78	83	5	3.27252
29	61	5	8.00485
78	13	5	5.17939
71	29	5	2.3462
67	20	5	6.70468
37	11	5	2.8014
79	11	5	1.81138
18	76	5	6.47599
38	87	5	1.13516
51	73	5	5.61014
95	2	5	0.927913
37	36	5	3.16663
95	16	5	2.26574
