cx	cy	r0	initAmp
87	99	5	6.90828
27	56	5	2.02888
14	60	5	7.07304
5	75	5	8.38363
24	83	5	7.4554
65	13	5	7.49416
80	91	5	2.24917
61	58	5	2.41612
34	74	5	8.77646
12	31	5	8.70233
31	7	5	6.10994
11	17	5	2.06366
61	14	5	2.0823
26	66	5	4.36293
30	43	5	5.67814
52	99	5	7.55207
72	41	5	5.17659
94	26	5	6.86756
11	22	5	2.55008
71	85	5	9.33435
