cx	cy	r0	initAmp
58	38	5	1.25393
27	65	5	9.60345
61	45	5	7.16771
9	17	5	1.92756
98	50	5	0.934324
52	80	5	0.575986
89	10	5	0.758236
10	29	5	6.7206
9	40	5	3.02421
2	82	5	4.65223
79	16	5	2.33235
3	38	5	4.84367
17	95	5	8.2843
43	60	5	1.44782
23	73	5	4.67429
18	22	5	0.164
87	33	5	3.47621
34	12	5	4.13221
81	19	5	2.61972
47	22	5	3.76788
