cx	cy	r0	initAmp
52	24	5	1.24563
80	28	5	6.54319
94	11	5	0.861737
64	44	5	3.56143
71	60	5	2.33803
44	86	5	8.96691
22	3	5	5.85004
5	57	5	0.739638
93	32	5	1.32562
39	22	5	2.56051
50	38	5	7.97414
46	23	5	3.8257
25	44	5	1.8695
47	89	5	1.08206
40	22	5	0.761188
90	19	5	6.10727
40	76	5	1.63099
9	69	5	5.71863
60	56	5	7.2038
28	4	5	8.27525
