cx	cy	r0	initAmp
87	41	5	2.78985
76	56	5	8.24068
50	24	5	6.65876
56	15	5	7.88046
79	85	5	4.54384
56	52	5	9.5889
44	1	5	1.53862
98	59	5	0.808778
50	72	5	8.86354
43	36	5	1.86405
24	39	5	8.98299
2	68	5	0.934661
74	33	5	2.91167
34	31	5	7.9269
17	47	5	8.05386
15	50	5	4.57867
54	36	5	0.432565
70	88	5	7.03935
9	87	5	2.76909
90	24	5	0.689403
