cx	cy	r0	initAmp
4	92	5	4.99188
7	6	5	6.44077
41	67	5	1.12332
90	15	5	9.05514
52	9	5	5.25977
96	76	5	3.48395
20	95	5	9.85635
21	26	5	2.07145
32	94	5	6.16407
52	80	5	1.83276
8	51	5	3.52117
79	53	5	0.981381
93	47	5	9.46309
11	31	5	4.55217
7	64	5	7.9122
80	83	5	5.85864
59	49	5	8.2455
58	59	5	1.83976
26	99	5	5.48581
76	37	5	2.99767
