cx	cy	r0	initAmp
12	53	5	1.52963
98	10	5	1.4563
76	97	5	5.62077
58	38	5	1.47445
30	12	5	3.42541
64	29	5	0.955529
10	96	5	8.27678
43	89	5	7.06825
37	10	5	7.57685
14	13	5	4.22504
32	15	5	3.57996
26	84	5	1.44659
15	94	5	4.43807
78	71	5	9.70275
16	54	5	3.68454
55	94	5	5.74457
42	98	5	8.42647
45	23	5	3.86511
61	59	5	6.31353
87	2	5	5.45947
