cx	cy	r0	initAmp
55	82	5	8.43254
80	70	5	9.80906
1	80	5	4.53198
72	9	5	2.43633
54	98	5	2.14727
27	99	5	8.41269
71	72	5	7.16604
53	18	5	8.4613
75	46	5	5.35372
57	38	5	0.519952
78	97	5	1.71434
18	18	5	2.35046
29	82	5	4.26234
52	50	5	8.37214
49	19	5	7.27957
96	32	5	2.41112
79	75	5	2.2163
2	10	5	5.59553
33	54	5	8.28138
36	11	5	4.85265
