cx	cy	r0	initAmp
77	7	5	0.235314
19	7	5	7.46933
57	46	5	3.1966
84	93	5	1.07255
17	24	5	5.38476
16	24	5	6.37246
88	51	5	8.31353
28	64	5	8.18893
49	71	5	6.387
3	53	5	2.42858
62	72	5	7.88372
37	32	5	9.38226
5	71	5	2.58354
12	88	5	4.60272
10	91	5	7.05072
75	69	5	4.06214
12	39	5	9.52077
89	69	5	8.09201
33	64	5	0.059367
10	33	5	6.25503
