cx	cy	r0	initAmp
50	30	5	2.10767
22	85	5	2.11232
65	17	5	7.32683
42	2	5	2.0999
2	90	5	4.14946
79	74	5	7.93817
23	70	5	8.48627
20	84	5	3.56988
47	25	5	1.73164
23	21	5	7.55783
19	48	5	9.03323
78	100	5	1.63074
28	92	5	4.2845
50	90	5	3.74668
90	97	5	1.39834
21	75	5	0.634671
19	67	5	4.78869
90	77	5	7.12199
28	75	5	0.151402
4	69	5	6.26706
