cx	cy	r0	initAmp
81	96	5	7.9079
45	83	5	9.61712
37	96	5	9.85224
75	98	5	8.00518
54	35	5	4.52261
52	72	5	5.5963
90	53	5	2.22596
76	19	5	8.25589
35	47	5	1.71322
98	17	5	4.06587
16	17	5	3.81421
87	33	5	0.972728
46	63	5	1.41047
55	52	5	0.595075
20	62	5	9.25594
71	85	5	9.30249
91	63	5	4.34337
24	47	5	3.04749
18	48	5	3.89203
82	54	5	1.17151
