cx	cy	r0	initAmp
52	2	5	5.43827
7	91	5	6.93326
67	81	5	6.68419
15	56	5	3.7065
96	1	5	3.45556
78	6	5	2.20795
60	5	5	9.02305
92	53	5	0.220669
79	68	5	3.84386
78	97	5	1.65117
56	15	5	0.599275
16	52	5	8.94506
95	75	5	5.34418
35	21	5	1.62566
38	16	5	2.4645
52	80	5	8.87691
9	7	5	6.60507
50	24	5	2.59563
17	71	5	5.02518
69	25	5	6.03022
