cx	cy	r0	initAmp
79	13	5	7.15355
84	45	5	3.10968
3	19	5	1.00842
87	63	5	6.22308
50	47	5	7.75355
53	81	5	8.03497
92	40	5	8.5349
99	80	5	0.831836
55	15	5	7.24815
96	88	5	0.901233
34	32	5	5.72327
38	46	5	7.08143
30	26	5	0.0467389
83	33	5	6.01818
68	74	5	8.67915
100	76	5	8.52059
58	22	5	6.52426
17	9	5	3.10889
18	85	5	5.17189
24	73	5	5.70239
