cx	cy	r0	initAmp
33	69	5	6.89847
9	1	5	2.49849
40	19	5	0.452238
11	20	5	7.86041
20	23	5	2.14305
5	74	5	2.03519
14	37	5	9.42041
29	2	5	7.98147
15	78	5	6.56614
63	33	5	3.35097
79	22	5	5.23245
45	24	5	7.64557
69	38	5	5.93521
58	1	5	2.44649
81	32	5	7.34428
49	83	5	7.37677
61	35	5	5.6808
61	19	5	6.72612
74	77	5	9.75819
78	42	5	9.49764
