cx	cy	r0	initAmp
97	38	5	8.07027
72	27	5	8.37588
58	7	5	7.88712
55	5	5	0.805318
68	68	5	8.05537
74	73	5	5.87081
17	36	5	0.545098
57	5	5	1.61988
71	41	5	4.89258
67	87	5	5.00104
69	80	5	4.2066
8	65	5	6.50007
49	8	5	3.08776
34	50	5	6.09921
1	30	5	7.85235
32	31	5	5.18133
91	43	5	6.6409
36	34	5	0.508327
42	60	5	3.18012
90	87	5	6.40883
