cx	cy	r0	initAmp
8	43	5	9.55374
14	49	5	3.70581
12	54	5	6.97433
82	94	5	0.486797
78	14	5	0.0900577
45	39	5	3.16272
13	39	5	9.39017
91	57	5	3.50996
82	77	5	5.07606
96	74	5	7.09888
96	59	5	8.92844
31	58	5	5.75614
13	54	5	7.54907
66	25	5	2.48487
58	99	5	1.47762
34	14	5	2.72044
70	73	5	7.91293
67	87	5	3.46833
3	36	5	3.72063
8	10	5	1.69012
