cx	cy	r0	initAmp
36	91	5	3.60915
12	4	5	7.68132
6	2	5	5.29247
78	77	5	8.61595
19	49	5	9.33643
33	23	5	2.35009
5	28	5	0.674469
23	1	5	4.44401
22	22	5	1.12105
73	47	5	1.38816
43	22	5	3.41969
63	15	5	4.17482
54	42	5	2.38699
30	35	5	5.68352
4	19	5	7.40604
67	82	5	7.89145
38	42	5	1.455
55	20	5	8.84012
82	26	5	6.62513
36	86	5	9.13999
