cx	cy	r0	initAmp
53	31	5	2.38087
70	47	5	8.7719
34	3	5	6.91302
43	37	5	8.99982
51	70	5	8.22163
64	67	5	5.22915
20	61	5	6.14471
87	27	5	3.12867
46	72	5	4.73288
91	85	5	1.73455
39	57	5	5.39321
57	16	5	0.66735
19	27	5	1.482
31	65	5	4.32111
77	23	5	1.20612
47	100	5	2.24334
41	35	5	0.7831
59	45	5	7.83454
67	92	5	9.19346
53	39	5	0.378189
