cx	cy	r0	initAmp
70	36	5	5.61092
74	52	5	4.4244
84	65	5	6.32591
99	56	5	8.97943
44	20	5	3.58311
15	83	5	8.56865
11	42	5	9.02612
65	93	5	2.75064
88	40	5	1.22882
29	41	5	6.62837
40	57	5	9.34078
12	22	5	9.25977
27	7	5	4.85255
65	97	5	7.03677
2	29	5	8.74466
55	10	5	0.595545
100	53	5	0.143999
2	81	5	8.05367
25	68	5	4.76211
35	44	5	7.97905
