cx	cy	r0	initAmp
19	54	5	7.93737
89	11	5	5.89176
39	13	5	1.23555
60	4	5	2.54417
73	23	5	6.55843
86	35	5	3.54222
7	46	5	7.03823
75	84	5	6.29843
33	87	5	0.765396
30	11	5	5.1162
21	72	5	4.8506
99	51	5	0.563479
60	20	5	7.77714
41	5	5	5.97897
95	89	5	5.87202
61	10	5	6.19101
6	30	5	5.37674
17	2	5	1.01746
88	61	5	9.72358
17	25	5	0.735608
