cx	cy	r0	initAmp
85	100	5	2.03354
89	20	5	1.26942
14	97	5	7.2089
7	98	5	5.64378
20	19	5	5.68301
54	90	5	4.53395
16	68	5	9.31902
83	69	5	8.58548
93	66	5	4.95772
2	87	5	7.89991
49	69	5	5.60278
70	58	5	7.20737
82	77	5	1.79832
65	83	5	4.97303
5	98	5	8.00384
66	35	5	1.06725
52	37	5	1.76711
16	22	5	8.35844
39	14	5	5.97657
57	93	5	4.40975
