cx	cy	r0	initAmp
40	21	5	7.52905
26	89	5	9.93517
61	78	5	6.28268
50	69	5	5.03631
34	59	5	2.98791
12	19	5	4.36435
67	100	5	3.94736
57	74	5	0.811454
23	97	5	3.09893
15	89	5	4.13553
55	96	5	0.357483
97	92	5	9.88735
93	8	5	7.40415
73	40	5	2.14538
58	45	5	7.59742
36	28	5	7.32588
10	66	5	6.67692
2	90	5	7.90715
5	21	5	8.31332
89	93	5	5.73461
