cx	cy	r0	initAmp
11	63	5	0.669007
75	27	5	7.4689
58	56	5	3.90283
46	41	5	5.35758
39	15	5	0.604292
28	58	5	8.91356
67	53	5	7.77874
40	94	5	6.7012
29	96	5	7.35053
78	99	5	6.637
60	24	5	1.81766
13	10	5	8.62998
39	25	5	4.51429
98	70	5	6.4973
47	20	5	1.59372
15	83	5	4.05982
5	35	5	7.98852
73	52	5	7.29154
62	67	5	0.709042
91	94	5	7.69713
