cx	cy	r0	initAmp
29	36	5	2.87342
66	86	5	6.99178
91	31	5	5.81882
1	36	5	2.48208
92	89	5	6.61062
58	91	5	6.57405
18	18	5	0.646639
60	48	5	6.40844
80	51	5	6.09699
16	82	5	1.60254
12	55	5	9.6551
29	50	5	9.42736
24	3	5	5.07546
86	26	5	3.67995
85	34	5	8.82577
16	89	5	1.19503
44	5	5	9.84508
84	85	5	1.34704
66	45	5	6.53244
75	83	5	3.53408
