cx	cy	r0	initAmp
36	71	5	6.29298
85	30	5	6.68005
96	66	5	6.3513
19	39	5	5.85992
40	86	5	8.95372
29	72	5	8.99183
69	95	5	4.80384
9	58	5	6.71497
5	72	5	5.97705
85	40	5	8.89967
15	86	5	3.61935
54	63	5	5.81387
37	51	5	7.8801
66	11	5	9.66304
91	12	5	0.769393
76	63	5	4.26879
63	89	5	8.44031
66	96	5	2.35005
16	38	5	7.76996
30	39	5	8.29369
