cx	cy	r0	initAmp
95	58	5	9.58987
36	16	5	6.1591
39	40	5	7.93864
10	69	5	2.64487
23	91	5	9.57937
62	27	5	3.79746
93	44	5	9.62042
95	75	5	2.32633
72	76	5	8.4633
21	29	5	3.20743
54	76	5	5.11962
21	65	5	4.65149
73	61	5	0.725997
63	53	5	5.88694
64	55	5	1.81974
86	10	5	8.6635
45	27	5	3.19254
78	66	5	9.52772
55	59	5	4.53178
20	23	5	6.41832
