cx	cy	r0	initAmp
10	31	5	7.32426
16	96	5	3.70629
58	100	5	8.93466
56	73	5	1.35704
75	12	5	7.29055
83	31	5	5.38209
67	97	5	3.7859
72	86	5	7.82893
3	95	5	1.88328
36	64	5	3.04285
15	59	5	5.96005
96	82	5	2.03783
83	65	5	6.50093
24	90	5	3.6158
27	12	5	7.74172
93	87	5	2.82613
30	25	5	4.08044
83	45	5	1.51983
87	65	5	4.72594
24	26	5	2.44275
