cx	cy	r0	initAmp
12	25	5	7.11299
22	23	5	0.554642
24	4	5	5.94241
16	59	5	6.55741
84	83	5	0.733771
41	78	5	0.726814
56	95	5	0.178218
75	74	5	2.45005
25	68	5	4.96067
97	75	5	3.87973
96	52	5	0.623929
49	47	5	8.67781
2	65	5	4.19569
86	83	5	4.69211
41	15	5	9.91271
63	2	5	9.91482
30	39	5	5.75249
93	43	5	8.64792
41	79	5	5.11714
57	86	5	9.38084
