cx	cy	r0	initAmp
68	62	5	7.88967
43	84	5	1.47476
31	14	5	2.32226
63	88	5	9.26106
92	4	5	2.57352
9	77	5	4.6296
75	47	5	8.6998
18	60	5	4.22197
80	78	5	8.92332
64	23	5	1.69002
96	45	5	9.0674
44	74	5	1.54772
68	95	5	0.275022
79	20	5	3.66345
90	42	5	4.6193
96	89	5	7.12991
21	62	5	8.98393
25	68	5	7.87102
3	25	5	6.03602
51	60	5	9.01555
