cx	cy	r0	initAmp
42	31	5	9.38195
92	19	5	7.70735
34	62	5	0.238479
14	64	5	7.81004
37	75	5	0.080255
60	78	5	1.70799
16	20	5	7.84652
20	65	5	6.66136
39	46	5	1.18531
91	73	5	1.20387
13	16	5	5.12283
46	52	5	0.614637
96	40	5	7.0374
64	83	5	5.83517
71	60	5	1.33821
55	25	5	4.54384
33	40	5	7.74721
95	19	5	2.69437
24	61	5	9.74927
13	60	5	8.44925
