cx	cy	r0	initAmp
9	54	5	7.55797
18	47	5	5.30894
69	54	5	5.88991
27	40	5	0.425658
60	74	5	5.09656
34	80	5	3.5515
46	34	5	3.80099
60	47	5	1.1142
84	32	5	8.09352
51	62	5	9.93299
13	98	5	8.55351
6	95	5	0.790917
21	39	5	1.4288
19	37	5	6.29454
42	84	5	6.00462
46	7	5	3.93594
28	67	5	9.67706
22	62	5	1.10552
57	46	5	3.63858
62	88	5	0.693412
