cx	cy	r0	initAmp
32	55	5	0.164639
89	21	5	8.53783
100	30	5	1.55705
26	24	5	2.76316
74	20	5	1.27117
99	98	5	2.87886
78	38	5	5.87907
22	26	5	4.63355
98	67	5	8.69155
78	25	5	4.6003
64	72	5	7.15357
55	67	5	4.02966
43	97	5	0.238847
71	26	5	2.36889
30	42	5	0.152743
77	62	5	9.05285
76	40	5	4.7105
39	85	5	6.20159
79	10	5	9.05364
5	17	5	4.69061
