cx	cy	r0	initAmp
16	50	5	0.563899
56	61	5	3.13845
28	8	5	7.88137
96	49	5	0.0742868
14	50	5	2.42623
33	59	5	1.17253
23	28	5	3.776
18	15	5	8.30357
21	65	5	2.82767
11	99	5	7.28676
56	54	5	5.96064
20	86	5	7.37626
55	17	5	4.77669
76	80	5	6.77932
98	30	5	3.63241
65	25	5	3.69776
51	72	5	0.442451
15	88	5	4.2211
36	31	5	6.46074
53	6	5	3.56072
