cx	cy	r0	initAmp
32	43	5	0.223314
30	17	5	8.40582
54	32	5	7.07052
33	32	5	4.2447
65	6	5	7.74894
53	7	5	0.490945
1	21	5	3.78392
88	61	5	2.82878
86	72	5	3.95211
22	80	5	8.91871
41	66	5	6.26839
31	98	5	3.64757
28	92	5	7.11261
83	1	5	1.60741
6	8	5	6.27951
27	63	5	2.52136
27	18	5	3.4759
17	98	5	8.1179
46	52	5	2.2498
51	82	5	8.57923
