cx	cy	r0	initAmp
7	99	5	6.84368
51	62	5	4.66167
98	82	5	8.42509
20	88	5	7.65102
39	59	5	9.77467
6	49	5	4.0533
57	19	5	4.73443
57	61	5	0.21934
82	79	5	9.4902
36	9	5	1.47519
48	79	5	1.54986
31	29	5	8.25369
23	1	5	8.09428
78	63	5	4.73537
80	71	5	8.09605
73	92	5	1.10886
95	69	5	6.22756
74	45	5	3.6403
19	68	5	8.68277
43	85	5	2.71547
