cx	cy	r0	initAmp
5	36	5	3.08204
41	57	5	1.68382
59	88	5	4.26006
90	46	5	7.76832
13	71	5	5.34367
18	80	5	2.91505
95	95	5	4.7128
60	31	5	6.73187
34	91	5	2.55318
45	51	5	6.4035
50	4	5	7.50848
9	27	5	3.73112
28	12	5	1.58628
67	29	5	9.26809
9	50	5	9.9866
4	76	5	1.05183
68	71	5	9.13894
19	53	5	3.10632
94	88	5	4.76247
88	3	5	9.31188
