cx	cy	r0	initAmp
63	83	5	6.45415
14	19	5	8.69128
62	98	5	2.19426
65	17	5	0.474362
83	99	5	6.28269
87	48	5	7.07605
80	96	5	4.17484
12	84	5	1.11439
86	34	5	4.22902
49	94	5	4.34273
92	56	5	2.04436
37	47	5	4.98131
86	10	5	1.49015
6	52	5	6.59652
96	83	5	6.47955
33	43	5	8.41087
70	58	5	7.40354
19	48	5	8.50501
41	98	5	3.26629
62	26	5	8.57464
