cx	cy	r0	initAmp
4	55	5	2.24989
57	37	5	4.60779
46	90	5	9.51093
36	82	5	5.73929
81	96	5	1.65096
8	92	5	9.25215
89	82	5	1.39954
90	16	5	9.33554
79	96	5	2.12367
76	8	5	5.33665
49	88	5	3.25402
55	68	5	5.00516
88	17	5	6.09647
99	10	5	5.32826
74	34	5	1.75268
28	91	5	0.685618
73	96	5	0.910596
86	23	5	9.82816
40	73	5	6.2866
8	65	5	8.11847
