cx	cy	r0	initAmp
75	20	5	9.24079
93	91	5	6.09743
76	76	5	8.60065
26	79	5	5.74982
74	60	5	2.0389
59	5	5	4.58703
51	8	5	0.769794
13	71	5	4.12805
63	99	5	6.56526
31	73	5	2.05173
88	28	5	1.23342
23	59	5	4.53587
75	43	5	9.49005
2	76	5	7.12207
4	66	5	7.56965
52	84	5	0.395634
87	33	5	1.06681
44	34	5	4.08533
96	84	5	9.6912
48	50	5	6.08438
