cx	cy	r0	initAmp
91	37	5	8.58469
70	82	5	3.75533
43	87	5	7.24963
70	81	5	9.14382
84	42	5	0.754282
61	60	5	1.92696
12	30	5	8.67206
6	71	5	6.49259
25	55	5	8.6301
95	62	5	0.593801
91	84	5	3.2423
5	65	5	9.87098
43	35	5	5.26003
93	39	5	8.50393
82	41	5	6.17526
51	95	5	6.43288
15	90	5	5.226
60	9	5	4.9068
38	18	5	8.70402
80	50	5	7.62287
