cx	cy	r0	initAmp
62	29	5	5.56375
93	81	5	8.77719
26	36	5	5.66578
62	32	5	3.64197
35	9	5	1.30473
11	96	5	9.65471
82	77	5	8.61926
93	57	5	3.00227
52	11	5	6.82953
21	96	5	8.40202
95	7	5	6.51106
44	53	5	7.40544
54	15	5	3.72584
45	61	5	1.40472
11	46	5	4.34235
23	67	5	5.97744
84	67	5	2.71223
76	99	5	0.872845
3	66	5	0.669775
39	100	5	4.94833
