cx	cy	r0	initAmp
36	89	5	2.94595
80	92	5	0.437256
60	33	5	2.87325
84	92	5	5.67813
81	24	5	8.03232
39	12	5	9.30068
97	76	5	2.12094
95	13	5	6.84365
58	95	5	8.73841
67	29	5	3.37668
97	83	5	3.56477
56	1	5	4.88916
60	40	5	8.10415
74	77	5	7.77393
13	98	5	8.6586
27	52	5	2.01033
15	14	5	3.35289
71	14	5	0.703217
48	87	5	5.71707
63	39	5	3.52829
