cx	cy	r0	initAmp
79	23	5	9.77232
20	25	5	8.16943
16	45	5	9.20375
48	40	5	8.48574
29	95	5	7.46234
67	5	5	6.5443
17	96	5	1.5707
93	45	5	0.358079
78	34	5	9.89777
87	80	5	6.41416
96	6	5	0.334567
62	21	5	7.34367
28	84	5	2.54177
27	13	5	5.94925
34	40	5	4.87134
35	8	5	2.73952
58	59	5	2.36449
52	29	5	4.29024
39	92	5	2.47602
1	42	5	1.62074
