cx	cy	r0	initAmp
37	86	5	5.84696
63	7	5	9.60736
87	96	5	5.13122
50	43	5	1.89794
57	91	5	9.47008
10	83	5	4.53151
64	64	5	1.62431
85	68	5	6.84283
66	34	5	8.11103
54	29	5	5.46867
22	15	5	4.49934
66	23	5	4.65077
5	70	5	7.11208
2	78	5	0.0853637
76	71	5	2.09107
12	41	5	4.84055
85	22	5	3.11432
45	22	5	8.43023
21	54	5	6.63534
85	16	5	1.42739
