cx	cy	r0	initAmp
78	94	5	4.91283
63	6	5	0.390255
54	18	5	9.41705
62	88	5	2.26269
92	74	5	2.1484
34	50	5	9.01722
93	77	5	8.38438
39	12	5	4.24257
61	7	5	7.81626
55	89	5	0.53865
100	10	5	0.239409
45	1	5	1.91801
43	36	5	8.77213
50	75	5	6.36823
52	64	5	9.29029
36	28	5	7.94638
61	100	5	1.15953
91	40	5	4.0238
63	58	5	2.31569
39	46	5	7.0287
