cx	cy	r0	initAmp
25	3	5	5.48049
74	36	5	1.25937
54	38	5	0.482163
39	90	5	8.29879
12	98	5	6.60219
1	43	5	1.16244
70	88	5	6.51712
7	34	5	4.88329
20	78	5	1.29297
44	73	5	4.21825
22	46	5	8.97307
12	73	5	0.902618
50	28	5	7.08372
11	37	5	5.21833
5	46	5	3.91789
96	76	5	4.81112
21	36	5	2.57884
32	59	5	4.22781
27	39	5	7.50885
38	65	5	9.75224
