cx	cy	r0	initAmp
56	94	5	8.74724
7	51	5	3.79765
3	52	5	6.70584
58	46	5	8.93177
55	1	5	3.09393
96	58	5	6.88545
48	20	5	9.53538
30	72	5	7.68757
76	34	5	2.05089
9	40	5	1.40622
3	30	5	5.68488
69	88	5	9.41373
63	95	5	6.7643
10	17	5	4.11893
19	57	5	7.41678
55	86	5	1.83092
81	69	5	6.18527
46	27	5	8.49409
12	86	5	5.38441
12	79	5	9.65661
