cx	cy	r0	initAmp
24	29	5	6.35447
4	10	5	6.09319
59	67	5	5.11051
13	15	5	1.95243
69	65	5	4.96946
69	20	5	0.965977
88	64	5	8.05265
13	66	5	7.87011
59	72	5	7.33331
6	53	5	0.171164
33	1	5	2.4499
46	5	5	1.55463
91	28	5	8.02658
55	93	5	4.33211
4	31	5	3.61695
70	94	5	7.17438
100	89	5	6.47556
20	47	5	6.62089
65	45	5	5.5968
75	94	5	7.26025
