cx	cy	r0	initAmp
71	86	5	1.59419
81	29	5	8.34256
19	94	5	6.52064
100	21	5	2.60763
68	50	5	0.580962
76	6	5	1.60727
87	96	5	1.09276
9	70	5	7.39451
5	59	5	5.83411
92	18	5	8.30329
63	48	5	0.150395
30	43	5	6.97197
82	8	5	6.61778
56	4	5	8.75935
54	82	5	3.63506
67	51	5	2.47087
57	93	5	8.48479
92	40	5	0.915186
98	16	5	1.07949
98	36	5	2.42234
