cx	cy	r0	initAmp
7	36	5	2.38288
88	11	5	7.64171
16	11	5	2.97375
66	16	5	7.17264
5	31	5	1.14366
23	14	5	0.0568635
94	83	5	6.12571
2	93	5	4.05421
50	59	5	6.07825
13	78	5	4.35419
49	63	5	5.38349
12	27	5	6.19692
88	33	5	1.01248
82	25	5	9.8584
45	56	5	1.05333
87	19	5	0.0214239
68	42	5	9.44863
32	73	5	5.43839
91	86	5	0.207065
35	41	5	5.87907
