cx	cy	r0	initAmp
60	3	5	8.15083
76	99	5	2.15319
17	51	5	0.0135338
91	20	5	2.5346
51	37	5	7.9272
16	51	5	0.386194
48	4	5	2.29233
90	44	5	3.73604
53	81	5	2.17556
37	10	5	7.50035
52	37	5	1.35614
80	30	5	5.81814
76	18	5	5.10798
1	13	5	2.74201
68	48	5	6.11972
8	81	5	3.97575
40	11	5	4.38864
10	13	5	1.14832
57	55	5	4.07168
8	17	5	1.01408
