cx	cy	r0	initAmp
87	96	5	6.32678
77	92	5	9.24327
23	32	5	5.31752
88	80	5	3.56252
50	29	5	4.82452
40	70	5	8.43185
88	46	5	5.81098
13	59	5	9.95751
3	93	5	1.80722
17	94	5	7.86522
1	97	5	4.81753
70	84	5	9.84366
93	7	5	6.99127
59	17	5	3.40514
52	39	5	9.72635
69	80	5	9.70934
3	22	5	1.20651
2	3	5	6.14511
41	74	5	8.78066
43	18	5	5.29228
