cx	cy	r0	initAmp
82	48	5	5.55814
98	68	5	2.65737
61	61	5	0.638187
42	36	5	6.34542
36	32	5	1.32623
20	61	5	1.08312
99	32	5	2.96881
50	49	5	2.33224
69	14	5	4.15656
47	87	5	2.7823
59	99	5	1.18419
76	72	5	0.519486
79	99	5	9.61559
94	90	5	7.28951
11	22	5	7.05275
37	78	5	8.56249
27	7	5	5.33149
88	10	5	2.8834
69	32	5	1.01397
78	35	5	7.28642
