cx	cy	r0	initAmp
21	77	5	4.08901
20	50	5	4.64466
1	48	5	7.44524
81	59	5	5.22644
16	90	5	4.96155
54	36	5	1.77689
1	78	5	1.79963
70	15	5	6.31117
7	78	5	1.05996
20	62	5	6.72459
47	30	5	3.99212
27	15	5	9.89045
82	63	5	6.65912
53	56	5	4.38687
64	13	5	5.12037
13	37	5	4.26864
91	1	5	9.22238
50	43	5	2.77361
36	34	5	6.40438
91	93	5	9.12886
