cx	cy	r0	initAmp
45	8	5	8.35115
55	49	5	7.49113
90	37	5	8.73846
42	62	5	3.55707
21	40	5	5.23345
16	97	5	2.2732
54	14	5	9.87131
3	99	5	4.92457
75	58	5	4.23629
57	8	5	5.90469
49	62	5	1.02509
75	28	5	1.75258
86	77	5	5.80726
19	98	5	7.70913
3	9	5	7.48065
82	38	5	2.22396
74	26	5	7.22774
38	73	5	4.31429
35	78	5	5.03383
66	40	5	5.7231
