cx	cy	r0	initAmp
37	65	5	0.600884
81	88	5	2.89522
91	96	5	7.7021
76	81	5	6.08688
1	70	5	5.07431
72	43	5	9.70391
44	9	5	4.98305
71	80	5	7.00542
45	53	5	4.11637
19	2	5	2.67635
76	76	5	4.56777
37	60	5	7.62919
98	92	5	7.02087
25	6	5	1.93569
31	89	5	3.96437
12	34	5	9.26346
47	30	5	0.712962
74	50	5	8.65568
3	51	5	1.34532
96	79	5	0.203186
