cx	cy	r0	initAmp
62	65	5	0.661408
17	32	5	2.19564
31	44	5	3.08749
28	81	5	3.17319
80	66	5	1.38199
55	9	5	4.83199
49	72	5	8.94749
85	54	5	7.27709
37	33	5	9.13976
63	28	5	9.36383
41	11	5	2.0211
70	100	5	8.27873
1	68	5	4.49566
23	3	5	2.96293
13	5	5	2.486
64	85	5	4.61305
83	63	5	2.83583
10	94	5	6.85652
5	59	5	2.94702
99	29	5	0.378948
