cx	cy	r0	initAmp
92	11	5	6.25486
14	86	5	7.68617
8	78	5	4.05269
31	76	5	3.12447
68	26	5	7.06383
28	100	5	0.113708
76	65	5	3.34168
76	7	5	4.73604
9	29	5	6.36735
93	37	5	8.38335
33	94	5	9.59564
98	53	5	2.85841
96	30	5	6.27886
49	24	5	5.12784
78	12	5	1.53208
17	84	5	9.01628
43	66	5	4.10294
76	36	5	9.82142
11	38	5	8.71339
32	45	5	5.90944
