cx	cy	r0	initAmp
25	42	5	3.24272
73	79	5	8.43189
79	87	5	2.53304
23	5	5	0.625194
11	62	5	9.29884
62	76	5	5.98988
39	38	5	7.94204
22	73	5	4.36016
50	33	5	4.49119
78	93	5	0.158979
48	58	5	9.40318
12	5	5	7.78336
70	52	5	3.0729
43	43	5	4.43717
75	66	5	7.16693
81	60	5	4.53424
41	18	5	0.347809
36	69	5	7.56607
49	79	5	5.239
3	19	5	0.832559
