cx	cy	r0	initAmp
37	98	5	1.8908
75	66	5	3.25008
17	77	5	0.220633
67	65	5	6.36466
67	53	5	9.86874
44	65	5	1.2575
35	98	5	6.99336
49	64	5	8.9173
82	51	5	6.13856
54	73	5	0.904452
56	54	5	1.61964
18	49	5	1.62874
13	63	5	3.162
20	26	5	6.93955
44	16	5	9.47698
43	43	5	4.74223
69	52	5	3.48612
95	78	5	8.30261
55	63	5	0.578166
11	11	5	6.27481
