cx	cy	r0	initAmp
72	35	5	8.31048
51	5	5	3.17789
19	34	5	4.37875
71	59	5	9.7457
82	68	5	6.32372
29	82	5	8.13732
98	58	5	7.27174
10	59	5	3.01333
85	64	5	0.296088
7	19	5	5.11604
84	61	5	6.39745
91	10	5	7.20831
56	21	5	7.56731
49	62	5	6.93706
24	39	5	4.97786
78	14	5	7.02383
33	89	5	9.28314
63	63	5	9.36489
63	59	5	1.9035
17	43	5	7.7082
