cx	cy	r0	initAmp
11	87	5	3.9531
87	15	5	4.64761
19	64	5	1.73216
32	13	5	9.54239
11	67	5	4.29186
46	4	5	8.37693
3	41	5	7.29996
47	62	5	2.81983
28	76	5	2.0917
1	67	5	8.72617
11	34	5	1.96053
48	2	5	3.65555
39	96	5	9.05856
15	21	5	7.2513
33	71	5	9.4854
33	64	5	3.75248
59	69	5	1.98853
64	18	5	2.84494
92	7	5	7.58572
81	5	5	7.07164
