cx	cy	r0	initAmp
86	7	5	1.76608
25	88	5	4.07451
75	73	5	7.13049
13	46	5	5.77081
53	68	5	9.96604
78	31	5	3.82027
92	91	5	9.52287
16	71	5	4.35691
12	71	5	7.00703
61	10	5	9.31558
27	68	5	4.1685
55	60	5	9.50177
24	93	5	0.812772
55	48	5	0.438652
94	47	5	4.66765
19	10	5	2.2729
74	55	5	8.38627
86	38	5	8.8799
49	2	5	8.93328
97	31	5	1.83387
