cx	cy	r0	initAmp
96	87	5	0.789891
4	65	5	3.01152
20	54	5	2.6835
93	38	5	9.57679
65	6	5	3.64127
12	98	5	1.82646
71	72	5	0.206849
79	86	5	1.82581
59	74	5	9.62961
86	20	5	1.11119
7	5	5	2.48787
51	72	5	6.75736
47	47	5	5.7751
93	46	5	6.81619
57	64	5	7.03246
8	80	5	6.46152
10	33	5	8.29167
63	54	5	8.15498
16	51	5	4.57686
19	90	5	1.18487
