cx	cy	r0	initAmp
31	35	5	6.06681
10	61	5	7.14184
63	46	5	0.107503
55	45	5	9.52754
62	17	5	1.19497
4	73	5	3.11264
10	79	5	1.85165
30	29	5	4.68235
64	6	5	6.01623
36	92	5	4.60018
73	27	5	7.58828
10	95	5	2.4962
17	91	5	5.43398
85	13	5	7.52262
83	12	5	4.14482
65	36	5	7.49303
36	31	5	9.19464
91	61	5	7.49094
50	22	5	1.5926
23	56	5	4.48724
