cx	cy	r0	initAmp
37	44	5	0.564064
38	54	5	5.3113
65	21	5	5.76376
24	62	5	8.83599
34	25	5	2.35114
69	93	5	3.12676
30	33	5	7.81034
94	36	5	3.09631
58	23	5	8.04837
42	36	5	5.05805
80	27	5	8.94412
41	60	5	1.02039
67	39	5	9.3815
96	46	5	3.04941
66	28	5	2.17107
83	33	5	2.34603
88	99	5	7.95283
14	71	5	8.64675
48	87	5	9.51097
15	80	5	9.38137
