cx	cy	r0	initAmp
65	1	5	0.660593
12	89	5	8.80141
65	5	5	9.5744
41	56	5	5.98701
88	59	5	7.49075
25	65	5	1.26712
34	78	5	4.98414
85	29	5	6.92215
88	38	5	6.48329
17	59	5	6.53958
39	6	5	3.27696
2	84	5	8.59891
30	57	5	0.889419
73	79	5	5.21776
98	60	5	7.97958
63	2	5	2.66319
22	47	5	4.8572
63	86	5	3.27893
14	54	5	0.564965
45	65	5	3.30134
