cx	cy	r0	initAmp
9	34	5	5.51803
27	31	5	8.87385
93	5	5	6.09144
10	96	5	7.51838
54	43	5	3.5929
62	89	5	6.00391
100	25	5	5.07117
4	12	5	8.93471
85	70	5	1.82746
13	43	5	2.19255
7	92	5	7.57798
81	37	5	3.36559
17	90	5	8.86468
71	31	5	7.27255
2	10	5	4.18592
69	91	5	8.43019
81	11	5	2.35613
88	56	5	1.2283
16	4	5	1.79644
54	8	5	0.31826
