cx	cy	r0	initAmp
12	71	5	3.0373
75	50	5	9.83849
62	84	5	1.62708
81	41	5	9.62063
72	18	5	7.01681
15	37	5	7.08651
27	100	5	8.97678
15	35	5	3.1618
23	51	5	3.00763
24	54	5	9.44568
70	25	5	0.939198
15	82	5	6.91794
45	20	5	9.61022
71	9	5	7.13584
10	10	5	0.864253
89	35	5	9.15007
87	79	5	2.05022
85	69	5	3.04464
28	4	5	6.65995
79	30	5	7.40498
