cx	cy	r0	initAmp
72	3	5	7.04663
29	22	5	5.54543
27	60	5	6.49468
64	57	5	7.36682
68	57	5	6.52937
36	40	5	2.56455
1	97	5	4.85573
81	97	5	7.28778
95	24	5	1.45573
100	99	5	0.393603
35	16	5	5.02069
2	91	5	4.76359
55	19	5	4.9933
52	97	5	5.56737
76	95	5	4.65368
37	57	5	0.184202
16	2	5	8.12068
97	52	5	3.92286
87	38	5	1.93803
56	28	5	3.32682
