cx	cy	r0	initAmp
56	49	5	2.19024
24	63	5	5.35555
27	83	5	9.51056
100	52	5	3.40285
22	48	5	6.39154
55	24	5	2.26702
62	26	5	6.86939
65	56	5	5.03931
3	42	5	7.26708
1	72	5	5.66079
30	7	5	0.312538
35	96	5	4.00284
84	30	5	4.62112
88	65	5	1.98501
52	72	5	1.46839
26	100	5	7.92061
11	43	5	0.0130946
41	80	5	3.07329
46	72	5	2.95013
73	66	5	7.20603
