cx	cy	r0	initAmp
99	82	5	7.21886
83	69	5	6.97681
65	70	5	3.82641
43	19	5	9.06387
21	89	5	3.22409
50	57	5	0.78374
14	67	5	6.99169
46	3	5	8.17972
12	44	5	1.22579
1	92	5	1.21058
53	20	5	3.39753
19	96	5	1.20733
15	25	5	8.05308
34	64	5	1.21133
59	31	5	7.20982
96	67	5	0.832065
99	36	5	1.47159
16	98	5	3.68615
65	33	5	1.32648
50	78	5	8.48742
