cx	cy	r0	initAmp
84	1	5	9.81504
28	44	5	8.43309
78	59	5	5.13535
54	20	5	9.31238
20	86	5	3.59724
42	95	5	7.69016
18	3	5	5.8929
17	28	5	1.92474
48	64	5	4.43599
91	52	5	1.8887
87	91	5	0.459228
2	21	5	3.72796
13	74	5	9.28548
80	40	5	3.1078
16	46	5	0.231544
1	51	5	1.34158
48	49	5	2.59923
52	73	5	1.98256
33	17	5	5.75975
86	71	5	4.66517
