cx	cy	r0	initAmp
41	2	5	6.33171
81	18	5	7.2394
37	42	5	7.79556
96	39	5	3.49266
37	30	5	7.97351
96	12	5	7.6553
28	94	5	4.36506
22	8	5	4.44472
2	1	5	5.77286
13	97	5	9.76622
64	71	5	1.0364
22	54	5	3.13466
84	99	5	9.87737
45	94	5	8.19251
87	22	5	6.00796
91	99	5	0.712893
97	11	5	6.51162
75	66	5	0.0146566
84	16	5	1.05702
91	81	5	1.36131
