cx	cy	r0	initAmp
71	38	5	3.8336
58	17	5	3.38035
92	82	5	3.34047
92	15	5	4.52772
45	94	5	0.798294
40	34	5	9.35177
74	50	5	7.71699
12	50	5	1.75456
43	51	5	2.23197
70	3	5	6.37929
78	29	5	0.197383
1	87	5	9.51343
43	43	5	8.93118
2	83	5	2.42524
56	30	5	4.08704
37	80	5	8.03643
98	78	5	0.858484
54	57	5	1.85469
2	20	5	9.16031
22	97	5	2.28535
