cx	cy	r0	initAmp
37	89	5	8.49261
63	4	5	7.30976
4	36	5	9.04689
52	65	5	5.47762
57	4	5	9.71792
66	98	5	2.87354
72	6	5	0.693295
9	71	5	8.88547
90	93	5	0.949294
82	98	5	4.96598
4	33	5	7.98702
62	62	5	1.65182
62	53	5	1.35609
81	84	5	1.06408
51	56	5	7.93851
18	36	5	4.13034
18	62	5	7.02201
44	31	5	6.99136
28	52	5	4.20206
71	46	5	1.20822
