cx	cy	r0	initAmp
23	64	5	3.09221
46	55	5	4.7235
49	62	5	2.97125
56	55	5	9.39924
42	5	5	4.54306
69	15	5	2.94625
40	23	5	4.16932
42	59	5	5.76362
36	57	5	2.88231
31	34	5	7.42603
54	41	5	9.76559
85	52	5	8.38882
74	60	5	4.75807
72	72	5	3.6642
20	13	5	0.874348
84	69	5	6.09223
62	67	5	5.47429
48	66	5	6.56079
59	16	5	9.57546
13	23	5	6.63996
