cx	cy	r0	initAmp
93	20	5	5.94126
15	85	5	7.168
2	57	5	0.117777
41	50	5	2.03039
11	85	5	4.98042
48	66	5	6.61884
88	63	5	2.73104
3	59	5	2.87322
40	88	5	5.11743
69	96	5	5.59308
82	80	5	7.08039
33	86	5	9.41472
29	3	5	3.9957
72	29	5	1.59869
3	25	5	5.57437
46	30	5	4.51053
34	75	5	1.58714
25	52	5	6.85356
3	5	5	1.62888
6	70	5	5.52114
