cx	cy	r0	initAmp
12	44	5	8.60249
39	38	5	5.76745
68	67	5	5.68259
63	26	5	1.81283
14	18	5	2.9019
31	97	5	5.57089
47	20	5	1.62766
63	32	5	5.75022
91	45	5	0.249584
23	41	5	1.35578
59	38	5	9.30521
6	58	5	1.89841
75	99	5	2.22321
20	20	5	4.86812
74	40	5	4.72981
31	84	5	8.4103
78	70	5	1.75141
83	61	5	9.58079
91	98	5	6.60046
55	48	5	2.74502
