cx	cy	r0	initAmp
46	42	5	7.60302
85	81	5	5.59546
54	70	5	1.84315
66	53	5	5.47922
46	56	5	4.97646
25	21	5	3.80138
10	73	5	3.23088
50	100	5	1.75866
22	77	5	1.75348
87	17	5	6.38607
88	10	5	6.89364
14	95	5	4.43491
38	80	5	8.57739
99	75	5	8.34257
55	91	5	2.69796
36	18	5	2.97644
86	83	5	2.28504
66	41	5	0.182491
44	46	5	5.53161
2	59	5	2.96461
