cx	cy	r0	initAmp
42	50	5	5.48587
13	54	5	2.08424
11	38	5	0.755751
15	17	5	0.598048
44	36	5	3.77021
74	98	5	7.20386
21	87	5	2.11619
32	87	5	0.803742
56	67	5	4.05323
90	87	5	3.43727
38	27	5	3.79826
94	98	5	5.18859
32	100	5	6.35131
78	18	5	8.70479
70	17	5	4.59571
93	63	5	3.2794
13	35	5	1.11544
44	73	5	5.59649
47	84	5	8.57537
47	55	5	8.25145
