cx	cy	r0	initAmp
85	32	5	6.51795
34	80	5	8.75037
82	78	5	5.79722
63	7	5	5.71335
35	78	5	8.65452
71	28	5	0.516076
30	11	5	9.16118
10	79	5	8.21796
85	21	5	9.56787
37	86	5	9.35115
43	66	5	7.35683
93	41	5	3.98894
27	93	5	8.02903
4	10	5	6.48729
99	29	5	3.32205
76	53	5	9.73937
10	43	5	5.14711
65	13	5	9.10246
37	77	5	8.52526
75	1	5	4.62959
