cx	cy	r0	initAmp
36	74	5	4.95945
19	33	5	0.330066
78	41	5	8.72512
14	70	5	9.1356
90	77	5	8.31403
19	60	5	9.5962
34	96	5	8.71187
70	96	5	1.93524
35	94	5	0.194308
21	83	5	5.60541
8	81	5	5.07137
56	42	5	6.78482
36	72	5	3.88119
94	90	5	9.72983
94	24	5	5.41936
32	1	5	4.64378
85	64	5	4.32834
63	56	5	5.23817
34	97	5	6.39354
30	67	5	5.0566
