cx	cy	r0	initAmp
8	59	5	9.62328
89	93	5	4.38789
99	80	5	1.77254
44	69	5	9.23597
88	47	5	8.26352
59	11	5	8.44064
79	76	5	3.45924
34	92	5	8.18897
85	70	5	1.17593
43	48	5	1.05176
60	26	5	4.97444
32	71	5	1.69763
21	61	5	2.20561
67	5	5	9.88281
61	66	5	9.47625
23	18	5	7.36316
72	14	5	9.38837
44	98	5	9.59981
14	71	5	3.69277
29	43	5	9.50065
