cx	cy	r0	initAmp
61	46	5	4.42232
74	21	5	1.26318
14	57	5	5.08831
32	20	5	4.31786
100	59	5	9.1594
13	48	5	7.09016
18	52	5	8.90655
76	83	5	5.88886
67	74	5	6.3683
79	7	5	3.42209
10	68	5	8.23791
6	65	5	3.05151
97	83	5	3.07543
62	21	5	2.01323
9	62	5	2.65165
57	62	5	6.50924
62	31	5	1.54615
97	88	5	3.88699
58	59	5	6.47614
38	99	5	8.48299
