cx	cy	r0	initAmp
83	65	5	2.96983
62	19	5	2.03309
91	73	5	8.89458
98	76	5	0.611323
98	64	5	2.0201
82	38	5	5.82423
19	42	5	6.69169
6	12	5	9.66603
91	24	5	7.843
28	39	5	9.69655
81	65	5	2.0182
24	8	5	4.04368
20	23	5	3.97255
90	42	5	9.84268
88	43	5	7.33632
66	55	5	0.0836251
72	97	5	2.84996
97	23	5	6.22446
77	7	5	0.0542909
18	32	5	7.26675
