cx	cy	r0	initAmp
16	3	5	2.06382
87	64	5	0.136485
93	97	5	0.931441
49	76	5	2.16913
77	84	5	3.75565
37	45	5	8.45418
14	52	5	2.97627
53	3	5	6.45376
73	35	5	7.85602
21	99	5	2.72002
35	84	5	7.6018
35	41	5	3.31837
62	42	5	5.04598
8	33	5	8.18908
9	47	5	5.03921
67	72	5	3.55519
44	80	5	9.0836
21	74	5	9.24775
91	98	5	5.11112
24	73	5	6.72979
