cx	cy	r0	initAmp
51	86	5	5.43993
64	35	5	7.03418
60	26	5	7.71128
42	40	5	4.75095
13	76	5	2.77396
40	17	5	1.81171
10	23	5	8.10609
71	77	5	0.637367
27	10	5	2.35264
69	76	5	5.81386
22	42	5	2.95088
1	90	5	4.4369
90	91	5	4.56076
66	89	5	9.1994
100	48	5	0.66301
55	29	5	3.62749
19	10	5	2.24603
44	72	5	1.40036
75	8	5	5.30028
21	71	5	9.04661
