cx	cy	r0	initAmp
47	95	5	2.02208
90	86	5	5.71846
20	17	5	2.42253
21	39	5	0.145607
52	7	5	1.01322
7	6	5	1.32751
76	94	5	9.68455
81	70	5	4.42936
90	61	5	4.29191
6	17	5	0.79366
35	5	5	4.66121
64	75	5	1.53742
100	98	5	8.60078
9	97	5	1.37692
20	95	5	3.01436
53	7	5	1.23291
73	32	5	8.14379
6	1	5	1.40851
61	7	5	7.94022
93	43	5	2.38808
