cx	cy	r0	initAmp
27	23	5	5.59953
38	19	5	0.516733
6	38	5	6.07224
33	85	5	1.30989
34	8	5	9.54796
5	24	5	5.07633
11	31	5	0.644095
1	9	5	9.9469
31	83	5	7.57174
61	48	5	7.18844
86	3	5	2.42861
43	46	5	5.77166
22	22	5	1.89971
6	58	5	8.97703
9	93	5	4.36409
16	67	5	9.16667
8	20	5	1.42415
8	61	5	5.77492
84	90	5	2.71946
91	94	5	4.52723
