cx	cy	r0	initAmp
13	3	5	0.592107
12	54	5	7.19349
90	78	5	9.89278
2	20	5	5.70478
23	48	5	8.83809
68	42	5	8.3692
71	35	5	9.74223
56	49	5	1.84023
32	71	5	5.4447
79	55	5	1.4508
8	71	5	0.107686
72	19	5	6.43952
61	49	5	4.87056
91	8	5	6.04618
53	27	5	5.22356
20	96	5	3.73951
33	51	5	8.4758
73	22	5	9.89319
9	62	5	1.02439
34	31	5	6.20042
