cx	cy	r0	initAmp
14	18	5	6.82046
99	33	5	1.66738
33	11	5	1.58464
20	37	5	6.86163
3	47	5	9.18206
87	87	5	3.89705
39	53	5	4.47691
35	9	5	5.79381
30	43	5	3.4843
42	97	5	1.08748
52	31	5	0.712937
38	33	5	5.10955
87	13	5	2.17201
13	30	5	8.40062
24	65	5	5.97728
58	68	5	1.84271
60	64	5	0.880275
72	99	5	7.42034
76	69	5	5.7638
74	63	5	7.97559
