cx	cy	r0	initAmp
5	18	5	9.9383
34	61	5	2.22178
93	48	5	6.71924
49	60	5	8.64184
81	8	5	5.80726
84	59	5	0.597044
25	99	5	7.61221
14	98	5	0.205351
90	64	5	7.54965
72	32	5	9.52455
36	22	5	1.35106
89	46	5	6.52506
57	81	5	6.46237
42	38	5	7.93213
97	14	5	0.658754
15	2	5	1.74627
73	60	5	8.6971
86	79	5	7.94843
34	11	5	0.52579
37	35	5	5.78987
