cx	cy	r0	initAmp
14	78	5	0.876296
52	95	5	8.18412
40	3	5	7.3628
66	9	5	3.05089
29	35	5	5.58799
22	35	5	7.18335
66	91	5	9.12036
89	92	5	1.69402
79	10	5	5.42765
70	93	5	9.692
17	19	5	4.44607
38	45	5	1.43664
89	21	5	0.0210729
73	38	5	7.62476
37	85	5	2.96036
81	65	5	1.00205
74	61	5	5.72007
3	15	5	7.65682
36	53	5	9.01339
32	11	5	6.21475
