cx	cy	r0	initAmp
12	39	5	2.8347
77	54	5	3.67597
62	100	5	5.47265
100	26	5	5.25843
21	64	5	0.688789
48	51	5	2.1666
4	87	5	3.14487
79	97	5	0.527395
37	61	5	6.67533
1	5	5	5.25776
66	86	5	4.19982
71	45	5	9.97667
12	14	5	7.86089
98	49	5	4.49043
39	100	5	6.27783
88	66	5	9.01439
5	25	5	9.26239
63	33	5	0.817273
5	47	5	9.00617
7	82	5	6.62287
