cx	cy	r0	initAmp
99	14	5	3.19043
24	62	5	6.60166
2	33	5	3.39892
82	27	5	7.25735
17	63	5	4.91579
98	17	5	1.54983
59	70	5	1.43979
53	85	5	7.61924
43	36	5	8.19528
62	33	5	2.12979
19	17	5	9.04468
29	84	5	5.55251
79	61	5	5.51878
59	59	5	9.89496
17	50	5	5.9217
22	97	5	1.94562
89	22	5	3.20646
42	21	5	3.19598
90	38	5	5.55925
47	9	5	5.06224
