cx	cy	r0	initAmp
51	75	5	6.80928
64	68	5	5.69358
69	69	5	2.63388
99	14	5	7.16002
87	90	5	7.31605
83	13	5	4.78952
72	58	5	2.59182
60	9	5	1.34973
86	90	5	8.62266
61	27	5	8.28905
15	36	5	4.55762
83	4	5	6.12314
42	65	5	3.56041
54	75	5	3.02969
69	73	5	2.50794
88	81	5	2.38004
81	23	5	8.19144
27	57	5	2.99949
14	73	5	7.2841
99	9	5	4.24971
