cx	cy	r0	initAmp
68	5	5	3.45048
22	84	5	2.25758
39	69	5	6.44199
20	64	5	5.23192
69	67	5	8.36114
25	24	5	8.06081
37	43	5	3.80578
23	47	5	9.972
42	6	5	5.67557
6	88	5	7.87456
68	19	5	9.29391
5	52	5	0.198901
87	5	5	4.94777
75	19	5	7.49324
85	5	5	0.686755
80	35	5	7.35624
74	14	5	8.6115
4	31	5	6.16283
31	95	5	3.36063
76	93	5	5.50823
