cx	cy	r0	initAmp
60	60	5	3.83376
53	71	5	7.52705
71	10	5	9.6674
53	23	5	6.36566
41	37	5	3.20385
47	100	5	2.5265
13	90	5	7.8708
50	29	5	4.49639
78	8	5	7.02532
79	36	5	0.26991
71	37	5	9.81639
25	69	5	5.26013
85	94	5	9.64108
78	98	5	7.81029
41	65	5	0.76249
26	58	5	9.19086
23	85	5	2.35325
23	17	5	1.12255
19	47	5	2.18047
5	31	5	3.44601
