cx	cy	r0	initAmp
81	51	5	5.25
91	98	5	7.80728
79	23	5	8.16445
88	15	5	1.0397
54	93	5	5.73029
11	44	5	1.88988
85	16	5	9.87069
24	98	5	6.86921
85	6	5	7.67309
87	46	5	8.0045
38	11	5	9.51729
90	62	5	1.06076
47	61	5	4.31156
53	7	5	1.72027
50	49	5	8.34061
80	43	5	2.72871
84	18	5	7.14281
1	100	5	0.42569
98	4	5	0.133927
40	18	5	4.48579
