cx	cy	r0	initAmp
43	11	5	3.64455
56	23	5	1.98107
32	18	5	8.99196
62	72	5	7.57106
62	54	5	8.85083
33	39	5	6.68602
80	54	5	7.96131
58	7	5	0.835559
60	88	5	5.36133
13	32	5	0.15849
18	37	5	5.46044
67	32	5	6.42625
44	61	5	9.71573
81	70	5	2.11338
98	71	5	5.4639
3	27	5	5.26794
28	2	5	8.22369
77	33	5	5.1532
77	80	5	1.08862
60	86	5	8.71734
