cx	cy	r0	initAmp
69	2	5	4.27505
6	87	5	2.03848
65	6	5	0.679514
58	86	5	7.95882
34	45	5	6.89424
11	4	5	0.305772
63	1	5	0.362691
84	13	5	3.30542
17	67	5	8.07078
7	20	5	7.31127
14	76	5	3.37284
95	55	5	0.214128
29	18	5	1.94048
15	81	5	2.63452
53	64	5	0.094478
7	73	5	5.06815
56	78	5	0.506867
53	86	5	8.879
3	7	5	4.68332
96	19	5	5.46825
