cx	cy	r0	initAmp
16	85	5	8.83676
71	44	5	2.00859
27	70	5	4.35984
46	91	5	6.09572
41	33	5	8.10302
62	19	5	9.35003
59	24	5	7.5083
22	84	5	0.36434
19	2	5	8.04402
71	26	5	9.84768
48	18	5	5.31005
49	2	5	9.58508
11	27	5	4.32867
37	83	5	7.97094
3	84	5	5.1282
24	87	5	1.73906
56	100	5	9.46002
21	6	5	8.96267
57	11	5	0.446791
85	2	5	3.64692
