cx	cy	r0	initAmp
17	32	5	6.33047
28	51	5	8.67283
90	25	5	8.35717
72	16	5	8.30324
2	9	5	0.956882
66	33	5	8.09432
6	22	5	5.65471
55	24	5	5.63512
80	25	5	2.54052
11	81	5	1.11196
7	12	5	8.22098
100	98	5	6.02892
52	36	5	0.134699
42	86	5	5.42
14	51	5	0.338176
84	71	5	7.63628
38	83	5	9.44091
31	58	5	0.801232
80	92	5	4.13939
36	100	5	5.99719
