cx	cy	r0	initAmp
11	83	5	8.07258
61	89	5	3.75791
93	58	5	0.871445
8	85	5	6.03469
97	87	5	2.23677
50	59	5	6.44021
100	44	5	5.05988
51	30	5	9.00872
66	82	5	3.32916
70	96	5	1.38108
60	16	5	0.208195
73	20	5	6.00982
98	46	5	1.5896
99	11	5	3.01577
30	91	5	8.2981
36	3	5	4.87767
46	96	5	3.68681
22	71	5	0.0324043
77	71	5	4.2181
11	32	5	7.48281
