cx	cy	r0	initAmp
80	6	5	5.7118
59	56	5	0.696949
27	83	5	0.951345
26	77	5	1.42686
72	82	5	6.44974
65	90	5	5.87894
25	47	5	0.0228193
46	87	5	7.79636
45	89	5	8.78252
17	13	5	9.96921
77	29	5	9.96312
39	64	5	4.69241
95	9	5	9.74569
97	14	5	3.18027
6	31	5	1.80556
28	31	5	8.37064
46	89	5	2.24132
28	85	5	9.07772
71	20	5	3.76791
98	75	5	3.53032
