cx	cy	r0	initAmp
60	30	5	2.97864
40	32	5	3.45327
33	35	5	9.79998
90	42	5	1.31383
5	4	5	5.00042
26	4	5	7.49506
83	45	5	1.90178
62	20	5	0.571138
12	39	5	1.24453
18	98	5	7.29835
45	29	5	4.41731
42	14	5	6.75134
6	72	5	6.34512
43	97	5	4.22701
78	67	5	6.70025
6	16	5	6.28649
14	19	5	0.116293
42	46	5	4.73549
52	20	5	3.12634
61	14	5	6.14934
