cx	cy	r0	initAmp
85	57	5	4.15934
50	60	5	7.16575
21	79	5	6.53274
76	87	5	3.36163
64	81	5	3.44036
6	27	5	2.4955
5	58	5	5.35469
42	14	5	6.30485
99	58	5	2.08922
10	5	5	1.22403
13	82	5	5.19075
54	29	5	1.07864
80	95	5	8.53754
39	83	5	0.941015
33	5	5	2.40758
5	40	5	7.5926
34	31	5	5.29009
55	77	5	1.15899
56	8	5	1.03416
72	50	5	6.08667
