cx	cy	r0	initAmp
17	52	5	9.21415
67	99	5	8.75229
79	21	5	2.89754
9	95	5	3.01743
10	59	5	5.75631
96	81	5	4.14923
50	29	5	0.546602
68	71	5	2.70612
10	88	5	0.099651
82	96	5	9.21377
38	47	5	4.42538
73	48	5	6.99238
87	39	5	8.16167
80	82	5	1.81901
90	64	5	2.11442
40	16	5	0.178242
82	62	5	2.62542
89	22	5	7.18677
66	91	5	5.39886
78	18	5	7.05595
