cx	cy	r0	initAmp
66	22	5	5.78717
39	74	5	3.70446
63	68	5	8.43346
12	47	5	2.65993
81	15	5	0.733621
48	28	5	2.71718
63	9	5	7.04266
76	7	5	8.29225
100	16	5	9.01506
70	9	5	2.78931
6	6	5	3.2593
42	67	5	2.97096
6	20	5	0.382649
67	92	5	9.87776
44	37	5	9.74232
81	11	5	1.46095
14	92	5	1.39487
13	99	5	1.16187
79	89	5	8.1413
50	34	5	8.35479
