cx	cy	r0	initAmp
91	78	5	1.09671
56	88	5	9.06066
66	8	5	9.1998
84	4	5	4.17286
20	71	5	0.293957
13	56	5	0.0279215
78	86	5	0.327392
44	96	5	1.15862
39	48	5	8.4783
79	55	5	3.80981
79	74	5	5.02436
17	54	5	4.6145
12	75	5	3.32692
34	58	5	4.26683
61	18	5	0.547881
88	76	5	9.94367
62	95	5	3.9543
43	88	5	2.39514
96	86	5	5.37753
86	31	5	8.89527
