cx	cy	r0	initAmp
8	17	5	2.52934
50	63	5	8.27099
2	50	5	6.64649
86	28	5	7.85343
4	41	5	6.33283
55	30	5	9.64535
8	4	5	9.8421
35	25	5	0.763348
51	36	5	5.86576
19	84	5	1.87484
21	43	5	0.298417
99	58	5	9.93057
80	25	5	8.11858
57	40	5	7.58998
74	90	5	8.32249
64	41	5	0.393828
34	17	5	9.45824
38	37	5	6.98474
68	31	5	8.25251
37	12	5	3.81229
