cx	cy	r0	initAmp
52	51	5	0.196763
51	45	5	1.6199
17	51	5	2.15026
4	79	5	1.86578
48	42	5	0.492192
13	17	5	1.06835
30	91	5	4.43922
87	38	5	9.36837
33	19	5	4.17423
5	80	5	2.06876
57	32	5	1.38085
13	74	5	8.99442
66	78	5	5.73444
80	71	5	4.11648
85	92	5	2.43711
78	9	5	4.54791
3	96	5	5.22988
67	53	5	7.92051
53	73	5	6.42206
12	54	5	0.157706
