cx	cy	r0	initAmp
88	74	5	3.15265
47	33	5	4.1529
77	88	5	9.72063
25	23	5	3.5273
57	75	5	5.87988
18	17	5	0.201369
97	80	5	5.37637
10	63	5	9.45601
24	99	5	2.16223
27	45	5	9.54051
5	57	5	7.79941
60	63	5	7.25493
24	21	5	9.47273
53	42	5	3.19043
19	91	5	1.88377
30	23	5	1.25762
28	31	5	8.30882
71	80	5	0.278579
42	59	5	7.47189
46	94	5	1.79788
