cx	cy	r0	initAmp
86	85	5	4.51814
5	87	5	3.1081
69	7	5	7.96108
51	96	5	4.72005
56	99	5	0.360622
71	7	5	2.025
27	72	5	7.8254
35	36	5	1.01858
80	39	5	2.68155
34	45	5	6.43974
69	88	5	6.41382
44	46	5	6.26276
76	21	5	0.397296
70	75	5	2.14488
35	61	5	3.92743
23	56	5	8.50958
98	8	5	1.92066
7	26	5	6.36041
87	98	5	1.67522
19	96	5	8.75752
