cx	cy	r0	initAmp
82	56	5	3.99231
79	66	5	4.1772
89	14	5	7.48827
71	7	5	9.02429
4	57	5	5.00373
87	32	5	9.88809
74	72	5	8.73253
92	6	5	2.28836
97	39	5	4.34877
93	41	5	1.07292
39	33	5	6.31811
21	29	5	5.16234
12	21	5	7.70962
66	45	5	7.70198
79	94	5	4.93559
88	77	5	8.33044
33	45	5	8.52059
97	12	5	4.30202
20	69	5	6.90908
86	28	5	3.00012
