cx	cy	r0	initAmp
95	30	5	2.45319
58	4	5	0.862063
6	99	5	9.54259
91	9	5	7.09657
65	49	5	7.94419
94	41	5	4.4228
14	75	5	8.37378
58	32	5	0.3813
89	1	5	6.70582
99	34	5	1.70068
53	86	5	9.21959
65	44	5	2.15453
85	99	5	4.37666
62	14	5	3.31077
63	4	5	4.09078
92	19	5	1.43475
90	38	5	9.68486
39	54	5	9.90682
66	62	5	2.63156
70	48	5	0.768341
