cx	cy	r0	initAmp
31	93	5	0.422911
81	25	5	1.03297
71	34	5	3.44535
38	81	5	0.387153
64	68	5	2.22854
87	42	5	2.62742
34	84	5	4.51758
38	30	5	6.97947
91	41	5	3.76541
76	64	5	3.64088
85	60	5	2.01733
98	78	5	1.47045
41	79	5	0.699035
89	49	5	9.62205
51	32	5	6.97083
22	26	5	6.2439
3	33	5	2.26553
72	48	5	4.79344
12	95	5	3.39512
30	53	5	3.09066
