cx	cy	r0	initAmp
40	92	5	5.33625
100	62	5	3.61691
15	70	5	1.26066
38	1	5	5.58101
25	74	5	5.63816
56	32	5	0.0932048
92	67	5	8.19365
76	31	5	1.66225
30	15	5	4.36945
78	57	5	2.88402
47	38	5	0.877182
24	51	5	9.11297
25	57	5	1.2314
85	87	5	1.46372
92	70	5	4.42017
48	11	5	5.79165
3	36	5	8.74864
57	35	5	4.54328
31	25	5	7.61385
53	69	5	1.46462
