cx	cy	r0	initAmp
90	46	5	2.75361
74	4	5	6.09558
79	17	5	1.60673
75	19	5	4.25022
47	36	5	3.92385
65	35	5	9.14479
23	28	5	3.47927
71	38	5	7.01071
75	82	5	2.78353
63	38	5	0.959612
58	17	5	2.61295
25	98	5	0.0894971
14	74	5	7.27112
15	75	5	1.45062
61	40	5	3.91074
59	58	5	0.300382
7	50	5	7.77619
95	2	5	7.71843
38	69	5	7.54998
46	36	5	0.279327
