cx	cy	r0	initAmp
60	9	5	6.75074
38	40	5	0.0768288
60	57	5	4.00871
92	32	5	1.33941
23	11	5	3.51881
61	58	5	9.13275
12	32	5	7.26495
85	76	5	3.13162
95	49	5	0.972888
99	29	5	9.54732
100	75	5	0.243904
45	54	5	1.71969
13	33	5	7.67642
2	70	5	1.5065
41	17	5	8.89592
78	98	5	0.578642
79	38	5	9.05671
7	42	5	0.903678
14	79	5	6.62998
14	10	5	5.05386
