cx	cy	r0	initAmp
50	77	5	5.60556
54	91	5	2.66453
69	90	5	4.82934
80	56	5	6.05465
80	4	5	9.66315
46	29	5	3.77928
41	26	5	1.74807
70	89	5	9.69067
63	41	5	9.25938
19	91	5	5.54623
54	39	5	2.10163
15	98	5	0.533432
43	44	5	2.16054
14	69	5	4.55298
26	77	5	8.47037
31	86	5	9.46606
10	89	5	1.67756
35	53	5	5.10802
86	43	5	4.51683
2	3	5	9.44287
