cx	cy	r0	initAmp
74	67	5	7.32413
34	9	5	1.66344
47	23	5	2.98024
43	4	5	7.99392
57	17	5	7.87493
89	62	5	6.53474
4	40	5	0.429617
1	97	5	7.23844
20	90	5	2.25568
17	26	5	4.10385
97	83	5	5.60256
6	84	5	3.19378
9	1	5	2.9641
28	57	5	6.07089
61	19	5	2.5187
8	4	5	9.69483
58	84	5	9.10442
34	49	5	1.42691
27	21	5	1.4959
10	47	5	5.02052
