cx	cy	r0	initAmp
33	100	5	4.19408
76	11	5	5.64468
88	38	5	8.80156
70	87	5	6.86307
79	89	5	3.14947
91	14	5	1.36469
73	59	5	2.1837
30	55	5	7.95713
28	92	5	6.36197
72	52	5	0.33845
55	24	5	0.355777
100	58	5	1.78047
98	69	5	5.44587
86	46	5	6.92046
32	25	5	5.03597
68	61	5	3.16076
6	50	5	3.06345
53	44	5	3.82761
19	38	5	3.45752
93	37	5	1.60576
