cx	cy	r0	initAmp
50	72	5	6.59721
62	66	5	8.61499
30	55	5	8.8461
27	50	5	7.89601
34	86	5	7.39311
91	5	5	4.14084
37	80	5	5.87589
1	47	5	2.99908
95	26	5	5.99515
77	63	5	9.45008
61	88	5	3.15547
28	100	5	6.01683
99	60	5	9.03712
43	33	5	6.98641
75	83	5	4.41542
28	54	5	2.93561
66	63	5	1.78158
14	74	5	9.02351
71	11	5	9.81312
36	5	5	8.20086
