cx	cy	r0	initAmp
31	70	5	8.19998
13	93	5	5.29332
35	55	5	7.57441
78	31	5	1.2694
59	91	5	9.12209
53	59	5	5.08993
54	64	5	6.41016
50	16	5	6.16698
16	80	5	5.34658
59	58	5	9.99562
95	96	5	7.33123
40	83	5	1.66281
50	50	5	5.80916
80	32	5	1.25348
1	82	5	5.39092
29	45	5	3.92381
48	79	5	4.96444
98	66	5	9.25655
92	100	5	3.24295
84	26	5	1.28854
