cx	cy	r0	initAmp
1	34	5	7.83676
36	76	5	6.3135
96	9	5	9.8163
4	94	5	6.92602
62	71	5	1.26781
29	77	5	4.38962
39	9	5	6.87996
49	39	5	0.665037
26	98	5	1.68048
61	40	5	2.47073
98	57	5	6.71065
67	26	5	4.6798
41	71	5	9.89431
83	3	5	6.38553
23	16	5	1.21119
18	23	5	0.387617
8	76	5	9.11202
71	22	5	1.59615
29	61	5	6.3573
7	59	5	5.00142
