cx	cy	r0	initAmp
84	91	5	0.227628
97	6	5	9.56534
66	97	5	6.08798
34	63	5	3.68657
93	92	5	4.44105
63	91	5	9.59172
62	18	5	0.46138
16	2	5	5.64851
78	55	5	7.14754
4	39	5	0.928501
64	57	5	5.4867
56	73	5	1.1367
60	35	5	6.01301
94	9	5	5.71033
83	59	5	5.1777
44	31	5	0.279209
7	39	5	8.4606
4	5	5	1.65205
82	91	5	4.8618
31	93	5	9.33863
