cx	cy	r0	initAmp
49	76	5	1.73459
27	77	5	3.87462
66	21	5	9.32601
60	93	5	2.63199
68	66	5	5.33693
29	15	5	0.226323
46	6	5	8.68265
79	1	5	5.41477
85	16	5	4.93054
49	40	5	5.9016
61	26	5	1.52945
91	20	5	2.6265
13	88	5	7.06062
47	19	5	9.66323
49	27	5	0.605666
81	92	5	8.61577
13	38	5	6.0759
3	74	5	5.7303
7	88	5	8.4868
16	82	5	5.24729
