cx	cy	r0	initAmp
39	57	5	2.70828
97	67	5	1.93014
77	18	5	3.72368
43	62	5	8.94321
29	97	5	9.07995
52	19	5	6.78062
49	48	5	4.10642
25	13	5	3.96059
49	39	5	5.07992
33	36	5	1.87521
10	14	5	0.294198
19	83	5	4.47719
89	10	5	9.54539
21	28	5	1.71305
10	71	5	9.05673
74	1	5	6.25643
87	81	5	9.11055
87	33	5	6.4283
17	19	5	8.71177
25	2	5	0.753572
