cx	cy	r0	initAmp
29	45	5	3.81379
1	88	5	7.1822
54	8	5	7.88477
9	62	5	7.65449
66	36	5	7.70304
78	10	5	0.537408
60	4	5	7.76922
33	73	5	8.69741
70	21	5	5.15468
50	28	5	9.17184
95	9	5	3.96878
58	46	5	2.55133
18	92	5	7.4552
10	14	5	2.96745
7	86	5	0.0668495
92	3	5	2.74194
66	21	5	5.28806
42	37	5	9.11274
45	42	5	4.63781
54	50	5	7.47353
