cx	cy	r0	initAmp
31	1	5	3.10818
81	54	5	3.61457
45	46	5	5.04669
68	78	5	4.58245
80	90	5	8.27976
27	91	5	4.08525
39	83	5	2.21802
76	53	5	3.01646
55	46	5	0.50842
38	86	5	7.68652
23	9	5	7.95508
30	22	5	4.9509
21	24	5	9.54729
64	45	5	1.2078
98	58	5	7.91022
81	63	5	8.43307
11	52	5	5.58218
44	35	5	0.873836
32	11	5	4.32631
43	34	5	3.35574
