cx	cy	r0	initAmp
100	82	5	0.132977
21	54	5	0.279834
83	20	5	5.91355
70	74	5	1.89945
1	78	5	5.91434
45	80	5	9.08131
89	68	5	3.37599
21	17	5	7.97392
16	48	5	7.66517
24	56	5	8.92086
94	21	5	1.30668
63	77	5	1.51756
49	72	5	0.807256
31	3	5	6.58711
55	91	5	9.47004
18	18	5	4.93368
24	54	5	6.72474
42	17	5	2.29804
19	46	5	3.28981
16	96	5	4.03106
