cx	cy	r0	initAmp
21	95	5	0.562802
79	93	5	2.84951
61	17	5	8.80041
35	91	5	0.596385
41	64	5	6.7334
45	71	5	7.57547
74	46	5	9.37052
32	47	5	8.30678
14	64	5	0.417487
82	38	5	9.45487
99	61	5	0.68369
25	32	5	5.29519
43	12	5	7.08259
46	85	5	0.271171
66	18	5	5.72447
82	82	5	9.55938
33	47	5	2.79994
59	53	5	0.77386
11	98	5	2.55516
95	8	5	4.7237
