cx	cy	r0	initAmp
93	2	5	1.00157
96	13	5	7.4815
28	26	5	6.52995
17	6	5	4.99166
6	99	5	9.03682
13	50	5	4.27914
55	22	5	3.45447
42	99	5	1.40832
84	13	5	9.42252
84	38	5	7.75754
72	72	5	7.4745
47	51	5	3.33466
96	64	5	5.75548
21	72	5	4.98568
55	57	5	2.1185
27	72	5	0.761753
72	89	5	1.50731
17	24	5	3.05714
67	63	5	0.122926
50	42	5	1.47052
