cx	cy	r0	initAmp
5	74	5	1.44589
19	95	5	7.93269
65	85	5	9.91105
82	18	5	3.40539
73	97	5	7.13912
15	25	5	9.30695
94	90	5	4.9244
64	3	5	1.17872
88	20	5	2.38587
84	70	5	6.85425
51	25	5	0.619664
36	23	5	0.313864
19	16	5	1.30452
75	1	5	1.57491
8	79	5	9.4894
81	57	5	8.62026
71	65	5	2.48447
4	93	5	2.04831
42	61	5	9.42778
86	4	5	8.11918
