cx	cy	r0	initAmp
33	42	5	4.51003
15	46	5	1.91637
83	82	5	8.59233
17	49	5	5.42135
96	46	5	5.53286
34	11	5	9.85213
16	34	5	5.44522
68	82	5	6.86913
24	94	5	6.2328
98	66	5	8.129
96	55	5	6.7801
33	64	5	5.55556
25	6	5	1.14307
20	18	5	7.61242
17	8	5	4.02427
63	52	5	2.01063
25	57	5	4.98098
13	55	5	2.36377
68	75	5	3.78316
74	35	5	2.2282
