cx	cy	r0	initAmp
56	1	5	0.657603
6	100	5	8.99871
27	47	5	8.24948
86	7	5	0.229767
43	9	5	5.31147
3	93	5	4.27523
3	49	5	9.01252
29	75	5	0.853238
23	23	5	8.51023
71	53	5	2.9087
52	39	5	5.73637
55	78	5	5.14178
77	18	5	1.56399
96	81	5	9.96605
25	84	5	9.08528
30	23	5	4.13466
42	96	5	2.62137
23	65	5	8.30702
60	15	5	0.175836
46	10	5	8.19924
