cx	cy	r0	initAmp
44	98	5	5.22165
70	10	5	0.890894
6	43	5	9.32355
46	69	5	5.75095
63	90	5	7.70837
27	47	5	2.64945
11	91	5	4.94127
81	55	5	6.18096
20	95	5	8.14116
12	11	5	8.0861
28	97	5	7.09831
97	24	5	7.10159
23	57	5	8.97258
56	48	5	4.79886
88	100	5	5.45022
73	1	5	9.43138
41	75	5	5.87393
97	70	5	4.89714
15	48	5	2.88436
12	52	5	8.91551
