cx	cy	r0	initAmp
57	91	5	0.211379
55	29	5	4.51019
31	22	5	5.36285
84	9	5	1.84124
74	71	5	0.586902
99	18	5	2.19579
19	10	5	5.74654
52	82	5	5.99833
4	19	5	6.57826
65	12	5	6.60864
74	74	5	2.18435
9	3	5	3.05797
3	54	5	9.16994
22	18	5	6.33707
52	40	5	6.39531
4	82	5	3.30138
100	1	5	0.0529247
49	59	5	6.15239
9	57	5	1.66969
31	14	5	1.7329
