cx	cy	r0	initAmp
56	84	5	9.06846
22	32	5	3.539
83	76	5	3.88418
24	16	5	6.6543
20	29	5	6.58984
72	2	5	8.612
86	30	5	7.35534
95	94	5	4.53943
32	100	5	8.29639
21	54	5	4.54701
25	77	5	6.16464
80	1	5	2.00163
72	12	5	9.04152
88	82	5	5.73523
56	96	5	1.04342
59	38	5	4.57982
77	42	5	2.78499
93	18	5	2.05975
6	91	5	3.89217
9	76	5	1.68081
