cx	cy	r0	initAmp
94	38	5	4.71186
89	60	5	0.123472
22	41	5	9.85712
75	29	5	2.10037
71	22	5	6.53561
11	54	5	6.17214
37	80	5	4.47143
77	22	5	0.823266
85	89	5	3.52982
34	51	5	1.68222
62	57	5	0.137907
100	10	5	6.23717
72	28	5	9.36559
95	43	5	2.27918
100	69	5	8.74115
82	50	5	4.16622
91	85	5	0.158718
83	57	5	8.94865
3	93	5	8.64963
27	66	5	4.45795
