cx	cy	r0	initAmp
2	13	5	6.78603
28	78	5	2.86432
19	25	5	2.5008
28	3	5	9.61728
92	50	5	4.57518
71	89	5	8.13705
42	98	5	2.21962
86	86	5	9.16747
55	84	5	9.90442
78	51	5	1.49013
86	29	5	5.95068
95	41	5	5.38755
84	8	5	4.88509
26	84	5	1.94948
9	29	5	5.58301
41	28	5	8.15961
6	20	5	8.20131
18	5	5	8.34473
11	63	5	7.61063
58	100	5	8.16657
