cx	cy	r0	initAmp
27	12	5	2.61227
81	84	5	8.65892
24	1	5	8.48548
70	1	5	1.95159
57	51	5	1.21707
72	41	5	9.29317
10	45	5	5.74598
33	56	5	0.311231
99	61	5	6.30499
63	53	5	2.07093
89	4	5	1.77923
43	87	5	7.54269
62	50	5	8.66296
23	9	5	4.94724
41	2	5	0.21814
35	16	5	0.265197
99	34	5	0.428441
4	28	5	1.32899
82	51	5	6.39032
60	62	5	5.81933
