cx	cy	r0	initAmp
49	44	5	8.5759
56	92	5	2.84424
92	7	5	6.1995
85	72	5	2.37057
80	36	5	2.63095
39	53	5	0.813008
56	78	5	7.75165
19	67	5	7.84315
84	50	5	7.26003
59	55	5	7.71365
32	97	5	1.38447
91	58	5	8.93068
64	55	5	2.22607
45	90	5	8.48968
39	80	5	3.93535
93	40	5	2.06073
35	81	5	0.867347
33	100	5	9.25633
37	89	5	3.39812
71	49	5	6.07472
