cx	cy	r0	initAmp
46	92	5	5.83741
40	22	5	1.12505
23	48	5	7.76987
62	60	5	8.77448
96	17	5	1.51803
78	58	5	7.56929
78	52	5	7.94997
39	8	5	4.24895
29	87	5	7.06232
20	93	5	2.62034
6	62	5	2.1928
54	23	5	5.42993
6	31	5	9.22321
67	50	5	6.87853
24	30	5	8.74486
93	21	5	2.84605
27	59	5	8.48649
16	92	5	6.99744
75	52	5	7.51145
92	51	5	9.71717
