cx	cy	r0	initAmp
38	73	5	5.44843
22	24	5	6.89156
2	74	5	5.08759
93	87	5	4.87616
61	9	5	5.41063
47	36	5	5.57118
14	65	5	4.94781
74	18	5	2.20752
48	3	5	6.73672
79	15	5	2.24105
5	93	5	8.87672
69	93	5	5.60353
86	59	5	4.49618
93	53	5	1.42818
50	33	5	3.93027
41	34	5	4.80378
90	37	5	4.23446
47	14	5	3.94265
21	99	5	0.703065
95	39	5	2.32065
