cx	cy	r0	initAmp
36	28	5	8.93949
90	38	5	6.43669
26	38	5	0.500073
23	25	5	0.577579
16	40	5	7.45674
95	13	5	8.02301
59	26	5	7.28382
90	69	5	5.32454
11	2	5	6.43579
77	10	5	8.16991
85	83	5	4.78689
94	55	5	9.68646
4	89	5	6.38794
65	76	5	7.14345
32	65	5	1.34095
44	7	5	6.17756
67	37	5	2.19771
28	91	5	5.02715
49	26	5	1.00278
27	73	5	3.77822
