cx	cy	r0	initAmp
4	76	5	5.6237
55	35	5	8.80707
81	97	5	6.1955
6	67	5	8.65329
39	24	5	7.20674
22	54	5	6.47387
86	2	5	6.9034
12	11	5	0.926172
2	93	5	4.17531
12	90	5	2.58244
28	67	5	9.0467
90	43	5	7.70185
23	33	5	1.46815
99	90	5	0.00544137
9	33	5	8.06895
31	49	5	8.64105
93	41	5	4.53757
99	55	5	8.11622
6	28	5	1.60911
11	28	5	6.95261
