cx	cy	r0	initAmp
31	18	5	2.833
41	50	5	1.26269
91	93	5	9.56677
10	52	5	4.00909
12	4	5	7.6797
66	100	5	0.58464
19	91	5	0.14055
25	32	5	2.40856
6	66	5	7.58271
84	52	5	6.96143
10	30	5	4.30982
85	3	5	2.00918
100	47	5	0.954081
43	9	5	9.71384
25	5	5	8.07453
63	22	5	9.33953
69	39	5	6.26951
67	91	5	7.83675
2	81	5	0.841923
1	22	5	9.19432
