cx	cy	r0	initAmp
64	78	5	8.67564
49	24	5	4.39347
27	59	5	1.14973
61	4	5	4.0178
18	82	5	9.37195
59	2	5	4.23128
82	17	5	8.77646
7	86	5	3.05015
65	80	5	4.30397
10	42	5	3.60828
97	82	5	9.63438
4	82	5	5.79621
42	24	5	1.23179
9	32	5	2.48027
50	67	5	7.83167
50	58	5	6.95866
57	9	5	9.99379
75	63	5	5.7327
68	68	5	0.553414
23	50	5	2.84513
