cx	cy	r0	initAmp
65	31	5	5.8851
3	60	5	5.10754
60	85	5	9.75624
96	100	5	9.55774
52	82	5	5.94332
29	1	5	4.54489
45	39	5	1.71062
56	25	5	6.45466
76	95	5	1.40243
58	23	5	9.51225
95	14	5	7.14906
81	17	5	2.27055
25	5	5	5.55188
54	33	5	9.26306
3	32	5	1.41694
24	77	5	6.50223
46	61	5	4.84602
88	97	5	8.64834
36	18	5	5.49182
30	72	5	2.91182
