cx	cy	r0	initAmp
85	70	5	8.9878
19	92	5	8.94075
46	47	5	8.96302
63	26	5	4.35819
97	15	5	6.97062
21	97	5	4.08197
60	89	5	2.16955
92	8	5	7.23998
25	56	5	9.82876
78	95	5	3.44613
64	33	5	5.82837
79	83	5	7.87415
89	21	5	1.7488
37	45	5	8.62054
60	29	5	5.48569
51	8	5	4.31904
63	90	5	0.78223
66	45	5	9.71852
2	7	5	3.84447
53	34	5	9.4577
