cx	cy	r0	initAmp
16	57	5	5.11633
62	85	5	4.79325
1	42	5	0.872699
21	40	5	7.79798
15	97	5	1.81963
30	10	5	7.45832
65	79	5	9.06482
57	5	5	6.28036
44	45	5	2.12192
44	73	5	2.97273
65	31	5	0.938187
3	79	5	1.96122
94	45	5	1.55603
39	34	5	8.85332
32	91	5	4.58521
35	6	5	5.39732
2	8	5	1.22268
36	58	5	6.62025
55	4	5	9.73971
82	17	5	4.98341
