cx	cy	r0	initAmp
76	62	5	3.9882
26	37	5	8.37303
71	8	5	8.13696
38	19	5	3.89703
73	9	5	8.4264
61	49	5	4.41748
68	12	5	2.02897
14	95	5	9.62199
98	66	5	2.41874
23	2	5	4.6631
34	22	5	5.10397
11	5	5	5.81016
7	48	5	0.845899
61	76	5	9.55335
9	55	5	6.34504
21	27	5	4.55143
53	53	5	8.06531
46	54	5	2.11885
89	53	5	9.63935
79	17	5	9.25875
