cx	cy	r0	initAmp
52	58	5	8.73238
46	95	5	6.91496
25	20	5	5.68878
6	43	5	6.40909
93	82	5	3.90031
65	33	5	6.86826
39	9	5	2.41913
44	37	5	7.40533
25	63	5	0.38355
85	30	5	1.36432
98	39	5	4.0622
20	8	5	9.72686
27	74	5	8.35215
2	93	5	7.70291
15	52	5	5.02664
35	88	5	7.72149
92	82	5	9.37578
1	85	5	2.29157
33	14	5	5.24296
49	89	5	5.65298
