cx	cy	r0	initAmp
87	92	5	4.00437
79	47	5	9.94885
98	99	5	1.7144
77	29	5	5.24772
74	19	5	6.7931
28	6	5	3.43515
74	8	5	0.371182
71	68	5	0.190266
29	61	5	8.60321
59	35	5	7.57723
40	3	5	4.46085
77	85	5	2.92957
18	79	5	5.30407
54	18	5	6.51397
23	16	5	7.20942
71	73	5	9.62207
53	44	5	4.87966
53	77	5	6.19455
54	84	5	2.55788
66	61	5	3.86891
