cx	cy	r0	initAmp
24	55	5	2.05056
77	25	5	7.47909
57	96	5	9.43246
54	96	5	9.05753
84	37	5	8.58861
68	52	5	2.0835
98	19	5	7.94606
87	81	5	5.56388
2	47	5	2.41504
24	42	5	1.47731
74	32	5	7.41937
45	41	5	9.89581
54	53	5	1.71245
22	34	5	6.59548
39	40	5	0.468818
32	64	5	6.04367
59	80	5	9.47214
85	76	5	6.3774
25	22	5	7.97933
22	78	5	4.776
