cx	cy	r0	initAmp
82	55	5	8.77362
71	68	5	0.783702
12	31	5	4.12074
57	48	5	4.66916
80	45	5	0.11174
84	42	5	2.40055
55	99	5	7.97074
20	12	5	4.02624
19	94	5	0.828855
85	56	5	2.32777
40	67	5	6.78115
76	3	5	2.95249
18	65	5	6.94296
60	71	5	8.89445
28	21	5	3.91939
61	79	5	3.38271
54	35	5	8.28841
75	49	5	3.94505
54	73	5	8.07696
1	55	5	9.45381
