cx	cy	r0	initAmp
60	96	5	8.78025
26	4	5	8.39677
100	45	5	3.82628
22	23	5	1.39848
57	8	5	2.90332
55	10	5	2.49173
94	82	5	0.328699
71	68	5	4.80862
79	10	5	9.72213
76	35	5	7.05824
39	2	5	0.0637632
16	36	5	9.82765
67	20	5	0.469968
32	46	5	5.95742
59	80	5	2.66713
34	94	5	6.01112
54	75	5	7.64271
47	4	5	1.7322
79	58	5	0.917359
41	84	5	7.20834
