cx	cy	r0	initAmp
75	7	5	1.58489
71	87	5	2.75506
33	13	5	1.41394
96	23	5	7.94399
85	3	5	4.41705
8	4	5	3.19515
39	16	5	3.55194
20	23	5	6.95134
93	73	5	9.86757
53	86	5	7.89358
39	11	5	5.96218
6	64	5	8.84936
91	48	5	7.67288
8	42	5	9.01662
23	57	5	9.73374
28	70	5	9.4911
97	23	5	6.74606
89	40	5	5.01643
66	63	5	8.1556
94	50	5	0.54069
