cx	cy	r0	initAmp
12	73	5	0.752043
86	97	5	1.87186
12	53	5	1.9569
50	38	5	4.97258
30	54	5	0.297217
78	50	5	7.97274
26	43	5	9.55525
68	84	5	9.74322
63	51	5	6.05398
23	68	5	8.03389
81	24	5	2.2397
88	81	5	8.08564
19	31	5	2.1875
86	57	5	3.70612
82	17	5	2.48996
79	31	5	3.07732
26	54	5	4.8041
25	87	5	0.569375
8	26	5	9.56117
30	58	5	5.94343
