cx	cy	r0	initAmp
26	11	5	0.656483
91	15	5	3.97555
39	88	5	2.13304
52	23	5	4.75953
39	64	5	0.800361
53	54	5	9.49541
71	69	5	1.88975
74	20	5	0.0550759
8	72	5	2.40291
53	2	5	6.93251
38	93	5	2.93771
19	48	5	5.58786
27	85	5	8.59524
55	68	5	2.37286
41	43	5	4.36509
60	96	5	0.410331
55	24	5	5.41562
83	74	5	2.50879
8	17	5	7.53072
62	31	5	0.500612
