cx	cy	r0	initAmp
73	1	5	5.17215
27	25	5	7.01518
2	56	5	0.415231
16	63	5	8.81122
6	25	5	0.312444
59	89	5	8.40375
89	15	5	1.61357
18	71	5	3.11712
34	58	5	2.53022
87	79	5	4.65803
62	73	5	8.91535
79	16	5	7.3156
94	73	5	4.79987
78	32	5	6.34824
74	72	5	0.187904
89	38	5	6.36214
98	82	5	8.37332
72	2	5	6.58559
18	7	5	3.87702
92	64	5	7.24396
