cx	cy	r0	initAmp
10	98	5	3.26384
99	80	5	3.09251
7	80	5	7.00623
43	4	5	7.77313
40	59	5	4.43487
36	1	5	6.01226
8	45	5	3.63358
50	87	5	4.69588
84	3	5	3.33707
41	59	5	5.88672
38	17	5	9.62382
25	97	5	2.53714
47	100	5	8.76423
78	30	5	4.46729
6	47	5	6.803
29	32	5	2.12367
52	3	5	6.48707
87	77	5	1.00996
42	35	5	8.39093
44	75	5	3.59301
