cx	cy	r0	initAmp
36	71	5	8.92284
10	93	5	5.3041
86	96	5	2.10982
19	73	5	6.56233
57	72	5	0.769878
95	95	5	8.46419
70	2	5	2.60408
54	69	5	7.76125
84	4	5	7.66413
100	82	5	4.01447
86	63	5	0.383011
87	56	5	2.67119
27	34	5	3.13692
85	86	5	2.06288
26	85	5	5.83759
85	60	5	1.39398
49	54	5	5.36652
90	47	5	2.67933
69	21	5	6.77245
49	72	5	5.57188
