cx	cy	r0	initAmp
31	77	5	7.32193
96	38	5	7.0963
97	11	5	1.65345
35	10	5	0.161356
100	3	5	9.98268
31	72	5	5.46733
88	29	5	7.57555
71	13	5	2.67002
69	68	5	2.89303
55	20	5	9.76031
58	97	5	3.3185
94	81	5	0.350075
61	34	5	5.60949
55	25	5	0.612385
93	66	5	2.21879
16	38	5	2.10811
34	31	5	2.43368
79	41	5	6.79818
62	87	5	7.44353
19	87	5	5.74975
