cx	cy	r0	initAmp
4	39	5	4.82286
64	84	5	7.10938
12	93	5	2.80476
2	30	5	2.47485
29	96	5	6.51751
61	58	5	2.36405
82	95	5	8.1442
59	34	5	0.116496
12	15	5	9.84351
16	51	5	6.82736
16	42	5	7.03869
42	89	5	7.42362
69	6	5	7.8274
30	29	5	5.55452
89	33	5	5.88473
88	57	5	3.83738
59	98	5	1.98757
60	99	5	6.52819
36	9	5	5.07253
52	11	5	2.19159
