cx	cy	r0	initAmp
61	12	5	7.41026
96	11	5	1.58206
31	44	5	6.03047
7	23	5	0.0553651
44	76	5	6.61845
50	86	5	2.38912
98	80	5	1.18892
75	79	5	9.36581
41	73	5	3.05944
61	73	5	3.48952
81	82	5	2.55753
24	14	5	9.68215
53	6	5	2.75165
18	49	5	1.41924
40	31	5	6.46226
30	61	5	5.66329
22	39	5	6.97401
10	57	5	8.64397
32	7	5	5.85619
8	80	5	1.78703
