cx	cy	r0	initAmp
68	15	5	1.06217
52	21	5	3.39402
63	51	5	2.62324
48	54	5	2.64635
47	54	5	1.80473
96	24	5	0.585921
99	61	5	8.16722
86	71	5	4.56741
60	7	5	7.51498
21	24	5	7.86535
27	16	5	0.643363
7	98	5	4.61471
65	72	5	2.91971
72	9	5	8.52261
36	55	5	3.19418
96	15	5	6.90468
60	11	5	3.14051
100	62	5	8.03046
55	92	5	0.226741
8	91	5	2.05691
