cx	cy	r0	initAmp
29	100	5	9.9571
36	9	5	0.148955
76	82	5	1.04361
98	5	5	6.46394
98	7	5	9.90791
46	49	5	3.23912
86	8	5	6.70861
35	35	5	1.58077
12	15	5	5.27877
82	19	5	4.14497
100	70	5	0.163863
94	88	5	6.78325
84	78	5	8.12192
60	74	5	8.64902
67	26	5	3.34102
62	50	5	3.21077
48	38	5	6.29127
16	43	5	3.28551
72	58	5	9.81162
55	57	5	7.13758
