cx	cy	r0	initAmp
14	60	5	7.33874
64	89	5	3.61592
3	40	5	7.78081
21	91	5	2.65309
2	6	5	7.47373
50	47	5	4.44062
46	76	5	3.10791
73	72	5	0.318829
64	100	5	0.730971
74	23	5	9.52885
28	95	5	6.54824
80	20	5	5.12751
52	15	5	1.96499
19	84	5	0.261583
13	97	5	7.52229
31	45	5	0.265961
96	16	5	2.63248
92	78	5	4.4244
52	44	5	8.95957
82	30	5	9.4146
