cx	cy	r0	initAmp
71	40	5	7.00714
78	19	5	6.08015
36	42	5	5.30006
58	54	5	3.47688
31	64	5	9.16474
45	69	5	3.47529
29	81	5	8.01518
38	74	5	1.55527
70	38	5	5.43933
7	44	5	5.18836
76	6	5	5.10701
98	14	5	6.54813
53	64	5	1.11866
66	26	5	7.55592
43	37	5	1.19504
69	100	5	5.05468
45	49	5	0.590936
69	65	5	9.88079
65	89	5	9.29038
7	28	5	5.34343
