cx	cy	r0	initAmp
19	84	5	5.26464
31	27	5	9.46769
34	56	5	7.11864
100	18	5	8.04451
40	77	5	1.02137
71	6	5	8.9166
68	40	5	4.48279
18	29	5	7.82806
38	49	5	5.0399
96	4	5	0.364492
89	63	5	9.06078
29	48	5	6.64434
44	53	5	7.59785
8	37	5	9.52668
56	80	5	0.436707
52	14	5	4.98199
34	1	5	7.66415
10	63	5	3.2788
29	21	5	8.77375
97	12	5	5.42499
