cx	cy	r0	initAmp
15	43	5	4.64581
90	26	5	5.67593
59	54	5	1.00762
90	6	5	8.9252
35	50	5	6.84364
15	81	5	5.63169
12	71	5	8.89492
43	48	5	1.90422
73	15	5	5.30969
97	8	5	1.48859
35	53	5	9.78195
39	53	5	3.84548
89	57	5	7.21672
94	23	5	8.62123
6	63	5	8.19104
73	24	5	7.43939
78	38	5	7.66635
57	58	5	7.39172
87	39	5	8.66465
99	55	5	0.56159
