cx	cy	r0	initAmp
76	1	5	0.294409
35	47	5	7.80867
95	29	5	0.223652
22	46	5	8.02422
58	93	5	1.4522
90	66	5	3.79646
22	22	5	6.93917
89	32	5	7.98086
3	67	5	9.27417
50	7	5	3.7029
84	87	5	3.29815
60	3	5	4.55666
56	25	5	3.65024
78	18	5	1.68671
74	80	5	3.1452
29	18	5	8.38204
22	17	5	8.75951
88	95	5	3.39536
73	88	5	8.20812
31	12	5	4.55583
