cx	cy	r0	initAmp
43	26	5	1.77665
49	48	5	8.25485
5	68	5	5.9361
59	45	5	2.00423
89	26	5	2.24196
63	30	5	1.03952
18	46	5	6.74278
67	25	5	6.77432
46	36	5	9.03879
26	52	5	1.86879
94	68	5	9.31109
47	19	5	2.28016
33	60	5	1.49201
24	27	5	4.53445
2	49	5	5.30635
20	64	5	3.60084
76	48	5	8.7785
31	7	5	5.19149
70	79	5	5.06023
57	15	5	7.93577
