cx	cy	r0	initAmp
97	87	5	9.02075
22	67	5	9.02894
63	6	5	1.30865
13	5	5	6.19054
7	18	5	9.12471
18	73	5	4.11377
77	96	5	9.36928
68	38	5	1.57865
73	5	5	1.96255
96	24	5	4.87844
44	80	5	5.18157
32	91	5	2.01054
27	52	5	4.20902
94	82	5	5.39358
65	70	5	5.40142
29	19	5	6.31546
47	16	5	1.59073
5	39	5	9.74672
62	92	5	8.19872
32	18	5	9.14506
