cx	cy	r0	initAmp
45	19	5	3.22244
74	19	5	6.82777
42	51	5	2.5938
64	69	5	5.66467
97	63	5	6.85804
15	41	5	8.15483
68	77	5	0.883762
37	22	5	2.18406
33	51	5	0.447474
94	24	5	4.97292
26	98	5	0.262152
40	18	5	4.80563
69	74	5	5.36306
52	100	5	8.61142
18	75	5	7.79547
79	46	5	5.18521
47	22	5	0.10579
63	46	5	2.03415
66	62	5	8.61795
81	25	5	2.75114
