cx	cy	r0	initAmp
85	87	5	2.9832
62	48	5	1.19116
8	98	5	5.16693
20	25	5	2.02579
72	73	5	7.21604
41	75	5	8.73342
67	69	5	1.34782
25	49	5	6.99666
55	35	5	6.42319
75	2	5	2.0485
7	62	5	2.31437
92	75	5	9.76409
10	54	5	2.90593
87	48	5	1.64353
94	82	5	0.636564
49	69	5	7.50691
11	24	5	8.68575
55	100	5	0.0612
54	94	5	4.92911
78	18	5	8.08836
