cx	cy	r0	initAmp
71	50	5	3.41232
93	37	5	5.85317
8	60	5	0.853734
96	48	5	6.98958
45	89	5	7.20443
59	98	5	8.84004
79	67	5	6.00952
91	63	5	2.5217
83	39	5	3.04736
98	67	5	6.44453
5	65	5	5.89998
80	14	5	0.896542
24	57	5	9.28218
32	88	5	4.24164
90	82	5	1.90938
54	46	5	9.00349
47	20	5	9.49199
58	23	5	5.284
1	62	5	0.403234
6	28	5	0.601976
