cx	cy	r0	initAmp
77	37	5	8.40186
58	60	5	1.64535
28	98	5	6.5907
55	100	5	4.11274
61	68	5	9.31434
28	4	5	1.4965
53	31	5	5.22038
98	53	5	5.33387
89	21	5	3.90231
15	10	5	8.6988
28	79	5	2.32095
7	86	5	1.53868
47	74	5	1.39973
46	83	5	7.79371
93	21	5	0.283996
82	70	5	0.999452
30	38	5	3.01595
55	82	5	2.34787
33	61	5	8.65187
16	66	5	7.7645
