cx	cy	r0	initAmp
73	92	5	4.4222
4	46	5	5.36712
6	81	5	3.55311
75	48	5	4.20513
12	88	5	6.39904
83	42	5	2.70969
77	3	5	9.23629
79	71	5	5.97512
82	80	5	6.4329
11	96	5	3.28374
33	92	5	5.81576
34	11	5	2.74234
13	52	5	3.46334
12	30	5	0.909497
72	73	5	7.21147
63	21	5	1.59115
8	67	5	2.47109
2	94	5	1.55924
90	28	5	6.50971
16	69	5	2.07555
