cx	cy	r0	initAmp
46	83	5	4.47078
60	57	5	1.50234
56	4	5	3.67426
23	30	5	0.154051
14	46	5	3.53295
40	78	5	2.11479
92	41	5	3.54504
68	94	5	1.52794
12	96	5	2.37324
21	56	5	4.51422
90	35	5	6.25901
77	8	5	8.49885
23	95	5	2.71437
4	21	5	6.4262
52	38	5	5.66283
97	98	5	7.67386
21	68	5	9.29982
26	85	5	7.42345
49	6	5	5.36653
19	5	5	6.4554
