cx	cy	r0	initAmp
44	32	5	2.51244
99	30	5	9.27399
72	97	5	1.65927
90	18	5	0.732107
34	75	5	4.74239
19	50	5	7.89808
95	22	5	1.00243
76	7	5	4.82212
43	74	5	8.28795
96	91	5	1.13462
96	24	5	5.87802
79	66	5	3.47446
31	37	5	8.18293
57	53	5	6.5982
12	96	5	4.00229
40	68	5	1.18147
44	17	5	4.92994
24	92	5	2.69085
21	6	5	9.81954
66	19	5	0.245128
