cx	cy	r0	initAmp
66	59	5	0.83766
99	54	5	7.85485
40	8	5	2.30359
85	36	5	1.07644
47	32	5	9.5903
55	86	5	3.33941
62	83	5	5.55542
34	50	5	7.30606
99	81	5	3.70542
27	49	5	8.75981
95	20	5	9.02026
5	85	5	5.53369
43	31	5	2.78502
83	27	5	8.45582
59	86	5	1.79069
12	47	5	0.0524816
11	59	5	9.14868
90	97	5	3.26784
45	29	5	5.21855
54	88	5	1.42725
