cx	cy	r0	initAmp
41	91	5	5.74616
2	56	5	8.55116
51	39	5	1.98894
25	22	5	3.55147
39	18	5	2.93378
30	49	5	7.4626
32	62	5	9.86723
41	77	5	8.09721
2	50	5	0.0808431
33	4	5	7.25121
81	56	5	1.26209
98	26	5	7.86589
89	43	5	2.28472
25	1	5	4.00285
10	93	5	9.67363
44	81	5	4.6462
87	96	5	4.46815
51	55	5	3.79727
51	11	5	7.56329
58	93	5	9.92344
