cx	cy	r0	initAmp
48	92	5	5.86153
92	48	5	0.336444
70	58	5	7.37824
59	65	5	6.87301
1	13	5	6.84531
42	46	5	4.29409
58	72	5	5.73551
47	94	5	8.26555
7	32	5	6.84814
32	93	5	9.77156
47	4	5	7.03822
97	16	5	6.42442
36	71	5	8.88272
76	28	5	6.30458
58	43	5	9.74542
56	75	5	2.33049
11	9	5	6.57782
88	20	5	3.58632
30	81	5	5.4893
100	12	5	4.22456
