cx	cy	r0	initAmp
69	10	5	1.39969
83	86	5	0.453112
49	39	5	1.89184
73	60	5	2.93984
87	58	5	4.05297
32	37	5	0.0633412
18	26	5	8.15136
51	88	5	6.60824
27	11	5	7.40535
70	59	5	1.48822
16	59	5	3.56003
82	63	5	6.93925
36	34	5	0.879599
40	18	5	8.96194
39	50	5	4.85833
54	73	5	9.31682
15	19	5	6.61555
85	81	5	2.19041
28	7	5	5.0982
94	19	5	2.1249
