cx	cy	r0	initAmp
56	86	5	6.64239
70	43	5	0.487627
75	24	5	4.04086
85	68	5	6.11458
67	85	5	4.60788
95	45	5	5.39781
76	2	5	4.7965
53	28	5	5.72838
25	85	5	9.17922
30	36	5	7.32285
15	36	5	8.3261
88	78	5	9.21681
33	65	5	0.666607
61	100	5	5.22882
67	94	5	7.33542
19	53	5	3.09845
73	13	5	0.553158
11	57	5	6.23818
38	93	5	2.69705
27	21	5	7.36628
