cx	cy	r0	initAmp
57	25	5	8.6546
53	52	5	3.17058
66	5	5	7.36508
54	48	5	7.87782
12	6	5	6.29985
24	84	5	1.78735
35	86	5	0.323039
84	19	5	8.47001
98	59	5	3.17947
27	94	5	5.09438
13	44	5	2.78154
77	74	5	2.07788
35	70	5	1.09454
45	84	5	3.78853
3	26	5	7.71117
40	69	5	4.62067
24	67	5	0.231181
1	30	5	4.15467
99	73	5	3.67476
15	29	5	1.60462
