cx	cy	r0	initAmp
19	49	5	0.938102
85	5	5	8.70388
92	63	5	7.03011
16	2	5	8.54603
76	94	5	0.926049
50	11	5	7.72881
88	35	5	3.78157
16	96	5	5.61315
27	23	5	1.01487
58	45	5	1.66753
35	8	5	1.61308
55	52	5	8.47277
13	43	5	6.44895
73	18	5	3.35683
62	77	5	0.0251099
91	56	5	2.07318
83	83	5	8.74453
5	15	5	1.01462
65	92	5	8.35396
84	65	5	4.95653
