cx	cy	r0	initAmp
51	100	5	7.98613
72	82	5	4.29094
29	38	5	0.320788
29	78	5	3.35552
40	70	5	1.30783
35	68	5	0.981093
63	58	5	7.43562
100	70	5	9.62062
6	58	5	8.36567
59	7	5	2.58227
14	4	5	2.37663
64	75	5	0.493622
66	57	5	6.57167
44	100	5	3.2423
25	10	5	1.854
92	74	5	7.79054
75	54	5	2.36817
29	23	5	0.649178
41	16	5	6.33826
54	70	5	2.43797
