cx	cy	r0	initAmp
17	54	5	0.188153
2	60	5	2.63228
88	93	5	8.09541
82	44	5	6.72559
97	91	5	3.64552
21	16	5	2.0546
33	67	5	9.65557
57	94	5	2.3247
33	38	5	6.24202
45	72	5	4.36451
25	59	5	2.23937
65	34	5	6.90627
40	44	5	8.08174
92	52	5	6.95991
31	56	5	4.54541
36	20	5	7.19226
93	50	5	6.21887
8	81	5	8.72081
95	30	5	5.08664
37	66	5	5.79812
