cx	cy	r0	initAmp
71	49	5	9.47528
88	53	5	8.2956
72	83	5	2.35831
23	35	5	8.31891
88	83	5	6.30528
20	17	5	0.313635
74	15	5	2.2892
43	72	5	0.810552
17	78	5	0.327744
72	57	5	8.32645
65	9	5	3.34815
55	34	5	7.29285
66	68	5	1.47477
14	14	5	0.553271
28	36	5	9.82032
96	37	5	6.3726
32	75	5	7.44828
45	65	5	0.479245
83	4	5	2.70084
21	24	5	6.7142
