cx	cy	r0	initAmp
88	21	5	8.39158
28	66	5	0.0107365
51	61	5	1.71214
30	51	5	4.83994
96	94	5	9.93522
54	24	5	9.93465
71	15	5	8.45258
33	2	5	7.83228
92	12	5	9.09363
32	47	5	1.43723
86	58	5	0.264264
65	100	5	6.28064
88	46	5	5.6694
47	81	5	4.82819
52	80	5	0.865596
29	14	5	6.79016
79	15	5	8.95718
43	57	5	4.11247
35	12	5	0.664374
81	2	5	7.44679
