cx	cy	r0	initAmp
3	76	5	0.747264
30	85	5	0.425481
93	31	5	2.09222
7	69	5	9.10313
40	74	5	3.14583
62	92	5	7.97079
86	83	5	6.3006
87	16	5	4.93296
82	4	5	4.18021
28	9	5	9.36102
92	50	5	3.59619
69	35	5	2.1856
73	65	5	4.95605
21	11	5	8.04939
59	92	5	2.84054
44	57	5	8.20304
57	67	5	2.7517
52	14	5	9.80305
4	58	5	4.91441
51	89	5	0.671902
