cx	cy	r0	initAmp
47	41	5	4.65186
81	9	5	9.73914
14	54	5	7.90656
23	71	5	9.47004
30	81	5	8.75354
100	68	5	2.58872
69	7	5	0.892315
91	15	5	0.939074
71	11	5	8.25987
72	91	5	3.99684
7	58	5	2.88322
17	42	5	0.0709636
60	94	5	2.22614
55	48	5	7.16098
19	70	5	0.891686
40	70	5	4.22693
45	5	5	4.89268
35	27	5	7.45139
62	19	5	1.64078
17	38	5	4.10545
