cx	cy	r0	initAmp
15	53	5	5.61087
13	92	5	9.65152
32	57	5	7.54227
68	51	5	0.599367
62	27	5	3.11068
88	90	5	5.6858
31	10	5	1.37549
33	48	5	4.2937
26	48	5	6.97914
46	71	5	7.16328
70	92	5	9.39234
73	40	5	9.64862
15	76	5	0.251058
68	37	5	0.872485
16	52	5	3.50314
78	71	5	3.44639
8	29	5	5.40193
10	79	5	1.33298
16	15	5	3.1332
7	68	5	5.60392
