cx	cy	r0	initAmp
81	13	5	1.92591
83	65	5	8.59173
29	53	5	7.4809
44	42	5	6.0921
77	76	5	2.90572
78	50	5	8.79521
30	22	5	6.32056
96	43	5	6.60195
34	18	5	2.09701
82	48	5	7.39243
33	89	5	6.59091
25	82	5	8.91888
1	38	5	7.15374
87	49	5	9.9758
5	61	5	9.14281
67	83	5	8.21502
89	93	5	6.34173
90	96	5	0.93913
44	37	5	4.07818
44	40	5	1.64044
