cx	cy	r0	initAmp
93	4	5	7.94013
8	29	5	7.32573
46	35	5	9.05247
25	92	5	2.16008
17	53	5	0.260524
3	15	5	3.57341
24	16	5	6.59671
96	32	5	3.87193
82	94	5	6.03187
10	32	5	3.37962
72	25	5	8.99554
77	51	5	3.57134
45	48	5	2.96562
6	72	5	7.79978
4	79	5	9.32926
64	64	5	0.506347
72	8	5	1.31465
9	96	5	0.899134
86	31	5	5.88888
45	43	5	8.38978
