cx	cy	r0	initAmp
40	58	5	7.13571
8	23	5	0.711782
80	44	5	4.51697
11	26	5	2.63962
89	89	5	4.41943
45	77	5	0.986638
71	60	5	1.84393
18	78	5	9.56996
85	57	5	1.18672
6	8	5	4.27792
68	1	5	2.44458
84	9	5	1.80081
53	86	5	8.06096
20	20	5	3.74762
90	32	5	8.43463
100	86	5	3.12525
75	20	5	5.122
36	36	5	2.74231
57	57	5	7.00308
14	50	5	0.48308
