cx	cy	r0	initAmp
95	20	5	4.03629
89	62	5	0.134964
29	64	5	8.49903
9	82	5	3.94757
55	4	5	4.34801
79	41	5	4.89143
14	16	5	2.48
80	46	5	0.895066
47	26	5	7.85414
13	38	5	0.457946
71	37	5	7.28847
61	55	5	4.96876
19	82	5	1.1018
27	32	5	7.14579
57	88	5	7.0323
32	77	5	0.00228819
79	73	5	7.67279
54	22	5	1.96751
26	9	5	7.88884
12	24	5	6.2944
