cx	cy	r0	initAmp
25	35	5	8.39428
98	48	5	9.4931
64	55	5	5.31255
27	28	5	1.07049
74	29	5	2.87255
73	98	5	9.47196
77	5	5	7.23937
30	91	5	6.08155
76	60	5	4.98766
79	86	5	2.36691
34	54	5	4.03256
19	66	5	1.54363
11	98	5	6.55673
67	13	5	4.71381
60	43	5	1.88334
39	5	5	6.07025
90	45	5	5.71584
25	26	5	2.30368
75	43	5	5.33694
72	39	5	5.77232
