cx	cy	r0	initAmp
81	8	5	0.571327
46	88	5	2.03002
71	28	5	0.723729
26	95	5	2.52885
19	34	5	3.58696
88	29	5	5.69741
82	84	5	1.98421
1	70	5	8.10119
25	47	5	0.997015
85	14	5	5.10905
5	20	5	2.24462
22	38	5	6.40048
54	50	5	1.38981
100	56	5	2.99248
69	2	5	7.22361
82	94	5	2.0072
70	88	5	5.20972
19	17	5	4.25765
86	14	5	7.22939
59	3	5	2.29874
