cx	cy	r0	initAmp
17	9	5	3.27326
76	55	5	6.8753
57	9	5	9.35771
23	47	5	0.470297
35	39	5	5.44933
16	49	5	6.98193
35	48	5	2.71919
5	26	5	9.00296
25	100	5	3.60371
60	39	5	9.40371
98	44	5	6.18486
71	92	5	6.74615
72	94	5	0.888473
20	97	5	7.18157
50	53	5	3.57236
21	90	5	1.11917
79	54	5	4.36063
82	61	5	7.95885
14	72	5	5.3598
93	99	5	2.46032
