cx	cy	r0	initAmp
43	89	5	6.4516
55	18	5	4.72329
8	47	5	2.80083
71	43	5	5.54208
71	68	5	0.859256
82	37	5	1.51079
43	75	5	8.42775
7	94	5	8.35695
47	79	5	7.53139
70	13	5	0.946643
68	26	5	3.57765
71	78	5	4.24269
6	6	5	2.49809
74	24	5	5.36057
59	24	5	5.57397
24	38	5	0.423905
4	98	5	2.42418
99	38	5	4.91193
40	15	5	9.3923
50	10	5	4.81682
