cx	cy	r0	initAmp
58	66	5	0.0442061
90	63	5	5.91562
15	99	5	1.62048
71	13	5	1.50735
28	3	5	1.25513
25	27	5	9.77928
30	28	5	5.07991
70	6	5	5.05635
27	2	5	3.34583
60	46	5	6.47547
54	14	5	4.55327
92	92	5	2.06562
32	69	5	8.5282
26	33	5	9.17936
77	71	5	7.60598
19	7	5	2.44702
14	2	5	2.03014
77	49	5	4.49313
52	69	5	9.41717
4	46	5	3.23997
