cx	cy	r0	initAmp
96	44	5	8.08956
94	65	5	9.08719
10	85	5	9.80472
34	55	5	1.35905
46	36	5	6.12597
6	62	5	7.66293
87	27	5	6.44768
69	88	5	2.80378
51	100	5	0.704454
46	33	5	5.71761
70	67	5	5.79996
79	62	5	6.39992
78	63	5	8.64724
98	37	5	5.62106
63	79	5	4.33869
90	39	5	5.28837
83	51	5	5.54376
38	17	5	3.82449
45	54	5	4.91508
81	97	5	0.147352
