cx	cy	r0	initAmp
64	62	5	2.87433
92	75	5	1.18345
92	81	5	2.68978
77	18	5	4.17699
19	31	5	3.64164
18	26	5	6.20407
17	56	5	0.317759
61	98	5	3.82411
36	77	5	2.20352
37	80	5	8.08462
57	11	5	8.88836
47	18	5	4.40063
1	63	5	0.71111
46	23	5	0.492134
56	61	5	8.32145
44	15	5	8.5073
61	84	5	4.69826
91	9	5	8.98994
96	54	5	3.2258
52	98	5	4.81615
