cx	cy	r0	initAmp
27	41	5	6.79289
8	94	5	4.36527
29	17	5	1.21434
18	65	5	4.08389
69	32	5	2.05261
29	23	5	8.25662
31	26	5	1.01685
2	40	5	3.91061
94	80	5	1.5691
29	51	5	3.12271
61	80	5	4.06388
9	67	5	7.16399
46	49	5	3.30816
27	50	5	1.37994
30	81	5	5.82967
18	61	5	7.2786
87	42	5	4.11062
81	16	5	5.86012
40	24	5	7.02351
10	25	5	5.7741
