cx	cy	r0	initAmp
16	52	5	3.79634
15	24	5	9.66626
22	1	5	3.08248
16	3	5	5.3046
25	19	5	7.65828
36	89	5	3.73395
37	4	5	3.87827
48	97	5	2.92176
74	16	5	1.49105
13	95	5	6.7704
11	36	5	3.62127
46	93	5	6.94512
28	67	5	5.04732
79	61	5	0.22054
54	85	5	5.00236
10	46	5	3.06593
66	67	5	4.94018
5	47	5	0.913025
68	64	5	9.64214
16	98	5	7.58419
