cx	cy	r0	initAmp
54	25	5	4.8358
80	6	5	4.1573
3	5	5	4.76011
71	100	5	8.21477
43	21	5	5.12528
32	67	5	3.78158
33	26	5	2.41998
76	25	5	3.66022
13	62	5	7.50729
20	26	5	2.52588
83	21	5	7.34764
41	51	5	3.37264
82	16	5	2.72335
67	18	5	0.988643
66	9	5	5.40401
85	47	5	5.64155
60	55	5	0.61437
13	55	5	7.74877
57	12	5	1.84522
50	48	5	2.09092
