cx	cy	r0	initAmp
91	55	5	8.39858
84	100	5	3.58563
9	86	5	7.78677
85	78	5	9.34286
33	76	5	0.407362
72	46	5	7.43617
85	25	5	8.63082
43	93	5	4.40225
16	50	5	4.55732
66	1	5	4.62761
8	76	5	9.18846
1	31	5	8.26963
29	64	5	3.78616
4	50	5	5.5526
27	14	5	4.48373
95	84	5	6.70059
58	10	5	8.53676
18	41	5	2.98576
72	35	5	8.60021
49	96	5	9.20376
