cx	cy	r0	initAmp
1	91	5	6.33834
26	45	5	6.30602
15	20	5	7.4745
18	35	5	7.94514
41	93	5	0.295476
48	79	5	4.77838
1	40	5	4.04276
34	43	5	5.41808
57	77	5	7.00237
46	30	5	1.93211
87	95	5	2.37565
78	20	5	5.58263
99	63	5	3.51836
36	86	5	8.89449
58	17	5	3.08931
75	56	5	6.75564
79	27	5	2.03492
79	45	5	9.0342
28	31	5	6.87859
14	25	5	4.80022
