cx	cy	r0	initAmp
74	19	5	3.37586
52	52	5	4.14336
89	93	5	7.61472
46	66	5	6.35245
95	22	5	2.9561
83	14	5	5.63424
7	43	5	2.82002
94	29	5	7.56215
34	69	5	4.24534
63	46	5	2.88378
1	67	5	1.08246
71	22	5	4.58595
8	92	5	8.22204
6	49	5	6.12559
29	99	5	9.68627
29	67	5	6.44961
27	97	5	0.494047
21	45	5	4.02634
26	53	5	8.08516
64	88	5	2.75971
