cx	cy	r0	initAmp
4	94	5	9.43098
50	52	5	2.75515
41	38	5	2.44138
46	55	5	0.404861
12	95	5	8.58537
2	20	5	9.76226
75	66	5	0.521478
70	41	5	0.488367
15	31	5	8.56696
41	22	5	3.44211
48	19	5	4.28554
28	32	5	2.55583
97	82	5	3.33879
31	56	5	8.98567
3	32	5	3.21836
91	68	5	1.53527
69	39	5	1.71556
61	52	5	1.73111
33	78	5	3.29345
74	34	5	2.53734
