cx	cy	r0	initAmp
3	23	5	6.73686
51	48	5	7.69904
76	48	5	8.41642
77	9	5	0.283867
20	13	5	0.985133
5	85	5	5.03898
3	34	5	5.98913
3	46	5	7.86474
16	76	5	7.44899
61	93	5	5.75011
29	30	5	7.52807
99	63	5	8.43583
4	51	5	9.27418
93	83	5	2.98038
42	82	5	0.356209
25	49	5	6.65004
29	84	5	1.92968
17	9	5	6.69256
33	32	5	7.79505
37	15	5	6.09121
