cx	cy	r0	initAmp
55	59	5	0.555401
97	31	5	3.08564
7	94	5	5.51371
39	17	5	2.74151
97	3	5	5.10411
13	63	5	9.69142
66	89	5	7.91987
74	94	5	2.18411
61	64	5	0.617252
9	88	5	6.91616
36	22	5	8.57965
41	61	5	5.25794
60	100	5	1.78949
17	76	5	4.58242
33	2	5	2.1371
11	40	5	8.88151
74	86	5	8.49512
73	71	5	1.41579
6	79	5	4.29824
3	19	5	3.10644
