cx	cy	r0	initAmp
20	91	5	4.61901
71	97	5	0.96856
42	78	5	6.55004
58	90	5	7.04485
73	32	5	8.06947
20	49	5	0.848518
58	71	5	3.5435
62	90	5	9.01777
55	78	5	0.00354319
80	26	5	2.73248
55	27	5	1.90259
41	7	5	3.64309
9	22	5	6.36945
72	48	5	8.60214
100	11	5	8.34129
15	98	5	2.14996
16	12	5	1.88116
21	39	5	8.61401
94	59	5	2.82196
81	39	5	1.70399
