cx	cy	r0	initAmp
62	82	5	5.47647
67	36	5	9.9222
15	70	5	5.77878
58	36	5	8.06252
97	81	5	8.76838
58	92	5	0.0586857
20	23	5	6.22915
26	24	5	4.91705
39	75	5	7.38417
100	13	5	4.7441
84	5	5	1.56143
91	29	5	6.05102
56	10	5	6.82721
91	71	5	4.73433
79	73	5	9.06422
58	42	5	0.680882
65	53	5	8.74066
47	92	5	0.523798
39	26	5	9.28724
53	31	5	3.19509
