cx	cy	r0	initAmp
91	48	5	7.38692
26	55	5	7.4289
88	44	5	8.80844
74	59	5	9.8252
70	11	5	2.19903
52	87	5	0.932911
96	31	5	1.45727
92	49	5	4.10857
8	22	5	3.58196
79	63	5	9.71771
12	35	5	6.5723
65	50	5	6.71717
8	31	5	7.40078
24	42	5	6.37061
39	77	5	8.97357
24	5	5	3.19161
100	50	5	1.18121
39	82	5	2.29895
73	53	5	1.02914
46	44	5	9.71523
