cx	cy	r0	initAmp
46	60	5	3.90997
8	95	5	4.62588
10	51	5	3.69061
85	14	5	6.81701
21	77	5	8.58473
25	9	5	5.84448
91	76	5	7.34426
37	8	5	3.05276
70	71	5	6.00387
63	74	5	3.14848
66	61	5	9.3348
22	21	5	3.68777
58	42	5	9.02363
40	89	5	6.69824
63	68	5	9.15638
51	57	5	4.52645
61	54	5	0.728194
90	3	5	3.80069
49	55	5	0.795801
46	95	5	8.42682
