cx	cy	r0	initAmp
90	28	5	6.85572
26	96	5	7.39909
84	72	5	6.5431
88	53	5	9.9665
70	19	5	1.78564
72	100	5	2.02396
10	66	5	9.31823
99	78	5	2.88831
70	35	5	5.65626
43	59	5	9.48385
17	28	5	0.97762
11	65	5	3.43358
33	15	5	4.91838
77	36	5	9.09103
85	26	5	2.41623
59	41	5	6.80064
30	93	5	1.32117
56	2	5	7.17734
46	79	5	7.38017
88	86	5	3.80495
