cx	cy	r0	initAmp
89	29	5	2.19824
10	75	5	6.18286
36	70	5	6.24781
58	45	5	9.35786
62	10	5	0.491363
24	64	5	9.86098
39	88	5	6.85522
98	66	5	9.79156
4	26	5	2.38477
17	60	5	0.399684
27	31	5	2.88396
66	42	5	0.468248
40	86	5	7.77732
74	39	5	3.20858
13	2	5	8.10208
36	78	5	6.48832
37	55	5	3.05152
23	99	5	9.73965
62	88	5	3.13693
56	23	5	7.33822
