cx	cy	r0	initAmp
77	84	5	8.40272
46	47	5	3.48557
10	5	5	5.96705
73	11	5	7.09481
54	16	5	4.91753
72	83	5	9.16562
55	72	5	3.25839
69	44	5	6.64676
45	79	5	8.33451
44	38	5	6.91109
51	79	5	6.06221
50	33	5	4.01895
59	88	5	3.59735
3	79	5	7.2224
13	31	5	7.88195
44	34	5	8.89313
84	81	5	8.03631
41	51	5	3.91121
74	90	5	4.06531
53	66	5	1.46612
