cx	cy	r0	initAmp
83	56	5	3.86334
90	43	5	9.63698
89	75	5	0.737753
46	29	5	3.17448
16	30	5	7.2016
60	31	5	9.88559
23	89	5	1.187
68	5	5	1.03401
24	24	5	4.65833
76	42	5	9.78443
8	7	5	5.85169
47	78	5	9.39766
35	52	5	3.90461
25	74	5	1.63084
97	57	5	6.79251
39	92	5	6.92161
34	90	5	6.69531
89	68	5	2.66682
88	70	5	9.71026
56	59	5	1.43522
