cx	cy	r0	initAmp
3	8	5	9.20209
77	31	5	9.13427
45	34	5	2.6964
13	31	5	3.05458
94	44	5	0.155031
65	77	5	5.37648
15	48	5	6.68155
24	1	5	4.56014
23	71	5	5.35996
27	63	5	9.08736
12	3	5	2.62496
64	9	5	9.50372
39	71	5	2.71928
32	46	5	1.87117
64	71	5	5.01474
30	94	5	3.51366
95	41	5	3.62223
16	4	5	3.08811
8	63	5	9.48894
71	37	5	6.49872
