cx	cy	r0	initAmp
30	56	5	0.486285
17	8	5	3.57204
64	72	5	3.00107
18	87	5	7.44463
11	62	5	6.70844
60	54	5	4.93843
80	100	5	3.71783
98	22	5	6.33601
32	16	5	8.53637
89	89	5	6.57841
32	96	5	6.32806
3	95	5	0.00835357
76	69	5	1.01963
68	44	5	9.17304
25	18	5	6.0406
17	81	5	4.97357
6	57	5	4.20779
3	84	5	5.15823
78	56	5	4.63354
42	100	5	0.450676
