cx	cy	r0	initAmp
12	44	5	0.127211
81	97	5	1.58664
7	25	5	2.65892
97	81	5	1.48835
98	25	5	9.01076
37	94	5	1.79487
20	14	5	5.39396
15	98	5	1.29003
23	34	5	1.02311
59	63	5	3.5624
80	59	5	9.39589
34	85	5	8.04453
56	68	5	5.60469
23	61	5	1.53351
17	64	5	3.6308
61	81	5	5.18252
95	81	5	0.599904
89	26	5	5.60327
37	91	5	9.69975
44	62	5	0.369898
