cx	cy	r0	initAmp
42	51	5	3.14598
57	18	5	2.24626
92	43	5	7.20684
94	70	5	6.71669
93	60	5	1.24445
89	71	5	3.25553
55	88	5	1.23937
51	77	5	7.0796
53	24	5	8.0674
5	63	5	6.33223
77	19	5	9.27358
83	94	5	8.84527
89	36	5	7.14038
84	76	5	4.31528
78	88	5	7.0126
17	28	5	9.74124
91	68	5	4.48882
76	57	5	5.54233
100	54	5	0.0984543
32	58	5	3.06366
