cx	cy	r0	initAmp
91	29	5	0.00312139
7	3	5	9.02478
93	74	5	9.5756
3	11	5	4.01896
64	20	5	5.90442
74	30	5	6.57563
15	19	5	7.98541
12	34	5	5.53041
59	45	5	2.69835
52	32	5	9.53504
30	77	5	4.14721
39	29	5	3.03552
100	73	5	3.21712
21	8	5	6.20629
63	20	5	1.5644
46	95	5	6.497
19	57	5	7.89126
100	5	5	9.29335
11	71	5	5.44245
97	19	5	4.03063
