cx	cy	r0	initAmp
92	81	5	3.00975
40	3	5	8.57782
53	6	5	8.5453
94	70	5	7.8411
72	95	5	2.21827
10	3	5	8.7129
26	54	5	7.80678
92	30	5	5.96787
42	34	5	8.00864
33	45	5	6.61223
88	44	5	2.19409
82	71	5	5.12257
15	27	5	8.25393
63	48	5	0.987508
73	55	5	2.02787
73	92	5	2.28885
47	100	5	0.149263
69	59	5	5.6972
69	47	5	2.46663
42	71	5	7.88509
