cx	cy	r0	initAmp
80	16	5	0.516414
46	93	5	8.86286
73	20	5	3.43742
95	43	5	3.12403
63	85	5	3.81845
46	62	5	3.90408
94	34	5	9.78901
52	21	5	7.90552
66	100	5	4.88824
21	24	5	0.49295
4	2	5	8.56145
23	61	5	4.30406
70	17	5	1.10229
96	30	5	8.86646
43	28	5	1.6085
67	87	5	2.82929
46	63	5	3.2003
24	6	5	5.90565
9	94	5	8.23176
7	41	5	8.33841
