cx	cy	r0	initAmp
85	87	5	9.4429
3	72	5	2.02267
9	80	5	0.902521
34	10	5	6.01308
49	69	5	6.85028
30	16	5	6.58051
97	62	5	0.110182
23	57	5	3.62431
11	21	5	1.34007
88	73	5	7.16982
2	14	5	2.32863
2	73	5	2.77484
11	9	5	0.179098
51	65	5	1.82574
15	19	5	6.9279
59	24	5	0.390718
81	85	5	8.7367
55	64	5	5.42499
47	16	5	8.02257
95	47	5	5.86901
