cx	cy	r0	initAmp
93	97	5	1.82628
23	61	5	8.49577
47	52	5	8.67974
71	96	5	0.413795
42	18	5	3.51819
33	67	5	3.85529
62	44	5	0.602007
46	16	5	0.886519
13	19	5	3.19761
44	94	5	5.69812
98	2	5	8.40184
14	38	5	8.94569
84	5	5	4.56177
38	89	5	4.52713
71	94	5	9.82656
28	48	5	4.77627
94	49	5	0.0603112
31	37	5	3.27066
98	59	5	9.31823
73	1	5	6.58123
