cx	cy	r0	initAmp
77	33	5	0.820131
28	2	5	7.52626
17	38	5	4.42645
74	82	5	0.387333
18	86	5	0.978713
30	38	5	2.71376
76	93	5	5.49483
3	2	5	4.10336
31	8	5	7.70967
69	6	5	0.0719931
25	91	5	4.42677
29	54	5	5.96909
69	91	5	6.55904
96	78	5	7.35467
15	44	5	5.29555
26	52	5	8.72676
96	93	5	2.05118
1	88	5	1.52052
49	69	5	3.75328
9	33	5	2.72205
