cx	cy	r0	initAmp
89	61	5	4.30359
94	4	5	3.51797
35	44	5	3.08307
95	73	5	0.957927
18	85	5	9.19932
31	57	5	6.37558
92	52	5	1.62682
30	61	5	3.89723
47	38	5	8.93886
29	45	5	7.2471
51	68	5	4.21129
88	52	5	8.93944
28	77	5	8.65159
30	74	5	2.88619
45	23	5	9.08997
27	74	5	9.49012
51	34	5	9.86341
5	38	5	8.57779
21	11	5	8.41098
22	65	5	4.77546
