cx	cy	r0	initAmp
41	74	5	1.54407
1	71	5	8.52543
35	93	5	4.20371
57	52	5	0.796582
78	53	5	2.1791
87	60	5	4.99119
97	6	5	3.74628
97	10	5	3.05623
42	50	5	4.80022
69	77	5	4.32932
14	57	5	8.04695
85	31	5	5.3484
93	79	5	9.36963
87	87	5	1.56521
67	79	5	9.63759
15	7	5	1.75823
17	92	5	3.68661
83	81	5	6.18226
45	93	5	5.79233
2	60	5	8.96045
