cx	cy	r0	initAmp
38	80	5	1.11601
68	59	5	0.0498526
21	79	5	2.49184
59	70	5	7.29867
77	83	5	2.78331
23	64	5	4.60971
84	7	5	2.67281
99	20	5	6.71318
46	26	5	5.76324
29	37	5	6.46291
69	9	5	3.95711
76	36	5	3.84025
14	80	5	6.14013
14	79	5	8.11848
82	28	5	1.44485
23	65	5	3.36064
4	99	5	1.83248
8	34	5	8.23269
95	14	5	4.44706
81	64	5	7.65147
