cx	cy	r0	initAmp
95	54	5	3.55253
75	43	5	3.56929
4	11	5	0.782755
33	39	5	1.22194
33	31	5	7.20357
41	100	5	0.511599
8	92	5	2.41353
33	31	5	1.54134
78	21	5	2.20876
18	28	5	7.74023
53	6	5	1.28365
25	68	5	6.59332
7	30	5	0.242057
20	82	5	1.59744
44	84	5	5.27319
66	35	5	3.2855
41	54	5	6.79536
92	47	5	9.9366
66	30	5	8.0017
71	58	5	0.244831
