cx	cy	r0	initAmp
23	56	5	4.96016
27	20	5	6.54971
98	44	5	3.59843
100	76	5	2.0391
100	47	5	7.92201
58	29	5	6.62789
60	89	5	8.85679
12	35	5	8.31749
82	92	5	9.05387
24	81	5	5.5097
100	39	5	2.31259
56	17	5	9.45808
44	18	5	2.756
9	3	5	3.41541
44	4	5	2.77864
88	33	5	8.74316
42	11	5	2.87413
75	53	5	0.577149
22	41	5	1.75136
88	8	5	3.05239
