cx	cy	r0	initAmp
38	93	5	5.83016
30	62	5	8.77627
69	2	5	2.11056
93	19	5	0.38258
44	86	5	2.49712
86	95	5	1.92411
25	10	5	2.31501
83	17	5	7.26565
78	3	5	7.44908
65	32	5	8.65795
59	53	5	8.80601
79	45	5	0.909694
11	42	5	6.9307
72	25	5	1.8992
79	90	5	6.75417
12	67	5	3.57096
33	70	5	7.03755
51	16	5	6.8135
53	9	5	6.60133
100	11	5	0.169949
