cx	cy	r0	initAmp
8	43	5	9.34768
38	9	5	9.87172
25	72	5	5.27169
44	93	5	6.30593
63	99	5	6.05964
97	38	5	5.96969
42	34	5	1.01913
57	76	5	5.2261
59	89	5	9.37752
5	72	5	1.01919
75	16	5	6.26936
25	16	5	1.49206
77	51	5	2.20979
75	84	5	6.82934
64	1	5	6.59063
25	21	5	2.93255
69	40	5	8.7472
16	95	5	8.5196
95	82	5	0.216322
100	64	5	7.98489
