cx	cy	r0	initAmp
15	92	5	0.720951
53	4	5	7.69502
50	59	5	8.70685
6	76	5	0.884526
50	55	5	0.703733
81	49	5	4.82399
23	8	5	8.68662
50	50	5	5.12623
53	23	5	6.83461
29	33	5	3.89901
77	74	5	5.14124
64	97	5	5.98338
78	22	5	9.17618
41	22	5	6.88437
68	93	5	8.85768
56	50	5	2.75157
19	65	5	8.78119
17	15	5	9.06778
58	10	5	9.65822
18	52	5	8.29809
