cx	cy	r0	initAmp
10	9	5	5.58815
96	47	5	9.16192
98	33	5	9.26329
43	91	5	8.2757
50	82	5	2.62605
88	94	5	5.35577
50	12	5	2.72025
59	49	5	8.51925
90	78	5	8.60789
49	68	5	1.97624
16	48	5	1.46846
46	67	5	7.86114
82	20	5	5.13223
90	16	5	7.06634
41	50	5	3.57015
6	95	5	8.11542
2	90	5	5.61247
33	44	5	9.68224
62	18	5	9.5446
56	6	5	7.61495
