cx	cy	r0	initAmp
8	53	5	0.582485
22	90	5	3.56852
36	40	5	3.23879
88	36	5	2.65389
33	75	5	0.714655
25	16	5	4.18654
14	81	5	8.11609
63	64	5	5.80466
98	31	5	6.43498
57	87	5	5.53507
4	5	5	3.01407
43	25	5	6.1985
80	95	5	0.850252
32	59	5	1.42348
64	35	5	6.92554
32	4	5	3.72786
35	96	5	5.88804
19	15	5	5.47675
65	83	5	9.63743
84	87	5	5.59222
