cx	cy	r0	initAmp
100	7	5	7.35395
59	5	5	3.57821
71	98	5	7.95736
39	73	5	6.71946
77	25	5	6.12232
39	92	5	8.00543
95	34	5	4.82429
99	63	5	2.85263
21	22	5	9.22993
5	72	5	8.35896
44	20	5	8.02741
37	55	5	9.14817
69	37	5	0.210624
27	1	5	5.37412
62	27	5	7.29125
61	90	5	6.38884
47	1	5	8.87488
60	22	5	7.09609
69	29	5	0.396709
53	67	5	8.2021
