cx	cy	r0	initAmp
94	26	5	8.15511
35	89	5	9.87266
83	1	5	0.334114
46	13	5	5.17362
13	22	5	5.81067
65	40	5	5.46213
54	26	5	5.51707
61	38	5	8.58046
95	29	5	8.69831
27	60	5	3.59549
77	68	5	6.73591
90	79	5	1.74416
84	82	5	7.34804
49	8	5	1.48126
60	47	5	8.53762
58	56	5	3.82226
5	20	5	3.96876
100	90	5	4.85227
3	5	5	6.79048
1	64	5	7.53323
