cx	cy	r0	initAmp
98	26	5	5.29486
73	78	5	1.2443
56	63	5	0.407213
18	75	5	3.2356
53	32	5	0.184683
2	24	5	4.48932
69	44	5	1.66726
8	49	5	3.63539
1	89	5	5.42025
1	19	5	7.31178
67	32	5	6.25046
71	8	5	8.52769
32	8	5	0.13307
81	33	5	2.13267
76	8	5	8.47633
20	28	5	5.12425
48	30	5	8.62382
43	38	5	5.69579
50	11	5	7.94392
16	58	5	9.513
