cx	cy	r0	initAmp
94	40	5	2.50338
53	21	5	9.22477
8	65	5	8.59165
93	33	5	1.43196
38	41	5	2.05565
63	43	5	7.01263
84	11	5	7.12767
9	50	5	6.49409
10	62	5	4.22747
96	44	5	9.97672
6	1	5	3.99909
33	26	5	0.23244
50	60	5	2.55428
31	55	5	5.56329
94	31	5	0.173519
71	98	5	9.70708
10	9	5	3.70659
65	80	5	0.408628
34	24	5	5.41571
40	8	5	8.24474
