cx	cy	r0	initAmp
41	65	5	6.73691
73	82	5	0.955428
68	55	5	0.869775
18	4	5	3.66935
38	67	5	4.0225
34	17	5	8.15489
30	39	5	9.07072
78	82	5	8.15613
25	39	5	5.15168
75	46	5	7.43169
75	52	5	9.30937
23	38	5	9.44589
68	16	5	6.4366
67	96	5	6.17504
14	78	5	5.80707
83	56	5	4.50167
24	57	5	6.61491
12	80	5	8.41222
33	93	5	8.72808
26	53	5	3.29051
