cx	cy	r0	initAmp
45	48	5	1.0323
38	71	5	0.929524
47	30	5	7.83758
53	44	5	7.4763
17	63	5	6.16589
37	2	5	5.28879
41	67	5	4.07748
15	83	5	5.07805
34	57	5	7.11692
43	11	5	1.3689
49	96	5	4.69603
53	68	5	1.51454
80	33	5	5.27421
11	47	5	1.21446
25	62	5	2.85703
50	51	5	5.55157
76	21	5	2.6239
12	17	5	5.13986
58	82	5	5.40834
5	16	5	0.104906
