cx	cy	r0	initAmp
30	84	5	8.99683
83	75	5	9.08358
77	44	5	1.48111
3	26	5	9.02382
79	47	5	7.13992
60	11	5	7.22601
60	32	5	5.87027
71	53	5	2.77686
100	38	5	1.23342
86	52	5	2.87648
49	14	5	7.17715
26	26	5	8.97523
11	46	5	2.69887
46	84	5	6.75742
20	66	5	3.43174
80	72	5	4.48021
35	55	5	9.04028
82	22	5	3.7701
23	36	5	9.10373
27	26	5	5.82697
