cx	cy	r0	initAmp
2	5	5	1.07948
75	90	5	8.73657
51	32	5	7.83522
47	32	5	2.82487
5	63	5	3.74818
55	87	5	3.58973
83	85	5	7.70984
4	10	5	9.07832
12	65	5	4.15428
58	48	5	9.20875
23	65	5	6.71052
84	26	5	1.01609
50	52	5	1.80999
97	2	5	6.79909
32	67	5	7.59763
24	45	5	5.50139
24	49	5	6.1631
22	46	5	0.202852
58	1	5	4.23407
15	69	5	5.47988
