cx	cy	r0	initAmp
33	65	5	6.26602
89	91	5	8.38907
42	34	5	6.22266
18	84	5	9.99021
25	80	5	1.00217
90	87	5	7.20113
56	12	5	3.98668
43	2	5	8.13964
2	37	5	0.469803
97	88	5	9.30591
78	34	5	2.66147
76	8	5	2.05281
92	23	5	4.30129
80	66	5	1.54119
37	70	5	0.488866
43	73	5	2.54245
82	27	5	4.90065
64	22	5	5.57695
32	61	5	9.76111
95	64	5	1.57388
