cx	cy	r0	initAmp
50	98	5	4.12371
76	34	5	7.00957
94	52	5	7.41996
96	44	5	1.75499
16	53	5	4.63372
17	84	5	8.52045
30	43	5	0.645146
26	9	5	3.43283
21	59	5	9.91755
12	16	5	8.92888
8	31	5	5.64761
42	57	5	4.64772
56	71	5	4.19918
19	88	5	8.57107
1	94	5	9.72291
17	20	5	4.06541
15	94	5	1.03156
95	58	5	7.32579
59	99	5	1.82197
42	26	5	0.829176
