cx	cy	r0	initAmp
37	16	5	1.92707
91	67	5	2.83931
84	14	5	7.14932
9	50	5	1.12939
63	60	5	3.10701
39	70	5	7.75563
86	73	5	4.66295
56	37	5	0.30007
78	64	5	9.21388
36	44	5	7.0017
32	47	5	1.85565
21	82	5	9.22496
35	41	5	7.47624
47	74	5	2.89411
89	66	5	7.77258
37	54	5	0.410004
53	66	5	2.3216
100	33	5	2.62838
8	78	5	7.49683
46	66	5	1.11656
