cx	cy	r0	initAmp
36	30	5	2.97181
22	40	5	6.81954
34	16	5	1.14018
79	55	5	4.83881
89	34	5	5.36808
87	83	5	5.37606
41	5	5	4.63017
62	70	5	6.23895
37	11	5	7.1425
20	87	5	4.67328
23	98	5	3.91988
99	63	5	1.17116
35	59	5	3.38035
30	68	5	6.36279
34	38	5	8.38539
17	37	5	7.64276
96	45	5	0.8387
28	87	5	3.7167
93	63	5	0.0395525
94	69	5	8.24575
