cx	cy	r0	initAmp
98	78	5	5.97994
78	73	5	8.78979
97	99	5	9.06324
4	96	5	6.53482
38	36	5	9.71434
55	97	5	5.36184
50	23	5	0.198043
100	41	5	9.82454
56	78	5	3.86572
63	20	5	7.5236
19	64	5	2.89564
55	61	5	4.50396
55	7	5	0.929561
63	73	5	5.05862
92	26	5	6.71921
72	71	5	8.63791
42	76	5	7.72591
84	16	5	4.63927
24	90	5	8.1424
95	99	5	9.8606
