cx	cy	r0	initAmp
46	94	5	2.87004
79	9	5	8.87317
81	15	5	3.08234
92	1	5	0.949217
15	36	5	4.6341
82	85	5	4.73576
82	74	5	3.59743
82	57	5	2.77041
12	2	5	8.3076
86	91	5	1.50737
95	41	5	5.90155
46	22	5	6.97663
43	31	5	9.91407
63	77	5	0.96455
1	8	5	0.861519
2	38	5	1.07651
47	62	5	1.06059
68	4	5	5.44522
60	17	5	4.88044
55	28	5	1.2548
