cx	cy	r0	initAmp
95	89	5	3.49819
9	84	5	1.91473
70	89	5	9.2592
70	55	5	0.957666
50	48	5	3.94048
51	84	5	0.700412
90	54	5	2.44301
9	25	5	1.10012
85	67	5	0.27368
36	55	5	1.00068
100	37	5	9.95497
77	66	5	6.59019
76	86	5	6.84737
71	84	5	7.07927
77	58	5	6.36582
1	78	5	1.39231
87	13	5	4.25088
52	5	5	8.27905
11	57	5	5.44791
65	31	5	2.94866
