cx	cy	r0	initAmp
24	2	5	4.09688
1	73	5	7.81149
61	74	5	9.78902
9	9	5	6.69745
48	9	5	4.43696
98	73	5	9.48285
61	88	5	6.56007
73	41	5	0.963421
3	92	5	4.38574
72	3	5	1.51864
51	92	5	3.77547
17	24	5	1.23828
36	80	5	5.75001
82	7	5	7.6223
33	99	5	7.66363
28	1	5	3.79483
69	64	5	2.7815
74	43	5	5.79235
48	37	5	0.778804
66	48	5	2.77136
