cx	cy	r0	initAmp
49	19	5	4.34435
44	81	5	2.12085
3	94	5	4.30035
36	30	5	8.22519
70	28	5	7.18217
29	71	5	2.71084
72	41	5	5.8292
31	14	5	8.93679
53	21	5	1.8141
34	77	5	9.96742
11	57	5	0.681663
19	35	5	8.41319
29	66	5	8.50933
22	72	5	2.85174
87	32	5	6.22211
21	99	5	9.1051
97	50	5	4.07559
50	3	5	5.12802
82	15	5	7.59233
36	82	5	2.90123
