cx	cy	r0	initAmp
33	97	5	8.89464
50	72	5	1.67195
9	51	5	8.75589
6	75	5	5.71288
21	68	5	2.48588
63	84	5	6.96095
47	85	5	5.78819
1	53	5	6.72924
96	86	5	2.14003
52	4	5	8.82014
62	96	5	6.63431
80	48	5	3.08095
72	10	5	8.85685
47	13	5	5.75028
5	76	5	9.71637
12	42	5	6.88344
47	29	5	8.25575
79	87	5	4.74241
66	83	5	8.46956
30	27	5	7.34272
