cx	cy	r0	initAmp
48	40	5	8.61882
55	42	5	8.5372
53	34	5	9.24461
8	55	5	9.31974
2	75	5	1.68613
28	84	5	2.9712
41	88	5	5.81589
75	11	5	8.70083
97	71	5	1.70764
81	58	5	8.08485
56	23	5	5.93296
8	16	5	9.52819
47	24	5	3.53298
89	100	5	3.75999
78	83	5	6.92578
30	11	5	9.70732
26	82	5	9.02392
90	84	5	4.96711
26	52	5	6.02574
42	12	5	3.1729
