cx	cy	r0	initAmp
70	64	5	6.23953
29	85	5	1.15618
23	73	5	3.17285
56	62	5	4.14826
72	73	5	8.66309
43	33	5	2.50455
99	37	5	4.83034
69	23	5	9.8556
49	30	5	5.19485
40	64	5	6.12895
35	10	5	1.20629
73	44	5	8.26341
44	44	5	6.0306
6	50	5	5.45068
40	43	5	3.42764
74	32	5	3.04121
19	43	5	4.17022
18	90	5	6.81301
54	95	5	8.75457
54	51	5	5.10422
