cx	cy	r0	initAmp
10	80	5	0.567906
31	5	5	8.2165
79	80	5	2.87993
51	86	5	7.126
12	28	5	4.87331
11	13	5	3.59294
87	64	5	2.4059
87	88	5	0.0227433
40	36	5	1.40243
75	75	5	7.08327
18	40	5	1.64677
95	53	5	4.5023
6	90	5	3.59724
87	20	5	4.58607
57	75	5	4.11458
88	10	5	8.61437
90	60	5	0.371854
14	100	5	5.29947
26	55	5	0.305495
21	44	5	7.38919
