cx	cy	r0	initAmp
89	42	5	5.25823
11	18	5	3.52968
91	98	5	0.92983
31	34	5	3.04509
45	63	5	8.6243
59	17	5	7.16937
84	9	5	9.64071
70	98	5	5.39702
81	82	5	9.5054
11	58	5	6.67982
76	35	5	8.74241
100	41	5	4.81205
73	14	5	1.37399
15	91	5	6.90222
36	94	5	5.02119
95	5	5	0.745111
62	68	5	5.23512
23	4	5	9.18568
67	26	5	5.27429
70	56	5	3.64248
