cx	cy	r0	initAmp
65	22	5	5.36237
5	16	5	5.58898
55	51	5	3.29654
78	89	5	2.77147
81	74	5	7.77666
63	75	5	8.15822
23	6	5	4.17969
76	12	5	2.90911
85	1	5	0.926705
62	78	5	2.43705
59	15	5	5.409
90	9	5	5.08549
38	68	5	7.01309
76	30	5	1.47898
44	35	5	7.60959
92	51	5	7.88299
97	59	5	5.02847
60	29	5	7.30375
90	79	5	4.86246
28	89	5	3.70965
