cx	cy	r0	initAmp
42	82	5	5.8881
16	45	5	6.47376
42	13	5	6.73227
17	50	5	1.69727
40	35	5	8.2296
26	38	5	9.88978
27	3	5	3.33301
65	48	5	9.87275
55	63	5	2.6561
29	96	5	8.30231
83	8	5	2.89887
91	22	5	1.83651
95	98	5	2.91215
56	33	5	9.71119
44	47	5	8.79183
72	90	5	5.57224
47	41	5	2.16599
84	12	5	0.382625
39	56	5	1.63026
42	8	5	0.269001
