cx	cy	r0	initAmp
21	87	5	8.03532
64	8	5	3.35951
23	44	5	7.66479
26	25	5	9.9586
70	41	5	9.94696
70	25	5	7.1607
86	52	5	9.89147
7	68	5	2.81789
58	12	5	7.62093
97	5	5	9.39941
97	11	5	9.03162
68	6	5	4.91031
92	60	5	0.452211
66	39	5	2.28358
69	51	5	6.38157
27	76	5	5.95872
37	87	5	0.556262
78	58	5	8.37347
77	22	5	3.43216
26	89	5	5.79809
