cx	cy	r0	initAmp
73	38	5	0.555513
12	83	5	9.32476
39	31	5	1.08689
61	43	5	8.05783
1	57	5	7.2061
43	88	5	2.73222
36	56	5	4.75953
24	84	5	3.93279
45	66	5	4.02342
76	7	5	8.03011
98	43	5	0.677031
23	23	5	4.52199
47	53	5	0.262621
26	82	5	6.70267
82	95	5	4.55891
42	3	5	3.89079
17	75	5	5.06417
29	9	5	3.7179
94	99	5	0.493422
98	57	5	1.43521
