cx	cy	r0	initAmp
72	77	5	5.23687
27	3	5	7.91007
93	51	5	3.15494
70	66	5	0.00373253
56	90	5	9.17199
63	56	5	2.91264
2	31	5	7.35664
70	88	5	5.03634
60	10	5	9.2914
35	80	5	7.03517
27	92	5	2.72951
74	66	5	7.66557
14	49	5	0.989201
82	71	5	4.25322
94	56	5	7.73507
12	3	5	3.34353
55	29	5	3.8451
75	67	5	5.63234
91	31	5	4.68309
36	89	5	7.43044
