cx	cy	r0	initAmp
26	1	5	8.27963
3	41	5	3.38537
60	82	5	4.98202
45	59	5	8.93816
81	74	5	9.49512
63	74	5	2.75504
1	40	5	7.12309
44	32	5	6.44984
42	96	5	3.02749
29	83	5	1.08534
98	69	5	9.28841
48	2	5	2.14129
30	50	5	9.77348
16	23	5	3.49948
17	78	5	5.97162
25	22	5	8.61731
80	3	5	0.38754
91	100	5	5.56853
81	53	5	7.91007
98	34	5	2.47239
