cx	cy	r0	initAmp
9	84	5	0.157537
100	66	5	9.44526
9	68	5	1.7717
80	87	5	3.53336
52	30	5	9.12199
62	34	5	7.97563
15	9	5	9.73599
22	5	5	8.16092
93	16	5	8.01913
10	64	5	8.44121
17	96	5	6.66957
87	1	5	6.63568
67	27	5	1.37378
68	31	5	2.17835
11	50	5	5.7075
79	49	5	5.69727
81	11	5	0.00224751
60	29	5	9.95217
67	98	5	0.530979
44	76	5	6.38776
