cx	cy	r0	initAmp
62	8	5	5.49008
28	51	5	6.95488
65	81	5	8.02758
77	15	5	0.508554
92	11	5	9.89785
18	71	5	6.07466
14	7	5	8.29736
15	33	5	3.75679
31	52	5	8.25352
3	81	5	6.5805
20	28	5	9.21424
28	26	5	8.96268
31	48	5	7.37205
52	9	5	8.82575
88	73	5	9.59582
20	25	5	3.25247
12	90	5	0.551986
22	64	5	7.02915
77	46	5	0.0118653
14	90	5	5.15341
