cx	cy	r0	initAmp
48	46	5	1.89628
36	59	5	2.06854
21	49	5	2.95735
52	26	5	9.38272
20	42	5	2.57988
93	26	5	7.38972
63	68	5	5.10936
56	46	5	3.7818
89	12	5	5.91772
25	44	5	1.40309
21	34	5	3.43484
48	78	5	2.70491
30	47	5	1.94214
1	96	5	9.18933
86	93	5	4.56417
43	86	5	9.05207
76	19	5	7.37921
35	92	5	7.83623
55	52	5	0.487521
27	13	5	8.68092
