cx	cy	r0	initAmp
98	89	5	9.05673
36	99	5	8.41809
35	13	5	7.7059
69	53	5	2.17092
16	79	5	5.50829
4	89	5	6.16492
36	30	5	3.05599
7	43	5	6.82106
20	14	5	6.60386
56	54	5	5.57065
5	17	5	7.02996
54	44	5	1.5907
66	23	5	0.424499
76	46	5	2.98527
14	46	5	0.814163
27	8	5	5.48576
1	83	5	5.22999
32	92	5	3.79951
51	90	5	7.37031
81	72	5	8.4178
