cx	cy	r0	initAmp
89	42	5	2.84657
82	79	5	0.830968
11	60	5	2.51479
33	80	5	8.91262
28	87	5	0.200397
56	11	5	1.8105
34	48	5	1.89395
33	54	5	5.14695
9	5	5	0.941653
21	2	5	1.25054
67	42	5	0.473352
24	9	5	3.5725
76	36	5	6.07044
36	21	5	7.25185
35	77	5	7.36272
51	53	5	2.41444
16	78	5	8.55823
47	82	5	1.63994
46	62	5	3.14596
96	18	5	4.17529
