cx	cy	r0	initAmp
35	39	5	4.2568
41	74	5	3.70929
62	2	5	6.25121
16	6	5	7.79559
73	4	5	5.03539
34	35	5	6.15963
44	60	5	7.94869
10	44	5	5.30287
70	28	5	5.15713
89	94	5	2.97508
16	69	5	5.45016
42	49	5	6.96255
32	56	5	2.05511
9	29	5	3.18966
90	11	5	1.06743
92	96	5	2.96587
68	32	5	2.33932
42	68	5	5.59901
37	13	5	8.5859
32	50	5	2.38399
