cx	cy	r0	initAmp
12	75	5	9.64458
65	49	5	2.42682
100	60	5	8.03797
77	25	5	2.37078
98	66	5	1.35133
6	4	5	6.10151
34	100	5	9.26217
26	33	5	3.53858
59	57	5	1.88795
39	31	5	3.46483
19	59	5	1.84598
26	11	5	4.13146
23	41	5	6.40676
10	66	5	2.7025
25	1	5	7.49177
58	14	5	5.99247
67	62	5	2.62004
73	87	5	9.19044
58	4	5	7.27934
6	91	5	0.61984
