cx	cy	r0	initAmp
62	19	5	3.17937
53	16	5	6.51278
41	54	5	7.20735
93	27	5	1.14595
43	37	5	2.09635
6	76	5	3.57054
12	95	5	3.19892
53	18	5	2.87974
38	77	5	8.04478
46	80	5	1.9705
95	3	5	8.74156
41	71	5	9.03089
51	19	5	1.46627
13	87	5	7.86782
83	4	5	1.32686
50	42	5	5.03694
54	65	5	2.06087
77	48	5	1.35495
58	4	5	0.894037
31	77	5	2.57481
