cx	cy	r0	initAmp
2	24	5	1.12075
91	25	5	4.01503
78	44	5	1.40576
47	12	5	2.17554
66	13	5	8.82877
49	58	5	0.127093
81	74	5	4.97452
28	72	5	6.96391
45	86	5	3.20406
86	42	5	6.37172
81	23	5	5.2787
63	40	5	6.08458
37	74	5	7.14946
88	73	5	8.79338
17	4	5	4.19502
18	54	5	7.84277
74	40	5	6.77216
22	8	5	6.48972
51	97	5	9.73381
95	41	5	5.66261
