cx	cy	r0	initAmp
87	59	5	4.96011
75	71	5	3.90419
93	2	5	1.26435
66	40	5	9.22269
47	78	5	7.6525
31	76	5	5.22763
50	72	5	8.84576
31	20	5	9.40113
14	17	5	2.85204
55	92	5	6.79935
44	25	5	5.99521
98	23	5	9.35765
30	93	5	0.368962
80	75	5	2.32104
24	50	5	1.46469
54	43	5	2.9118
85	81	5	7.41338
17	38	5	2.59087
41	93	5	4.36758
47	2	5	6.55051
