cx	cy	r0	initAmp
90	39	5	9.62194
50	40	5	1.57071
31	84	5	4.98
93	83	5	7.94737
86	17	5	9.49022
59	29	5	2.41767
67	26	5	4.72743
81	72	5	4.86108
35	5	5	4.30105
84	68	5	6.92278
95	11	5	5.40653
12	55	5	3.62919
48	10	5	7.89083
91	16	5	8.74946
31	34	5	4.09925
30	7	5	4.17646
44	5	5	9.36609
3	29	5	5.51968
61	73	5	7.14944
37	57	5	0.241463
