cx	cy	r0	initAmp
93	85	5	9.5034
32	82	5	1.35726
85	5	5	7.94501
4	16	5	2.38293
24	20	5	2.25042
65	32	5	0.215474
20	13	5	3.26982
98	23	5	1.56093
78	35	5	2.67871
98	6	5	5.24519
53	31	5	1.82235
33	93	5	0.0293906
74	72	5	6.70674
93	6	5	1.54933
53	74	5	3.02201
28	52	5	3.40509
63	99	5	9.51664
87	64	5	2.25226
52	21	5	6.67278
26	9	5	9.77098
