cx	cy	r0	initAmp
68	26	5	3.15888
56	63	5	9.89579
18	60	5	3.59307
24	66	5	6.28401
38	76	5	6.31091
21	94	5	6.69231
14	1	5	9.41024
3	13	5	5.25396
17	74	5	2.70818
54	80	5	1.87014
41	83	5	6.09064
48	39	5	1.64448
98	14	5	6.63397
25	39	5	8.98671
84	34	5	5.58698
46	15	5	0.388117
23	79	5	3.40329
73	30	5	4.36121
18	76	5	1.21444
57	42	5	1.36994
