cx	cy	r0	initAmp
57	74	5	7.26701
88	93	5	9.10797
86	3	5	0.5912
15	32	5	0.77655
45	30	5	5.20889
71	28	5	9.60714
96	68	5	2.63422
34	6	5	6.65083
75	63	5	4.3877
45	10	5	5.84584
44	27	5	0.381999
24	65	5	2.56691
60	50	5	2.03136
12	39	5	7.27883
27	67	5	9.83208
58	36	5	3.66129
70	59	5	3.61241
25	12	5	7.28769
22	14	5	4.1824
40	80	5	0.97029
