cx	cy	r0	initAmp
79	70	5	0.958214
61	45	5	0.274682
95	23	5	3.7812
87	79	5	5.10169
68	87	5	5.55374
63	43	5	9.01708
42	22	5	1.33459
39	15	5	5.84727
22	60	5	4.67106
22	65	5	1.39117
52	66	5	3.01711
84	74	5	8.24641
86	4	5	0.946414
27	29	5	9.75194
54	30	5	2.2876
9	14	5	8.44477
65	13	5	2.27835
54	41	5	6.54325
48	19	5	6.34663
96	52	5	3.85972
