cx	cy	r0	initAmp
90	37	5	0.275505
58	60	5	7.71646
47	76	5	6.72646
19	96	5	8.40043
47	11	5	5.76358
92	13	5	7.13023
14	39	5	9.23934
81	42	5	5.84506
4	32	5	0.208336
12	34	5	6.63606
82	34	5	5.37578
12	52	5	5.73307
19	72	5	4.29374
68	45	5	0.92032
55	55	5	3.08101
69	70	5	5.52754
45	21	5	4.76771
91	12	5	1.19132
86	35	5	4.00507
77	45	5	9.49893
