cx	cy	r0	initAmp
53	94	5	3.00057
31	59	5	6.32685
1	92	5	8.12979
11	99	5	7.57219
47	23	5	2.06026
42	60	5	1.30505
39	65	5	4.59453
91	41	5	7.54698
49	34	5	0.893863
37	53	5	0.511622
20	22	5	9.47152
68	92	5	0.019491
74	42	5	3.71097
1	95	5	0.22377
74	58	5	4.94828
86	92	5	1.82507
27	95	5	9.39501
19	13	5	7.76512
78	38	5	2.51487
63	15	5	8.67264
