cx	cy	r0	initAmp
44	80	5	9.29764
15	59	5	3.97376
41	34	5	3.56324
82	21	5	6.20417
25	36	5	6.35044
58	20	5	0.367009
69	6	5	8.1105
19	65	5	2.64329
15	73	5	9.02939
100	35	5	3.22896
64	31	5	5.97676
99	6	5	6.09963
98	27	5	9.32815
16	19	5	6.59845
21	18	5	0.0777226
100	39	5	6.74207
85	28	5	8.96114
50	86	5	0.759206
39	27	5	3.95474
58	96	5	4.95073
