cx	cy	r0	initAmp
12	48	5	0.592629
91	12	5	4.69349
88	3	5	7.61312
40	48	5	4.78468
72	74	5	2.3883
77	96	5	9.18908
56	55	5	2.92873
90	73	5	1.91502
78	96	5	3.35607
39	1	5	6.9163
78	45	5	6.38198
100	65	5	3.10865
47	26	5	9.33171
100	98	5	0.32401
9	76	5	0.782973
14	95	5	4.56643
83	1	5	0.976293
15	24	5	8.44106
99	83	5	9.62103
44	52	5	9.33246
