cx	cy	r0	initAmp
40	27	5	0.475835
20	81	5	7.75443
50	93	5	5.7246
25	44	5	2.57775
20	15	5	9.69638
42	13	5	1.17774
34	72	5	5.26965
45	45	5	7.10936
31	13	5	2.64076
76	13	5	0.94792
42	63	5	4.55235
40	24	5	5.98515
18	17	5	3.25909
80	10	5	6.10147
45	14	5	0.0250824
22	41	5	4.087
6	17	5	6.46473
30	12	5	3.04501
73	37	5	1.68035
3	55	5	3.16374
