cx	cy	r0	initAmp
17	11	5	5.25287
87	30	5	1.7047
61	7	5	6.58903
39	75	5	0.38892
72	92	5	1.67857
94	92	5	4.70518
75	18	5	9.40398
29	49	5	9.78496
75	15	5	1.50374
30	79	5	3.40449
60	57	5	6.14699
31	91	5	4.20321
93	3	5	0.0580443
19	98	5	7.42048
52	52	5	1.83548
69	29	5	5.6562
76	58	5	1.4467
88	5	5	8.49324
56	75	5	6.9428
94	45	5	5.85069
