cx	cy	r0	initAmp
71	73	5	5.89303
2	92	5	4.61292
57	100	5	4.49789
89	23	5	7.30107
66	87	5	6.60247
8	63	5	2.02912
71	50	5	7.10622
18	3	5	7.60776
57	16	5	2.22198
58	76	5	2.9742
26	55	5	8.73969
61	47	5	3.04465
33	62	5	9.31472
85	26	5	9.91686
47	63	5	9.87091
11	98	5	9.50771
50	81	5	6.985
9	26	5	5.93918
89	18	5	0.226513
16	69	5	0.234107
