cx	cy	r0	initAmp
29	58	5	9.03185
73	81	5	6.80368
81	32	5	2.12886
77	55	5	1.81049
45	55	5	6.85146
35	17	5	5.43721
7	73	5	3.98467
64	97	5	2.32107
78	14	5	8.93078
23	65	5	1.00732
30	11	5	5.27482
67	55	5	0.19079
22	14	5	8.41593
54	71	5	2.14148
80	22	5	3.62528
83	37	5	8.51661
82	51	5	3.64403
55	19	5	4.06143
63	53	5	2.40182
40	98	5	3.6812
