cx	cy	r0	initAmp
32	30	5	2.0607
64	77	5	1.54163
70	72	5	3.49041
87	19	5	9.74199
24	2	5	1.56252
75	57	5	8.10222
28	18	5	5.31634
17	41	5	4.00497
34	87	5	8.05836
75	42	5	8.48248
71	32	5	9.82633
90	34	5	1.52008
87	76	5	5.74778
92	55	5	9.34627
96	46	5	6.67606
48	54	5	7.69452
39	8	5	1.57257
6	37	5	8.19429
71	73	5	0.409116
89	43	5	3.00056
