cx	cy	r0	initAmp
21	68	5	8.72856
23	69	5	3.56367
28	33	5	7.63447
9	36	5	5.79017
21	25	5	9.84464
78	88	5	9.89967
26	57	5	2.5921
94	68	5	9.85994
70	1	5	6.96673
94	67	5	6.86976
49	53	5	6.36393
31	88	5	5.13125
51	32	5	2.00963
27	16	5	6.86407
18	30	5	1.82015
86	55	5	9.98374
97	87	5	2.0502
35	75	5	1.83051
24	67	5	5.02054
69	37	5	5.46826
