cx	cy	r0	initAmp
89	4	5	7.21258
45	100	5	8.3997
50	82	5	4.06637
62	1	5	7.62699
11	6	5	1.93588
45	47	5	2.34789
83	81	5	7.34349
85	2	5	2.85957
88	3	5	0.244817
81	99	5	2.26396
3	14	5	9.78579
44	48	5	2.45539
59	10	5	8.60433
40	55	5	7.85718
17	16	5	5.6809
70	47	5	1.59046
78	57	5	9.27439
25	86	5	0.919557
51	65	5	0.988713
65	91	5	6.91013
