cx	cy	r0	initAmp
96	93	5	4.44917
19	39	5	4.60514
42	83	5	7.63411
8	70	5	4.62107
4	74	5	7.5936
21	61	5	7.96527
26	71	5	9.77626
73	62	5	0.413775
12	50	5	4.91323
12	33	5	7.20087
86	42	5	3.04516
26	48	5	0.274201
19	84	5	5.18428
98	82	5	7.52449
4	94	5	5.67534
26	62	5	6.48061
46	98	5	6.88898
30	25	5	8.82602
20	74	5	0.0431422
67	61	5	1.63412
