cx	cy	r0	initAmp
87	86	5	5.64506
24	14	5	0.606887
57	44	5	4.88106
90	72	5	0.989623
65	56	5	0.198424
51	23	5	9.4925
97	8	5	5.13166
70	88	5	6.15279
19	19	5	1.23502
10	4	5	5.75917
28	75	5	1.59707
53	70	5	0.713541
83	31	5	3.96892
65	29	5	9.63616
33	77	5	9.08768
81	51	5	4.07894
73	20	5	3.57897
95	28	5	9.69532
67	91	5	1.53862
53	2	5	2.03471
