cx	cy	r0	initAmp
78	11	5	2.2477
29	31	5	6.55285
48	99	5	6.59688
12	59	5	7.69791
51	8	5	9.36587
60	76	5	3.3223
35	50	5	1.89445
7	9	5	7.63682
11	16	5	4.97097
43	40	5	9.91249
28	17	5	1.96523
59	69	5	9.95139
4	35	5	6.49961
44	87	5	1.59633
18	67	5	2.17309
4	16	5	6.39469
26	32	5	2.84807
21	64	5	0.324746
71	22	5	5.30116
63	31	5	7.71481
