cx	cy	r0	initAmp
31	25	5	6.17613
96	86	5	3.78427
86	35	5	6.45353
18	15	5	7.79398
53	50	5	4.80931
3	2	5	2.43658
5	12	5	4.93392
81	41	5	7.37549
7	80	5	2.74166
72	61	5	6.92014
92	58	5	1.70059
39	21	5	1.70093
93	70	5	9.23589
26	4	5	7.0067
89	5	5	4.33973
8	79	5	1.21888
95	27	5	2.07514
81	92	5	9.49242
56	89	5	5.07798
65	62	5	3.90638
