cx	cy	r0	initAmp
59	99	5	0.162488
65	48	5	2.58638
24	91	5	3.54934
3	30	5	3.16667
88	18	5	7.23424
73	77	5	1.28316
38	27	5	1.16355
31	22	5	0.0863907
85	24	5	5.77844
14	1	5	8.76659
24	8	5	6.6938
67	40	5	6.47464
39	3	5	2.06038
12	96	5	1.46029
29	53	5	1.47698
50	27	5	5.16118
4	68	5	0.156214
56	28	5	1.68496
99	84	5	9.37872
2	44	5	3.91585
