cx	cy	r0	initAmp
15	73	5	2.66509
47	64	5	5.10255
27	37	5	6.38529
42	12	5	4.47994
60	35	5	2.40625
25	8	5	6.85822
22	21	5	4.66947
38	32	5	6.3156
23	50	5	7.86609
41	33	5	3.50431
77	59	5	6.2843
97	85	5	5.34271
92	94	5	8.87482
57	14	5	3.16306
9	6	5	7.3896
45	47	5	4.5533
71	8	5	9.2675
22	59	5	6.06546
14	13	5	0.875946
93	12	5	8.0503
