cx	cy	r0	initAmp
88	8	5	3.39564
88	35	5	7.74864
93	60	5	6.72926
98	90	5	7.44067
2	28	5	4.14217
95	89	5	3.3952
17	64	5	0.502977
67	87	5	8.64463
97	84	5	4.25905
16	11	5	9.18485
60	52	5	4.30427
6	32	5	6.78714
12	85	5	0.447967
78	70	5	3.92342
52	41	5	9.61034
28	61	5	0.0885943
30	24	5	1.7467
79	30	5	7.23886
65	25	5	7.65297
94	86	5	2.53169
