cx	cy	r0	initAmp
30	54	5	1.40829
90	1	5	7.93256
90	71	5	8.59005
60	23	5	8.63186
3	5	5	9.54017
35	46	5	5.15108
42	99	5	9.31737
45	46	5	3.16668
16	91	5	7.95113
32	8	5	6.47249
65	16	5	3.39842
12	7	5	5.87514
64	76	5	8.66212
99	22	5	4.69258
11	97	5	6.88944
5	15	5	0.477175
9	72	5	3.61829
88	100	5	2.67768
91	77	5	5.11786
36	9	5	5.08006
