cx	cy	r0	initAmp
52	41	5	1.26858
58	48	5	7.90295
40	16	5	9.30474
34	39	5	9.66511
79	36	5	7.81192
96	12	5	6.93957
35	12	5	6.82909
21	82	5	6.20326
67	43	5	2.34369
31	48	5	7.43505
34	64	5	7.61667
92	6	5	5.35336
91	35	5	5.35674
22	100	5	0.935945
89	76	5	5.55518
23	66	5	4.70135
20	81	5	6.97594
44	48	5	9.81406
8	99	5	2.02674
30	47	5	4.97706
