cx	cy	r0	initAmp
10	99	5	6.30029
7	92	5	3.19044
6	57	5	1.32878
87	73	5	3.10666
88	21	5	1.05415
87	36	5	6.46472
20	41	5	2.56471
29	30	5	0.874647
48	29	5	4.12737
70	55	5	6.09984
5	80	5	7.66676
100	32	5	6.19401
90	19	5	2.18566
64	62	5	3.37466
18	84	5	5.45682
73	78	5	4.46064
25	3	5	1.58266
24	2	5	7.53939
76	31	5	5.44288
53	51	5	3.41832
