cx	cy	r0	initAmp
43	27	5	9.09951
16	68	5	0.375233
94	91	5	2.81027
87	62	5	1.44145
20	9	5	4.77392
2	61	5	5.7067
74	56	5	3.09871
68	26	5	6.92723
60	50	5	1.21131
16	61	5	7.43728
44	57	5	8.77245
86	42	5	1.83873
28	72	5	4.80821
66	59	5	5.74654
32	20	5	9.33377
100	73	5	9.10275
6	75	5	7.63375
21	11	5	2.61159
24	70	5	5.40515
10	22	5	5.83274
