cx	cy	r0	initAmp
58	99	5	6.12569
6	58	5	1.72675
98	10	5	2.99637
92	45	5	8.22896
75	9	5	3.78561
92	36	5	2.338
38	74	5	7.01857
4	45	5	0.801866
89	38	5	1.06801
52	49	5	3.24392
2	16	5	3.55492
13	72	5	6.29624
3	67	5	1.87601
62	9	5	7.93179
36	89	5	3.79251
57	66	5	4.32569
7	12	5	8.73717
39	85	5	8.63566
51	56	5	1.0695
64	77	5	5.97362
