cx	cy	r0	initAmp
32	92	5	9.31879
43	1	5	4.76017
33	64	5	8.44141
84	94	5	0.485415
11	74	5	3.99262
18	31	5	8.89125
76	80	5	5.24097
19	89	5	3.60406
15	27	5	2.83525
71	12	5	3.60756
4	59	5	6.37209
34	30	5	2.3186
17	64	5	5.15861
8	8	5	5.6015
34	27	5	2.4769
29	23	5	5.6908
76	34	5	6.242
38	30	5	1.17037
35	73	5	9.68786
62	99	5	7.52663
