cx	cy	r0	initAmp
51	49	5	8.85865
99	86	5	0.1779
93	6	5	8.38229
70	22	5	7.78617
88	12	5	2.76204
54	46	5	6.13974
72	77	5	0.335291
15	99	5	8.48396
5	78	5	7.18197
18	1	5	6.39515
60	27	5	8.20689
23	79	5	8.09875
86	97	5	7.79548
16	69	5	9.5305
31	1	5	4.98371
99	84	5	8.94212
60	66	5	2.52663
57	44	5	7.89955
31	3	5	3.7034
46	72	5	7.80909
