cx	cy	r0	initAmp
4	90	5	9.26798
10	13	5	4.67545
34	81	5	2.0662
45	30	5	4.0889
26	70	5	0.830006
74	67	5	7.37933
1	87	5	4.38499
57	92	5	3.32351
41	50	5	3.14133
35	94	5	6.99088
84	80	5	2.49643
5	74	5	0.382975
99	68	5	6.00139
29	52	5	9.72163
6	6	5	4.4984
70	55	5	1.97295
71	3	5	9.53916
97	10	5	3.77917
45	75	5	4.60072
12	87	5	5.83553
