cx	cy	r0	initAmp
8	42	5	7.95035
57	45	5	5.68123
5	91	5	6.67037
53	20	5	3.30345
77	8	5	1.21718
48	66	5	6.625
81	51	5	3.06332
66	31	5	2.42278
79	15	5	8.18907
44	54	5	9.95716
45	69	5	0.714119
93	39	5	5.89552
18	26	5	9.08797
25	50	5	9.53639
40	98	5	4.42034
47	41	5	4.40601
25	93	5	3.0899
76	18	5	8.34867
78	9	5	7.88159
73	71	5	8.59684
