cx	cy	r0	initAmp
18	70	5	7.1858
57	41	5	6.82367
18	24	5	9.33593
73	35	5	6.26437
98	52	5	1.42829
71	77	5	8.24854
53	72	5	1.69585
52	94	5	9.53504
56	54	5	0.557587
40	98	5	6.06558
63	21	5	9.30578
17	76	5	9.43394
84	21	5	9.91213
29	14	5	4.11318
76	75	5	5.58773
76	3	5	9.26966
56	21	5	8.4992
48	66	5	0.986075
79	36	5	8.18128
81	80	5	7.50219
