cx	cy	r0	initAmp
58	34	5	6.04468
68	48	5	7.4265
39	46	5	3.20437
58	58	5	2.34289
65	4	5	3.35053
64	74	5	9.26352
99	92	5	9.92663
30	61	5	8.34175
36	9	5	3.29484
89	23	5	8.51127
94	5	5	0.286798
55	73	5	6.96296
99	66	5	6.01254
38	95	5	9.10189
67	63	5	7.15045
99	43	5	1.29359
41	34	5	0.184873
76	49	5	1.76076
68	74	5	4.28509
79	31	5	0.527513
