cx	cy	r0	initAmp
66	16	5	5.86184
63	23	5	8.90439
37	74	5	1.16191
47	31	5	5.01738
45	29	5	1.62155
78	56	5	1.76737
21	70	5	6.65582
56	15	5	1.17088
29	21	5	5.01724
15	5	5	1.56549
3	84	5	4.80449
74	99	5	9.33211
95	70	5	4.5591
49	26	5	5.32556
88	42	5	5.15666
40	33	5	9.98024
69	78	5	8.75063
36	83	5	2.21627
49	26	5	2.33804
78	27	5	2.35285
