cx	cy	r0	initAmp
67	23	5	5.68097
50	65	5	9.87615
94	14	5	1.00437
18	12	5	8.12485
64	83	5	2.32159
11	74	5	2.9636
98	66	5	7.5335
81	93	5	5.01759
93	69	5	1.34252
69	94	5	1.43431
95	69	5	1.50776
96	68	5	6.26688
4	24	5	3.34803
93	13	5	8.54331
39	34	5	5.18523
58	90	5	0.714291
87	13	5	5.2794
28	27	5	8.3796
68	69	5	3.76259
74	66	5	3.00133
