cx	cy	r0	initAmp
2	44	5	8.88977
17	39	5	3.01693
5	27	5	0.593263
80	1	5	4.86815
59	28	5	8.13666
9	83	5	3.39375
6	29	5	8.27226
79	43	5	1.24108
14	52	5	7.3662
52	86	5	9.4671
95	64	5	4.09397
8	31	5	7.47597
48	17	5	2.64314
80	73	5	4.46306
29	84	5	1.02733
15	50	5	0.391767
54	37	5	9.55376
53	30	5	9.24893
21	57	5	1.42076
40	67	5	5.21686
