cx	cy	r0	initAmp
57	89	5	4.77566
34	36	5	6.9871
38	88	5	5.52668
98	70	5	8.50592
5	82	5	0.550749
20	93	5	9.24748
75	73	5	9.90397
79	93	5	6.97327
72	100	5	2.0718
43	5	5	2.93668
26	23	5	3.73125
24	21	5	7.92072
67	29	5	6.09786
46	91	5	4.49728
72	67	5	6.10215
3	5	5	9.30707
93	96	5	1.64253
1	79	5	2.73366
3	94	5	6.0867
26	55	5	8.56225
