cx	cy	r0	initAmp
94	81	5	1.49717
81	60	5	1.48767
58	71	5	4.15328
53	49	5	4.1933
52	93	5	6.32307
31	63	5	6.56884
20	17	5	0.282328
57	25	5	6.97391
17	54	5	7.94031
1	13	5	0.911656
75	52	5	4.49249
31	59	5	3.59199
67	85	5	9.87274
4	9	5	3.87506
95	82	5	5.58888
1	20	5	3.48611
60	57	5	1.39556
23	28	5	9.4209
59	71	5	0.591822
91	16	5	5.45474
