cx	cy	r0	initAmp
11	38	5	4.50765
65	20	5	5.86673
79	95	5	1.81012
47	31	5	0.363568
55	14	5	7.90651
46	55	5	4.12616
32	60	5	3.05912
87	27	5	8.51638
36	77	5	5.23372
74	41	5	9.53384
83	2	5	6.17643
94	30	5	5.63387
3	88	5	5.42593
12	25	5	4.80593
8	11	5	3.42644
37	74	5	6.8355
86	31	5	4.993
10	91	5	3.52195
83	79	5	5.17808
7	75	5	4.89072
