cx	cy	r0	initAmp
14	10	5	0.68221
57	19	5	7.48722
51	28	5	2.10712
88	37	5	4.90083
17	80	5	8.96555
72	77	5	5.92392
26	24	5	1.76429
63	100	5	8.44707
84	88	5	7.27601
9	38	5	0.83239
30	87	5	3.67432
12	18	5	1.00072
56	30	5	0.0800475
89	69	5	4.77726
8	13	5	7.45633
33	28	5	1.60175
57	60	5	7.61207
50	11	5	8.23246
54	75	5	9.18881
14	7	5	0.189089
