cx	cy	r0	initAmp
27	46	5	1.29669
27	56	5	6.72515
45	37	5	4.54096
44	81	5	5.31253
59	49	5	4.77527
39	61	5	3.95147
4	52	5	8.04526
66	4	5	2.23438
21	70	5	8.27534
42	86	5	8.59072
73	35	5	8.58965
41	80	5	6.03344
45	94	5	1.13648
50	88	5	3.31229
35	92	5	1.6909
63	71	5	4.62111
12	7	5	0.250647
16	53	5	4.07434
56	39	5	2.03245
89	55	5	7.72247
