cx	cy	r0	initAmp
3	5	5	7.94392
43	57	5	5.53673
38	56	5	8.28219
3	50	5	7.03222
10	99	5	6.49889
6	100	5	9.14064
42	52	5	2.4376
62	9	5	1.99712
50	83	5	6.9688
98	79	5	2.92598
59	71	5	1.60808
12	68	5	7.15374
32	64	5	8.92173
19	49	5	1.09343
73	74	5	2.18974
25	7	5	7.38488
31	22	5	7.21757
71	2	5	5.96915
84	91	5	9.4855
85	35	5	5.17648
