cx	cy	r0	initAmp
64	25	5	7.62261
8	65	5	9.02453
76	4	5	3.6164
50	68	5	6.81848
46	95	5	6.37287
16	59	5	0.329809
31	18	5	0.907175
29	39	5	3.23371
85	42	5	3.01924
38	43	5	0.41573
72	80	5	9.53142
16	4	5	5.41296
100	23	5	9.59756
85	4	5	9.04165
43	21	5	3.39057
84	47	5	6.35425
66	59	5	7.67168
33	81	5	2.14466
1	82	5	0.547961
16	97	5	4.10084
