cx	cy	r0	initAmp
15	99	5	0.180354
20	84	5	4.53371
20	16	5	1.4244
73	68	5	9.35294
5	2	5	4.99631
72	61	5	9.19131
99	84	5	1.28169
96	17	5	3.76295
49	88	5	1.00222
29	14	5	5.33159
88	57	5	9.86653
27	79	5	7.70168
91	70	5	3.80696
45	92	5	0.999255
98	28	5	6.8551
44	72	5	5.25941
57	38	5	5.38085
57	10	5	1.30077
4	67	5	4.73167
54	84	5	3.87356
