cx	cy	r0	initAmp
31	86	5	6.61179
7	9	5	0.0329346
84	30	5	7.9645
30	49	5	8.71573
28	23	5	1.61622
33	78	5	5.43472
87	24	5	6.04798
24	88	5	5.80037
38	69	5	5.91078
22	50	5	0.559459
74	5	5	8.93147
34	99	5	3.50781
26	42	5	9.44597
33	95	5	3.81357
35	4	5	0.704925
5	35	5	6.52773
4	41	5	2.51219
30	37	5	8.76019
73	10	5	6.20879
60	91	5	0.54025
