cx	cy	r0	initAmp
76	73	5	1.7032
40	91	5	3.51046
46	67	5	7.67999
27	57	5	6.45642
38	4	5	6.50482
45	67	5	8.09272
19	74	5	3.7096
99	22	5	3.41734
59	9	5	5.69735
58	95	5	3.04752
97	21	5	1.04064
83	71	5	5.28378
8	8	5	4.07567
52	36	5	0.88467
78	55	5	4.33427
25	69	5	9.17417
37	92	5	7.84755
77	30	5	1.60425
87	57	5	4.20163
57	61	5	3.07595
