cx	cy	r0	initAmp
93	44	5	2.96859
11	63	5	5.11644
16	1	5	8.12654
71	62	5	0.285688
36	80	5	9.05606
32	97	5	9.19556
77	84	5	0.183708
69	58	5	7.62194
70	3	5	6.92066
8	45	5	7.08826
87	90	5	7.60162
9	81	5	0.106935
20	65	5	5.07985
17	17	5	4.88646
29	41	5	0.863855
14	30	5	1.94262
88	56	5	9.95536
86	73	5	3.70978
9	66	5	4.98535
88	85	5	3.31279
