cx	cy	r0	initAmp
100	32	5	6.1868
55	63	5	7.87138
39	49	5	5.03921
25	84	5	0.51293
93	67	5	2.95635
70	78	5	0.387662
21	87	5	5.26567
71	23	5	0.657491
75	42	5	7.30478
69	7	5	9.48677
99	13	5	8.45702
77	100	5	4.69478
17	69	5	1.15906
82	36	5	4.81767
56	39	5	3.20464
96	20	5	2.68587
95	69	5	0.403177
26	30	5	1.32025
91	1	5	2.67424
82	66	5	3.71688
