cx	cy	r0	initAmp
92	78	5	2.29633
81	67	5	7.10143
42	78	5	1.76339
39	97	5	3.22736
44	81	5	0.703712
67	72	5	3.36166
75	72	5	3.65084
14	49	5	3.22157
17	63	5	5.58803
28	28	5	8.9016
61	22	5	1.7004
41	37	5	4.60498
100	38	5	9.7392
24	22	5	0.744997
89	82	5	9.20236
75	76	5	7.35026
14	9	5	1.22776
12	65	5	4.14866
81	12	5	5.44618
78	32	5	5.55782
