cx	cy	r0	initAmp
80	31	5	6.46423
31	11	5	3.3852
30	5	5	2.07477
29	48	5	9.33982
98	14	5	7.57937
11	96	5	9.27063
69	68	5	4.38902
65	97	5	8.76439
5	23	5	6.41867
31	45	5	6.27283
85	31	5	5.27653
18	82	5	0.882468
29	46	5	6.23215
4	20	5	7.88693
58	89	5	2.54063
10	47	5	8.34359
76	21	5	7.50167
5	90	5	8.99844
33	45	5	5.23255
33	63	5	7.01986
