cx	cy	r0	initAmp
90	90	5	5.03352
92	39	5	3.38148
71	81	5	2.10737
73	50	5	7.70969
80	74	5	5.88764
34	84	5	4.11004
80	82	5	6.1001
14	90	5	5.25917
54	85	5	0.459153
64	33	5	1.15673
77	41	5	1.01185
93	28	5	9.98968
33	83	5	6.53615
5	84	5	1.45728
17	32	5	2.85723
45	99	5	3.20695
65	9	5	3.68752
48	53	5	6.27788
76	10	5	2.67178
18	73	5	4.15439
