cx	cy	r0	initAmp
59	64	5	7.45793
7	100	5	0.528217
29	67	5	2.84915
46	8	5	2.0987
85	19	5	3.11761
17	71	5	1.48086
79	18	5	9.26873
37	38	5	2.23006
3	21	5	9.27715
31	97	5	1.249
41	30	5	4.56239
62	23	5	4.52624
20	37	5	8.97495
24	32	5	2.86064
23	27	5	6.22918
100	60	5	1.22851
70	63	5	0.590098
77	99	5	4.23428
42	45	5	5.80225
57	17	5	8.67111
