cx	cy	r0	initAmp
19	79	5	4.40285
29	5	5	6.3497
39	93	5	1.36648
85	86	5	1.69512
19	49	5	0.269241
1	7	5	4.35592
27	69	5	9.74978
26	24	5	4.5887
86	53	5	3.7197
54	38	5	9.339
69	45	5	0.726921
36	74	5	5.1872
11	26	5	9.42457
72	42	5	1.92641
71	44	5	1.57607
65	27	5	1.23594
45	2	5	9.40584
45	91	5	9.75915
34	75	5	7.57653
57	24	5	6.32402
