cx	cy	r0	initAmp
28	23	5	0.893501
35	33	5	5.91945
4	81	5	8.4012
15	41	5	8.03587
29	67	5	3.81802
56	95	5	9.73621
52	48	5	3.18335
32	92	5	0.854958
92	16	5	8.36196
4	84	5	2.9205
34	4	5	3.04044
94	91	5	5.06157
21	80	5	4.59831
8	63	5	4.52435
89	48	5	7.21355
98	22	5	5.11214
88	4	5	0.324916
60	44	5	5.16234
29	41	5	0.288861
64	21	5	5.89785
