cx	cy	r0	initAmp
17	42	5	4.82402
24	21	5	9.25636
84	15	5	9.74751
12	90	5	1.70875
1	70	5	3.04487
37	24	5	1.2158
89	4	5	3.75068
21	37	5	4.46711
89	41	5	4.9991
66	49	5	4.06745
21	70	5	0.651763
10	11	5	4.20785
50	44	5	9.6262
63	33	5	3.78853
98	32	5	2.85788
46	4	5	2.59601
51	78	5	4.43493
26	77	5	3.39697
55	82	5	1.33492
98	46	5	7.7572
