cx	cy	r0	initAmp
24	46	5	7.141
17	91	5	7.94126
75	30	5	2.93149
46	42	5	2.44417
64	96	5	4.42892
81	56	5	6.07932
69	26	5	1.68545
52	9	5	0.195859
97	43	5	2.76004
75	42	5	2.7316
13	84	5	5.67348
58	66	5	3.44816
64	14	5	8.51727
59	66	5	7.31669
54	26	5	3.37778
91	16	5	7.83966
40	6	5	2.4322
19	96	5	9.96123
24	25	5	6.21381
79	20	5	2.64957
