cx	cy	r0	initAmp
75	12	5	8.8269
97	2	5	7.08444
44	73	5	9.58862
92	59	5	5.3153
11	45	5	9.73607
72	100	5	9.75948
69	75	5	3.91209
74	85	5	4.46863
44	67	5	2.81951
97	68	5	8.41156
46	80	5	6.36329
10	35	5	7.59682
13	5	5	6.06119
76	26	5	7.75728
34	68	5	6.34535
62	80	5	6.01448
72	26	5	9.70681
86	51	5	6.17466
2	29	5	0.0662284
99	47	5	5.08864
