cx	cy	r0	initAmp
61	85	5	1.22905
97	34	5	2.68137
73	4	5	6.15175
56	34	5	2.68765
21	2	5	7.98044
61	27	5	0.76592
97	11	5	7.98486
88	2	5	4.50268
14	92	5	3.17188
73	69	5	4.082
64	89	5	0.0315345
79	70	5	5.59419
39	24	5	2.38952
19	96	5	7.19671
91	97	5	2.39976
80	30	5	2.07353
89	82	5	5.8755
16	42	5	9.38598
44	43	5	2.16425
36	94	5	0.147275
