cx	cy	r0	initAmp
40	77	5	2.2331
93	96	5	5.06637
26	99	5	8.4332
67	77	5	6.61731
89	73	5	5.74229
58	2	5	8.19318
98	45	5	1.61963
97	55	5	1.73621
58	7	5	2.38902
78	78	5	4.01181
74	22	5	6.67278
61	99	5	5.99832
10	40	5	3.22677
72	22	5	5.74174
85	89	5	1.63443
69	58	5	1.27505
17	39	5	0.571475
18	10	5	3.96979
26	12	5	6.52889
20	76	5	5.9698
