cx	cy	r0	initAmp
44	91	5	3.10429
64	20	5	7.9737
56	29	5	5.1706
15	15	5	5.42375
36	30	5	2.54366
98	59	5	5.05799
56	53	5	5.73476
66	77	5	8.15883
9	59	5	2.59723
48	44	5	1.24618
68	64	5	2.59357
35	14	5	0.550089
77	64	5	9.66356
25	37	5	2.37203
91	16	5	8.22011
44	19	5	2.98029
50	18	5	5.48626
49	19	5	8.29729
30	42	5	5.6234
90	22	5	5.74197
