cx	cy	r0	initAmp
22	11	5	4.4829
82	63	5	0.112152
61	45	5	2.1144
81	17	5	3.83977
52	66	5	5.23252
55	67	5	4.11903
66	47	5	0.753916
70	73	5	0.154559
62	33	5	5.42512
1	43	5	1.43533
35	48	5	2.07129
84	14	5	0.0245796
47	98	5	8.94934
18	29	5	7.66036
45	15	5	4.60491
99	100	5	1.28448
41	28	5	1.43932
76	39	5	0.800286
30	19	5	5.38882
53	59	5	9.36626
