cx	cy	r0	initAmp
23	97	5	7.58335
69	5	5	7.71454
99	22	5	4.62655
85	65	5	5.64417
53	13	5	2.66618
21	61	5	2.5429
70	33	5	3.64991
69	59	5	8.05257
27	57	5	1.37193
53	96	5	4.53648
21	43	5	4.1192
56	90	5	3.67789
20	36	5	7.77155
36	94	5	5.48256
13	88	5	9.87966
2	61	5	8.62503
51	70	5	6.37761
30	44	5	0.740212
77	25	5	6.27173
55	62	5	9.23013
