cx	cy	r0	initAmp
78	92	5	8.59025
88	3	5	2.20131
75	22	5	2.76525
46	90	5	3.05347
31	18	5	0.638229
48	81	5	8.77986
11	32	5	7.9531
74	96	5	3.59814
80	50	5	6.50497
54	62	5	1.60196
3	48	5	8.5179
10	79	5	2.39272
32	59	5	8.87211
9	65	5	1.17987
10	96	5	6.79674
35	41	5	7.97387
72	27	5	4.74307
95	31	5	3.75489
23	50	5	2.99731
76	25	5	1.02374
