cx	cy	r0	initAmp
89	82	5	4.91515
49	67	5	0.64702
21	82	5	1.42755
53	11	5	8.46551
18	76	5	6.85415
90	37	5	5.17386
20	21	5	6.26063
95	83	5	2.47268
49	30	5	1.8629
78	11	5	7.26949
73	20	5	4.78377
49	37	5	8.64748
25	55	5	0.836627
5	58	5	2.21461
12	73	5	6.73619
89	24	5	5.48798
96	22	5	4.63799
34	59	5	1.57164
5	54	5	1.95747
52	32	5	4.88344
