cx	cy	r0	initAmp
83	44	5	2.59891
35	36	5	1.71902
61	70	5	0.706836
98	64	5	6.1578
43	38	5	2.47171
19	69	5	8.95587
10	100	5	0.339209
98	15	5	2.19087
100	83	5	6.59482
85	25	5	5.03036
17	11	5	7.18019
27	66	5	3.50052
99	90	5	4.94381
80	86	5	4.04305
23	99	5	2.43547
27	39	5	4.2309
69	65	5	0.057361
63	21	5	9.34837
46	28	5	5.13916
4	88	5	7.2668
