cx	cy	r0	initAmp
50	65	5	3.64106
57	98	5	2.3064
3	80	5	6.64372
2	5	5	9.60781
61	41	5	3.74082
92	14	5	0.498579
24	99	5	9.48764
3	16	5	6.92324
88	16	5	6.68048
4	70	5	0.922151
99	65	5	7.32487
85	36	5	8.11316
30	48	5	5.63853
64	44	5	6.40355
51	48	5	6.40789
97	32	5	4.02272
24	82	5	7.24065
96	81	5	9.65524
35	18	5	1.12821
51	19	5	5.55868
