cx	cy	r0	initAmp
46	39	5	5.24356
62	86	5	7.31934
95	31	5	0.13835
65	57	5	8.2139
85	73	5	7.84147
100	51	5	4.18017
14	100	5	0.11293
51	22	5	2.26745
30	7	5	3.84845
83	18	5	5.99017
58	57	5	1.69844
31	42	5	7.61232
54	4	5	1.82359
94	14	5	4.18113
99	5	5	3.59412
77	42	5	1.69037
44	16	5	4.58042
46	4	5	1.39519
87	13	5	8.86218
55	89	5	3.30695
