cx	cy	r0	initAmp
87	5	5	6.56421
43	4	5	3.16959
5	41	5	0.512344
45	83	5	0.828774
57	45	5	4.05868
25	33	5	9.41146
23	7	5	3.7248
19	12	5	2.5103
44	67	5	9.0404
70	88	5	8.45819
40	25	5	1.76779
32	6	5	2.9771
33	15	5	0.585023
24	29	5	4.63624
94	25	5	7.49371
95	91	5	9.64269
38	8	5	4.87582
61	30	5	2.07461
44	56	5	0.39165
67	97	5	2.08674
