cx	cy	r0	initAmp
52	90	5	6.60628
1	39	5	1.91032
88	76	5	9.80625
89	14	5	4.3136
68	85	5	2.24013
78	90	5	4.50337
47	87	5	6.52541
52	63	5	8.86034
50	65	5	7.06566
16	88	5	9.45292
70	43	5	3.26014
21	82	5	4.38767
27	15	5	6.51925
82	2	5	7.74959
44	19	5	3.54169
70	26	5	0.506694
6	3	5	9.9565
51	36	5	1.30848
98	47	5	7.53469
10	37	5	7.81387
