cx	cy	r0	initAmp
75	17	5	0.492329
3	45	5	0.103487
37	85	5	2.74144
91	37	5	1.72871
47	75	5	4.36913
10	19	5	9.82743
84	71	5	7.43894
12	73	5	0.893196
34	33	5	2.18262
33	4	5	0.540473
86	47	5	1.25866
80	35	5	0.637632
81	33	5	8.93981
91	100	5	7.31919
37	79	5	4.10033
59	47	5	1.41839
71	29	5	9.20722
32	88	5	8.90313
2	46	5	0.175714
31	66	5	3.24304
