cx	cy	r0	initAmp
61	22	5	6.93187
100	6	5	7.13838
45	61	5	3.97582
72	41	5	2.21492
18	97	5	0.19937
33	19	5	4.18236
87	56	5	2.21417
86	93	5	2.193
52	32	5	2.64635
63	61	5	3.72939
94	89	5	3.31523
34	40	5	3.72672
29	95	5	0.867467
92	35	5	7.11941
47	95	5	8.90064
31	26	5	3.36377
100	99	5	4.47465
81	51	5	0.76868
85	62	5	7.20588
81	39	5	8.97021
