cx	cy	r0	initAmp
29	96	5	8.26548
95	75	5	6.12791
59	84	5	8.62442
3	53	5	5.68196
93	70	5	9.88999
2	28	5	2.50995
96	82	5	1.41278
45	90	5	8.51813
78	58	5	6.56642
7	36	5	7.93837
79	93	5	9.02954
44	11	5	6.73194
64	4	5	4.1237
1	45	5	6.84876
76	75	5	8.76516
72	19	5	6.7849
78	80	5	5.95665
11	80	5	0.628469
83	86	5	3.65334
48	76	5	2.90514
