cx	cy	r0	initAmp
2	3	5	2.10284
65	35	5	6.01241
67	25	5	3.11636
98	36	5	9.10031
20	35	5	9.76513
19	65	5	9.49841
74	67	5	3.23922
69	32	5	8.43459
83	59	5	6.59216
53	32	5	3.6297
73	23	5	2.22822
79	13	5	8.98022
22	33	5	5.59757
83	22	5	2.65526
38	78	5	5.31904
55	60	5	6.9459
32	55	5	1.9253
46	21	5	1.0523
32	27	5	3.81957
21	16	5	2.44474
