cx	cy	r0	initAmp
88	84	5	5.53791
94	98	5	8.61616
83	83	5	3.34717
31	18	5	6.8033
83	45	5	5.50178
37	71	5	6.69224
54	67	5	8.79509
57	51	5	1.70061
85	8	5	3.27422
19	56	5	6.66428
78	21	5	6.00391
61	41	5	3.32126
48	77	5	9.27763
19	1	5	7.71378
85	84	5	9.4425
75	1	5	6.93054
17	29	5	5.82255
93	86	5	2.20222
52	92	5	2.20012
56	59	5	7.97505
