cx	cy	r0	initAmp
98	73	5	2.77776
83	21	5	6.36399
5	91	5	0.213201
72	34	5	1.09038
8	63	5	9.65517
34	74	5	8.63543
4	57	5	7.67649
12	72	5	6.68469
22	37	5	4.5714
32	2	5	1.97051
74	81	5	0.0763483
6	61	5	5.54439
61	17	5	1.43483
58	96	5	8.64468
20	5	5	7.81605
37	63	5	7.19565
7	82	5	2.40874
80	37	5	6.8803
1	53	5	2.43309
72	84	5	9.82991
