cx	cy	r0	initAmp
57	78	5	0.184993
23	10	5	7.52159
86	67	5	4.42038
50	26	5	7.00445
34	8	5	7.32871
84	22	5	6.46731
23	9	5	0.77236
15	44	5	7.67561
38	64	5	2.31427
16	40	5	4.63629
4	42	5	3.30699
59	50	5	6.24205
98	45	5	3.47496
12	18	5	8.48561
52	100	5	0.740822
29	79	5	9.52143
81	56	5	3.99884
64	41	5	0.848137
89	68	5	7.42774
19	72	5	0.590224
