cx	cy	r0	initAmp
5	11	5	1.67051
58	48	5	4.08687
14	40	5	0.818155
63	32	5	7.92315
76	82	5	8.67403
91	62	5	2.7482
84	20	5	4.52469
43	9	5	6.71723
74	75	5	5.06592
79	35	5	2.6196
11	51	5	4.08633
77	42	5	8.31854
12	48	5	8.44152
28	60	5	8.01711
95	37	5	0.428727
78	35	5	7.49447
51	42	5	3.54261
18	30	5	4.52767
32	14	5	6.27127
16	31	5	5.9218
