cx	cy	r0	initAmp
39	27	5	6.99693
90	20	5	3.91957
66	84	5	0.770744
38	12	5	4.45048
63	99	5	4.74658
39	52	5	4.72236
1	58	5	4.89094
87	76	5	8.76106
68	38	5	7.67104
58	60	5	6.93141
45	98	5	1.99385
69	14	5	2.06553
58	89	5	4.94577
30	54	5	0.439528
29	61	5	5.54338
11	76	5	7.52856
3	38	5	5.86104
98	15	5	7.82074
95	88	5	5.04937
82	98	5	7.46961
