cx	cy	r0	initAmp
16	62	5	8.62097
22	56	5	7.39019
43	22	5	4.32263
47	76	5	7.44009
77	57	5	0.575652
43	94	5	6.7359
61	99	5	4.34079
3	43	5	7.94769
94	46	5	5.45434
89	88	5	1.62405
25	34	5	1.78226
66	61	5	0.397308
44	21	5	8.97839
59	1	5	9.27443
100	35	5	9.41498
11	4	5	1.77952
16	2	5	4.55595
12	35	5	6.01508
94	58	5	9.21883
18	74	5	5.67454
