cx	cy	r0	initAmp
19	41	5	0.397747
81	48	5	8.73735
54	87	5	8.85034
89	36	5	1.09022
35	91	5	9.25207
43	92	5	6.08301
49	22	5	6.73267
59	30	5	0.78045
41	100	5	2.37249
87	21	5	3.82429
5	96	5	0.793837
11	91	5	1.412
39	42	5	3.16726
19	60	5	7.05016
34	40	5	6.4377
3	24	5	3.83434
31	43	5	6.03879
66	43	5	5.41211
2	64	5	8.34289
9	79	5	0.774446
