cx	cy	r0	initAmp
12	92	5	2.65495
54	72	5	6.33089
78	87	5	9.62261
50	97	5	4.96925
77	67	5	1.53549
52	69	5	9.36742
51	60	5	7.4719
88	75	5	2.8034
55	24	5	4.03045
61	15	5	9.79829
4	65	5	1.6195
58	44	5	2.02219
55	76	5	3.46294
26	90	5	4.55576
98	68	5	0.658258
84	100	5	3.02996
16	37	5	4.13299
49	79	5	4.2157
51	22	5	3.00474
29	25	5	0.947818
