cx	cy	r0	initAmp
81	60	5	0.74092
33	3	5	9.10778
32	13	5	2.97063
89	74	5	0.223868
48	62	5	1.14106
57	15	5	0.65297
89	84	5	8.40592
87	50	5	4.97667
70	56	5	5.69216
41	68	5	6.88437
93	54	5	9.92228
49	43	5	3.93653
28	19	5	4.01291
80	34	5	9.13868
6	26	5	2.85348
12	61	5	7.37483
12	93	5	4.46692
22	1	5	3.59669
51	86	5	2.37126
27	35	5	5.32751
