cx	cy	r0	initAmp
54	40	5	3.16003
50	19	5	2.32795
87	23	5	5.61866
52	47	5	7.1687
87	63	5	4.38144
56	42	5	3.98828
69	11	5	1.13468
61	88	5	4.99427
52	95	5	3.49845
67	96	5	9.82477
39	79	5	3.1134
1	28	5	5.22969
76	78	5	5.56847
73	20	5	6.28819
21	52	5	7.15845
22	5	5	5.33197
72	58	5	3.04648
40	6	5	6.33461
90	82	5	5.7023
81	27	5	5.60796
