cx	cy	r0	initAmp
50	70	5	3.12023
12	12	5	7.00515
69	75	5	1.19404
59	30	5	7.68827
6	37	5	2.38266
43	42	5	1.30286
65	12	5	9.76434
47	63	5	3.60714
31	29	5	3.60458
42	27	5	1.12978
81	24	5	0.388868
23	96	5	5.9846
60	95	5	5.24065
8	85	5	4.30088
40	85	5	8.96584
25	94	5	2.45643
36	91	5	0.567856
79	13	5	7.31028
7	38	5	8.63972
25	59	5	5.30121
