cx	cy	r0	initAmp
26	79	5	7.05387
1	14	5	9.15198
44	94	5	3.37764
41	9	5	3.06915
97	4	5	7.40284
92	25	5	4.99076
45	75	5	0.699197
45	78	5	5.64794
4	27	5	4.86435
37	92	5	3.50316
28	69	5	3.31436
15	30	5	0.224178
17	84	5	7.01829
81	83	5	2.4602
58	51	5	6.79557
42	51	5	8.89027
90	82	5	2.21217
53	99	5	0.272024
46	69	5	2.18368
76	90	5	1.97307
