cx	cy	r0	initAmp
8	40	5	0.00197518
26	19	5	7.32294
38	88	5	1.86815
3	62	5	3.94766
39	9	5	9.80466
51	57	5	0.107713
78	29	5	7.75511
68	78	5	4.14948
2	29	5	7.08242
82	37	5	8.97125
36	4	5	2.92673
46	49	5	7.70308
87	96	5	3.08606
86	3	5	3.75547
76	44	5	2.43088
16	44	5	5.96916
29	8	5	5.7403
42	96	5	8.13848
98	41	5	0.641215
1	73	5	8.15635
