cx	cy	r0	initAmp
35	8	5	5.0301
66	71	5	6.5707
23	49	5	7.88887
76	84	5	7.10412
11	26	5	9.50038
53	51	5	3.18171
24	22	5	0.622233
40	93	5	2.04678
56	16	5	7.24214
98	43	5	9.86425
28	4	5	3.71826
61	21	5	4.02846
70	24	5	8.77581
39	85	5	8.68747
2	59	5	6.57004
60	12	5	4.86025
84	91	5	4.09205
13	2	5	0.926697
39	87	5	7.71964
57	28	5	4.94691
