cx	cy	r0	initAmp
28	49	5	9.55127
57	57	5	7.98817
21	46	5	1.0195
96	80	5	3.91285
51	24	5	0.638886
6	97	5	2.78394
95	53	5	7.51053
21	15	5	7.97348
18	67	5	0.416881
61	65	5	4.29665
2	83	5	4.91719
44	47	5	6.53183
46	34	5	0.0279101
47	95	5	0.0304648
45	5	5	4.97209
98	39	5	2.72759
90	44	5	9.50233
34	35	5	0.306226
75	36	5	0.516161
16	56	5	7.37895
