cx	cy	r0	initAmp
82	21	5	9.97758
75	35	5	3.39628
58	39	5	3.15738
42	48	5	0.742748
36	35	5	0.905428
13	50	5	6.26668
8	62	5	4.35879
73	14	5	3.58502
65	53	5	9.17889
17	49	5	9.14431
60	4	5	6.83218
52	5	5	7.1738
14	57	5	5.96315
82	43	5	3.19685
42	2	5	8.92607
56	11	5	2.36171
41	55	5	6.99377
53	3	5	2.54147
31	76	5	7.3502
32	57	5	5.96346
