cx	cy	r0	initAmp
85	53	5	2.85855
72	80	5	6.94515
42	7	5	0.0713459
18	17	5	6.80643
30	83	5	5.44728
22	47	5	0.161588
70	97	5	2.23308
91	44	5	2.26286
58	94	5	2.78831
94	43	5	8.69821
70	59	5	4.79466
9	48	5	2.7138
36	79	5	3.74042
97	29	5	5.82883
97	77	5	6.26203
88	58	5	2.44489
31	96	5	5.85298
9	10	5	4.4604
34	73	5	6.86414
41	21	5	9.52387
