cx	cy	r0	initAmp
45	46	5	9.14294
81	88	5	9.19293
33	95	5	9.41459
23	76	5	6.83176
94	49	5	7.04184
18	71	5	2.46002
97	68	5	5.26964
11	66	5	8.81251
26	100	5	9.56809
45	2	5	8.35635
65	80	5	5.3511
82	46	5	2.20432
58	43	5	7.22836
13	99	5	3.87612
76	87	5	6.86112
39	83	5	4.89372
8	19	5	4.62673
31	15	5	1.57584
30	45	5	4.93143
28	53	5	3.56531
