cx	cy	r0	initAmp
36	25	5	9.3739
26	8	5	3.21207
70	100	5	7.6632
32	15	5	4.65256
69	25	5	0.935471
13	47	5	8.24723
12	24	5	0.0483989
34	54	5	4.09516
82	89	5	0.773651
62	63	5	6.57254
4	1	5	8.07593
39	40	5	5.04088
11	24	5	7.47104
31	38	5	1.63696
1	59	5	6.43762
69	54	5	0.469353
74	32	5	0.375392
3	86	5	3.96923
37	61	5	4.60397
21	44	5	7.04546
