cx	cy	r0	initAmp
61	16	5	6.43523
73	61	5	6.83429
17	4	5	9.84663
79	33	5	1.60802
77	94	5	9.37896
89	8	5	8.5407
64	40	5	8.22057
66	72	5	3.50031
42	50	5	9.25837
29	22	5	7.7323
81	29	5	6.86539
19	89	5	3.62062
47	95	5	7.37892
9	2	5	1.40072
28	41	5	4.36924
30	12	5	7.87258
29	59	5	9.96791
61	77	5	8.94436
98	36	5	7.81317
83	35	5	5.50176
