cx	cy	r0	initAmp
63	44	5	0.328002
81	21	5	3.48581
43	27	5	3.32885
2	64	5	2.67201
80	100	5	1.69483
77	83	5	9.45966
84	64	5	8.07209
50	64	5	2.69551
36	11	5	3.72922
99	1	5	3.54668
56	38	5	0.433007
13	59	5	5.61447
46	91	5	7.26673
68	37	5	8.02349
10	35	5	1.96075
84	7	5	1.6901
74	99	5	3.66243
87	17	5	1.96442
96	85	5	5.57701
100	12	5	5.90965
