cx	cy	r0	initAmp
70	72	5	1.85151
21	86	5	3.70165
60	98	5	8.37117
11	2	5	8.79598
13	2	5	9.84161
48	99	5	3.77674
57	17	5	4.90217
83	100	5	5.44407
49	8	5	7.39046
80	34	5	0.232263
18	52	5	9.73619
94	74	5	5.03699
79	97	5	4.10593
96	32	5	2.00008
22	10	5	0.949666
65	14	5	5.68745
14	80	5	2.60934
64	60	5	9.37708
95	83	5	5.17568
75	91	5	5.83123
