cx	cy	r0	initAmp
59	100	5	3.98353
55	60	5	8.19994
4	31	5	3.74221
57	88	5	7.84549
88	35	5	5.34353
66	69	5	9.55292
100	47	5	1.81013
34	9	5	6.8173
64	67	5	6.36564
5	33	5	7.27773
99	49	5	3.39461
32	12	5	7.41307
3	22	5	0.574709
49	75	5	6.97603
70	98	5	4.86019
24	83	5	0.152579
26	42	5	1.81965
48	69	5	3.53753
44	41	5	8.60821
73	70	5	7.20533
