cx	cy	r0	initAmp
86	53	5	5.0437
84	2	5	3.80228
76	42	5	6.91327
33	15	5	5.92801
14	72	5	5.0662
35	83	5	4.09828
87	45	5	2.33196
51	37	5	2.14069
98	66	5	3.35346
4	55	5	8.03996
74	51	5	5.62136
62	84	5	8.73023
4	20	5	2.63396
100	67	5	9.52086
14	91	5	6.10837
90	79	5	0.691726
100	39	5	9.71078
45	6	5	5.66371
9	18	5	9.36382
5	67	5	0.331939
