cx	cy	r0	initAmp
26	86	5	6.32321
53	42	5	0.814751
73	84	5	2.34116
52	85	5	4.1384
74	12	5	6.40438
29	50	5	1.12438
78	72	5	7.0046
9	79	5	4.33065
1	70	5	1.17117
32	57	5	8.69843
18	43	5	2.2672
77	88	5	1.12202
91	17	5	2.86313
58	89	5	3.53642
60	26	5	4.03169
68	71	5	3.6534
76	74	5	7.81169
60	68	5	7.9419
44	13	5	8.29925
85	22	5	2.06426
