cx	cy	r0	initAmp
91	20	5	2.43746
43	5	5	7.51654
28	56	5	7.59095
9	74	5	1.44716
18	79	5	9.23445
83	48	5	4.26252
68	65	5	6.01661
15	23	5	3.3883
96	17	5	5.01446
20	19	5	2.54366
79	65	5	0.354588
92	95	5	4.45476
92	95	5	3.86985
44	50	5	1.45916
28	24	5	9.63792
78	92	5	4.55578
65	41	5	2.65899
64	11	5	3.26223
13	41	5	4.50818
3	73	5	4.62131
