cx	cy	r0	initAmp
70	91	5	8.62021
75	99	5	6.30376
18	86	5	1.82724
41	60	5	1.28044
46	95	5	3.27342
79	93	5	6.83004
89	88	5	4.9461
5	13	5	5.4471
31	66	5	8.1959
30	1	5	3.78689
38	74	5	0.133557
86	96	5	6.4446
75	64	5	1.13398
61	83	5	6.51316
16	4	5	7.40112
79	24	5	3.35125
81	74	5	6.56022
46	26	5	0.0298039
17	89	5	0.533024
98	49	5	0.42202
