cx	cy	r0	initAmp
74	82	5	5.76676
69	15	5	7.38757
70	91	5	6.72091
92	17	5	0.0739726
72	76	5	9.75723
11	23	5	3.2735
52	57	5	0.213448
58	48	5	4.53984
63	84	5	6.74472
35	64	5	6.49384
18	27	5	7.42847
47	59	5	2.20453
40	49	5	6.21194
13	45	5	3.58536
14	91	5	3.52246
50	29	5	4.67484
61	80	5	1.09592
92	49	5	9.01548
87	93	5	0.904434
97	80	5	7.54758
