cx	cy	r0	initAmp
53	34	5	2.63134
52	31	5	0.722878
33	99	5	8.25073
68	29	5	7.16358
80	33	5	5.27743
10	50	5	2.80152
89	42	5	8.80961
28	64	5	2.98099
78	89	5	8.31704
8	1	5	6.9087
88	5	5	4.42867
55	59	5	6.99297
37	95	5	4.26366
31	35	5	9.30216
29	58	5	8.4523
73	15	5	7.99203
20	14	5	6.50211
84	84	5	9.3512
78	95	5	5.98003
75	5	5	9.82819
