cx	cy	r0	initAmp
76	16	5	9.09254
85	3	5	8.00606
77	60	5	7.71264
31	100	5	1.83964
36	34	5	6.24942
31	81	5	2.74248
24	40	5	6.75529
67	2	5	4.87473
13	50	5	6.13446
46	56	5	9.18441
21	7	5	9.61658
35	4	5	1.80174
86	19	5	9.5327
86	39	5	6.85359
68	89	5	2.07933
31	80	5	4.83982
32	47	5	4.7966
9	14	5	2.49967
36	82	5	7.62378
26	56	5	8.93777
