cx	cy	r0	initAmp
4	37	5	5.63251
40	13	5	2.81119
87	42	5	4.04976
84	59	5	6.32609
56	84	5	1.87217
49	84	5	1.88812
13	12	5	7.62036
62	98	5	6.20884
56	15	5	9.71222
15	92	5	1.25088
74	21	5	7.00379
79	78	5	7.67627
94	45	5	3.27759
74	36	5	6.00039
15	65	5	8.25235
49	54	5	5.66419
45	10	5	3.77925
18	56	5	8.19616
39	5	5	4.57856
34	10	5	6.19433
