cx	cy	r0	initAmp
44	41	5	6.72356
24	12	5	5.19895
44	19	5	1.34871
18	79	5	5.50154
97	90	5	2.74975
12	53	5	7.22701
40	75	5	6.96673
59	76	5	8.05217
25	80	5	8.35046
8	14	5	9.45715
70	35	5	2.68321
22	46	5	1.89594
57	95	5	9.23553
85	37	5	2.14892
66	21	5	3.41355
55	25	5	9.85099
63	44	5	6.07529
7	72	5	4.49184
66	73	5	7.68887
31	4	5	5.33901
