cx	cy	r0	initAmp
65	98	5	9.74746
62	99	5	9.13296
80	35	5	6.2775
65	50	5	0.900871
5	97	5	1.29847
45	8	5	0.794757
21	3	5	7.37384
64	11	5	0.441415
87	11	5	7.47157
32	46	5	2.09477
99	12	5	3.39122
37	63	5	2.55318
28	20	5	6.07537
30	31	5	2.08293
33	54	5	4.39345
11	11	5	6.42349
31	46	5	4.43828
42	48	5	1.08886
6	24	5	6.67144
35	85	5	8.79756
