cx	cy	r0	initAmp
43	30	5	1.92332
92	35	5	2.23625
79	86	5	4.50391
84	53	5	8.70494
77	94	5	0.0213918
98	45	5	6.92137
64	43	5	1.11261
43	53	5	5.97452
15	56	5	7.33543
97	78	5	1.71481
26	3	5	1.16588
55	9	5	6.4732
83	62	5	5.78382
58	90	5	7.22923
23	33	5	2.17138
85	28	5	8.87653
74	49	5	5.70236
96	32	5	6.74791
96	7	5	2.184
44	7	5	5.36243
