cx	cy	r0	initAmp
32	9	5	8.06913
59	43	5	9.36465
5	46	5	5.52977
58	97	5	9.57758
42	6	5	1.71148
88	97	5	2.8169
90	60	5	9.32768
5	44	5	8.6061
15	11	5	6.74989
63	89	5	2.2596
78	83	5	0.307181
69	100	5	4.34208
37	57	5	0.43182
92	80	5	6.3565
87	55	5	5.56531
91	93	5	6.39978
8	33	5	0.692846
47	81	5	1.7177
39	34	5	7.46488
55	87	5	6.97181
