cx	cy	r0	initAmp
25	42	5	5.11889
10	32	5	8.34897
100	94	5	8.84195
48	45	5	6.49371
95	47	5	3.74371
7	41	5	7.73856
42	71	5	6.31393
55	90	5	0.195351
75	60	5	7.42549
94	70	5	4.17678
54	27	5	0.757528
24	52	5	6.51692
76	14	5	3.38564
56	85	5	7.12171
53	10	5	9.15539
80	65	5	5.39163
74	17	5	1.64466
100	35	5	2.06289
16	100	5	1.83748
10	59	5	8.59798
