cx	cy	r0	initAmp
89	12	5	1.34743
17	21	5	1.88541
62	45	5	0.789802
16	12	5	1.55503
44	84	5	2.80215
47	77	5	7.79847
100	41	5	1.60535
65	92	5	3.08405
57	48	5	0.815212
71	55	5	3.17748
1	36	5	7.2003
39	42	5	9.62528
4	88	5	7.99843
6	60	5	0.542513
11	32	5	0.443724
34	81	5	1.76557
43	99	5	1.01129
63	93	5	4.05016
33	98	5	0.513687
30	22	5	7.7743
