cx	cy	r0	initAmp
22	76	5	3.17101
24	64	5	0.354887
8	24	5	1.19742
52	79	5	4.7833
79	9	5	5.61605
91	93	5	9.89818
48	44	5	0.203144
62	56	5	7.34437
56	45	5	6.148
13	20	5	0.257579
54	92	5	0.921796
23	7	5	8.71522
1	51	5	9.31875
31	32	5	9.68948
58	16	5	7.06858
24	12	5	5.64275
79	19	5	7.54961
71	51	5	5.63674
47	62	5	1.58037
45	47	5	3.12779
