cx	cy	r0	initAmp
82	48	5	5.82442
8	50	5	8.7384
35	69	5	3.34002
54	72	5	0.449505
73	20	5	7.93673
77	60	5	7.67141
70	29	5	9.06833
19	30	5	3.18365
83	46	5	9.36959
16	32	5	8.15795
36	93	5	4.98235
95	62	5	6.42785
87	2	5	8.58058
30	15	5	6.47825
77	14	5	0.98619
16	22	5	7.24026
62	1	5	9.89577
40	100	5	6.18102
5	58	5	7.77322
80	74	5	0.663684
