cx	cy	r0	initAmp
16	60	5	6.26481
91	80	5	9.68572
79	100	5	4.10307
90	30	5	4.93691
77	23	5	9.86258
49	65	5	8.02752
55	31	5	1.10899
33	76	5	9.13068
25	4	5	5.73305
9	32	5	4.49781
16	76	5	7.36043
39	59	5	4.97462
98	64	5	3.68709
14	65	5	2.99742
51	96	5	4.76694
64	16	5	7.47299
90	95	5	8.23816
53	29	5	7.8902
69	14	5	5.78068
60	88	5	4.32521
