cx	cy	r0	initAmp
77	12	5	6.59187
72	97	5	9.36887
46	32	5	1.58448
34	74	5	6.65391
33	42	5	3.56851
18	92	5	3.8817
66	82	5	3.2099
80	73	5	1.94138
31	70	5	7.64789
80	6	5	1.90406
62	75	5	0.646987
84	83	5	7.98447
71	31	5	0.183205
1	82	5	8.52962
76	98	5	9.5115
35	89	5	8.83349
52	40	5	9.00467
68	5	5	7.889
68	20	5	5.88487
53	16	5	3.02689
