cx	cy	r0	initAmp
40	18	5	0.388546
8	3	5	9.49528
45	48	5	1.74052
6	15	5	9.16674
17	40	5	1.65553
80	9	5	0.186404
54	96	5	4.37526
16	81	5	0.441847
100	51	5	8.73853
11	54	5	6.28748
71	13	5	2.77252
68	89	5	6.3008
91	97	5	8.31405
23	93	5	3.90997
2	34	5	2.43867
100	20	5	7.18761
82	74	5	9.18062
90	1	5	6.86353
77	49	5	3.59539
58	91	5	3.71119
