cx	cy	r0	initAmp
100	71	5	1.60738
51	65	5	3.57312
43	66	5	0.309519
85	64	5	2.95347
45	27	5	8.93769
88	14	5	5.10831
31	51	5	5.39355
78	46	5	1.80004
48	42	5	0.0353048
60	99	5	3.23068
63	41	5	7.15743
7	41	5	0.963217
86	68	5	7.33758
91	53	5	8.58396
14	31	5	4.68586
84	62	5	7.07174
75	20	5	7.83103
59	86	5	4.73895
7	45	5	4.24997
31	51	5	4.20116
