cx	cy	r0	initAmp
6	52	5	2.8831
79	74	5	5.50878
70	47	5	4.74941
38	38	5	5.0127
63	51	5	6.72497
82	8	5	6.8287
81	29	5	2.23683
93	47	5	8.65513
31	59	5	8.3656
57	35	5	5.18847
20	99	5	1.35183
75	52	5	8.88203
8	95	5	4.81084
7	49	5	7.34009
88	84	5	9.97292
53	63	5	3.75229
10	6	5	2.43823
72	14	5	0.00147192
17	22	5	9.42721
14	21	5	4.67576
