cx	cy	r0	initAmp
6	41	5	8.59513
15	17	5	5.57494
25	6	5	0.104621
57	96	5	5.73755
42	4	5	5.66844
32	51	5	2.66021
13	48	5	6.89233
13	20	5	7.14939
58	45	5	2.83587
36	74	5	5.40735
32	73	5	6.35143
93	20	5	3.81218
38	76	5	2.16955
50	76	5	3.40765
92	81	5	6.09737
81	38	5	2.6118
71	93	5	7.83212
60	21	5	6.13492
38	85	5	7.94795
59	81	5	5.91323
