cx	cy	r0	initAmp
56	70	5	2.12894
87	99	5	1.34325
97	84	5	8.65942
17	47	5	6.15607
91	27	5	9.39619
3	65	5	8.23264
43	37	5	8.75695
62	41	5	9.37886
2	62	5	2.28339
78	47	5	3.59329
26	37	5	2.96096
34	10	5	1.65559
8	6	5	4.84303
98	52	5	6.91493
31	66	5	0.650414
38	60	5	2.43217
17	45	5	5.49098
77	40	5	3.3524
3	72	5	0.666871
46	98	5	6.60603
