cx	cy	r0	initAmp
73	62	5	2.03685
60	44	5	3.48443
99	26	5	9.00014
56	91	5	4.77377
86	80	5	2.97671
24	76	5	1.95532
57	3	5	0.564806
67	49	5	6.56603
56	66	5	2.84174
97	86	5	2.97763
10	24	5	0.685276
60	96	5	6.28933
29	93	5	9.35932
10	26	5	7.57917
32	91	5	6.1397
28	78	5	9.21038
68	93	5	4.22195
72	93	5	1.55195
24	65	5	0.933687
59	28	5	7.59808
