cx	cy	r0	initAmp
12	55	5	4.38642
79	7	5	1.18466
65	67	5	3.62408
57	61	5	2.14388
47	90	5	6.62405
70	22	5	5.08323
92	96	5	1.83551
54	44	5	6.75557
78	53	5	6.18162
52	96	5	3.49964
52	100	5	5.78667
63	89	5	1.76033
70	3	5	3.07653
44	86	5	5.17099
95	68	5	2.14763
45	19	5	0.177671
85	13	5	5.69751
91	55	5	2.61214
16	53	5	0.210097
95	2	5	3.96058
