cx	cy	r0	initAmp
73	2	5	6.31117
66	100	5	6.00134
73	59	5	7.97588
34	1	5	9.96977
6	24	5	1.51888
38	26	5	9.78468
34	6	5	1.35575
47	61	5	8.23294
9	60	5	2.41383
7	64	5	0.45027
17	33	5	9.6087
10	66	5	0.916496
77	87	5	8.53861
83	13	5	3.97804
52	71	5	4.04263
99	59	5	9.38325
18	11	5	3.80288
40	55	5	2.88438
13	7	5	6.90745
5	6	5	1.196
