cx	cy	r0	initAmp
20	56	5	3.64735
47	68	5	9.86347
2	93	5	5.98433
42	36	5	4.14491
62	38	5	7.22388
58	60	5	3.7251
63	61	5	1.13158
4	78	5	7.89308
29	51	5	6.44806
46	25	5	6.5192
29	67	5	5.41833
75	87	5	3.62452
22	13	5	3.37542
82	4	5	4.06409
78	15	5	0.0186168
40	26	5	1.56946
54	45	5	5.69589
34	42	5	0.444738
75	16	5	1.04489
7	67	5	4.81613
