cx	cy	r0	initAmp
24	92	5	5.4835
56	62	5	0.531126
82	61	5	5.69887
46	81	5	5.5183
71	94	5	8.45525
85	67	5	8.95986
30	50	5	2.23681
85	36	5	0.695182
55	98	5	1.74039
22	32	5	8.18769
34	43	5	5.31976
37	100	5	6.03308
49	70	5	7.36377
49	81	5	3.94276
84	38	5	7.24863
89	2	5	3.60342
7	97	5	8.67402
53	8	5	6.36687
25	84	5	7.81811
56	8	5	4.95604
