cx	cy	r0	initAmp
11	40	5	5.67083
17	97	5	3.20748
89	76	5	5.25219
49	99	5	7.13403
22	14	5	8.82216
61	27	5	5.96136
91	66	5	2.88174
56	14	5	6.26917
51	49	5	8.29045
49	54	5	1.42412
4	6	5	9.1111
19	77	5	7.31375
49	27	5	5.21196
8	42	5	7.40121
31	56	5	8.40551
88	42	5	2.67503
47	98	5	8.14829
68	19	5	9.09741
76	62	5	4.72095
18	51	5	9.49071
