cx	cy	r0	initAmp
97	43	5	7.37815
9	96	5	0.171863
51	25	5	1.68583
14	29	5	8.77548
26	26	5	6.94019
79	47	5	4.22148
75	59	5	1.95895
73	4	5	9.22098
53	36	5	9.14585
46	30	5	6.40339
92	94	5	5.9108
69	98	5	4.20354
54	36	5	7.26111
70	17	5	1.05746
80	58	5	8.08064
80	82	5	2.06047
27	78	5	6.91345
13	95	5	9.47567
78	81	5	1.40915
54	96	5	9.24719
