cx	cy	r0	initAmp
98	85	5	1.31212
42	9	5	6.14552
83	91	5	1.59591
1	4	5	3.07698
20	38	5	6.85251
74	15	5	8.01695
97	34	5	1.58563
40	80	5	2.62917
1	97	5	9.63348
53	54	5	3.42141
51	43	5	8.19686
74	70	5	2.27877
99	4	5	4.18307
35	33	5	2.4891
28	59	5	7.132
30	84	5	6.19466
38	95	5	0.351195
62	85	5	1.48998
36	63	5	9.33624
25	65	5	1.13859
