cx	cy	r0	initAmp
40	66	5	0.155888
73	62	5	1.45867
5	62	5	7.62951
53	31	5	7.77722
80	78	5	7.84177
71	2	5	4.49907
14	73	5	2.87084
53	50	5	1.5997
59	67	5	1.70013
86	83	5	1.06903
51	6	5	7.83652
51	81	5	9.17255
22	29	5	2.88507
63	58	5	3.62084
24	5	5	9.17807
89	22	5	0.557548
34	50	5	7.8808
90	22	5	6.32656
35	60	5	0.115793
87	85	5	7.38497
