cx	cy	r0	initAmp
14	26	5	0.662034
43	38	5	8.90799
62	45	5	6.00877
39	9	5	1.87533
64	10	5	1.04872
47	97	5	6.3402
21	68	5	5.58048
93	88	5	5.22258
15	15	5	3.8265
17	60	5	6.29633
8	65	5	5.9244
2	72	5	0.898611
9	29	5	1.6811
8	49	5	6.77307
30	47	5	6.61471
31	98	5	8.28581
88	46	5	4.53896
66	26	5	6.72062
58	4	5	6.6856
78	46	5	2.58614
