cx	cy	r0	initAmp
81	99	5	0.80269
9	65	5	4.43237
91	8	5	1.97952
100	12	5	4.8215
15	38	5	1.41428
68	69	5	9.16425
40	50	5	7.0639
92	35	5	1.31128
71	49	5	1.44056
88	16	5	7.51131
83	8	5	4.02908
18	12	5	7.32355
63	71	5	7.49834
16	83	5	5.57773
11	10	5	1.99874
53	62	5	0.581762
79	66	5	5.13389
25	41	5	4.06739
66	26	5	7.81028
61	54	5	7.71055
