cx	cy	r0	initAmp
24	44	5	0.309486
91	25	5	4.10606
20	54	5	0.86198
39	84	5	2.32687
22	99	5	1.39168
91	72	5	8.44604
21	2	5	7.0073
39	94	5	5.83335
36	19	5	5.12454
64	64	5	1.35104
3	98	5	2.70319
68	57	5	2.78961
31	1	5	1.00901
71	85	5	4.37733
27	93	5	5.66602
71	59	5	3.78659
100	43	5	3.99499
97	80	5	3.56712
74	75	5	7.40139
77	73	5	4.84105
