cx	cy	r0	initAmp
38	83	5	7.24033
94	81	5	4.50368
76	27	5	5.16084
68	87	5	0.335488
8	28	5	6.62237
29	58	5	7.08979
19	29	5	5.9156
98	84	5	1.73707
5	37	5	8.80257
36	91	5	4.65995
58	83	5	8.88289
3	40	5	3.96692
92	14	5	3.0743
91	33	5	8.89207
29	69	5	4.29959
40	58	5	4.05908
74	64	5	1.92598
30	86	5	1.1584
62	86	5	1.79482
11	65	5	7.8778
