cx	cy	r0	initAmp
65	75	5	6.33187
95	56	5	8.32719
2	51	5	4.23637
31	21	5	7.31203
39	49	5	5.60359
89	16	5	5.70492
10	72	5	4.85289
51	87	5	0.10206
45	49	5	2.48889
23	67	5	1.77204
9	34	5	7.50057
96	54	5	9.77243
37	83	5	7.93437
83	27	5	0.615969
20	20	5	4.83323
71	59	5	4.08786
14	69	5	6.90987
81	41	5	2.47462
19	19	5	8.97092
17	76	5	1.68697
