cx	cy	r0	initAmp
17	35	5	9.69023
70	24	5	0.678199
10	17	5	2.04257
92	59	5	1.15054
36	57	5	4.13958
29	26	5	6.32348
87	32	5	9.58936
29	18	5	9.77968
30	93	5	5.65419
26	100	5	7.54514
14	39	5	0.916502
4	14	5	6.827
36	46	5	9.22525
66	71	5	4.06221
62	98	5	1.14721
16	20	5	1.49823
55	43	5	0.950876
24	2	5	3.61078
84	52	5	7.19084
74	99	5	6.19237
