cx	cy	r0	initAmp
39	98	5	2.46436
72	42	5	3.00354
81	70	5	4.26832
12	18	5	2.07247
1	75	5	6.67768
29	9	5	6.38852
49	10	5	4.35327
62	63	5	4.91604
44	98	5	7.71374
63	43	5	6.53476
42	20	5	1.11283
27	22	5	6.68607
84	13	5	8.61883
62	61	5	5.44006
6	46	5	8.07928
28	63	5	3.19629
23	69	5	2.14522
46	21	5	7.03939
64	16	5	8.20765
85	71	5	7.3138
