cx	cy	r0	initAmp
36	20	5	4.96909
36	1	5	5.31448
79	97	5	3.06674
60	98	5	1.16384
39	75	5	3.45446
46	38	5	4.5258
64	75	5	4.85604
14	13	5	8.02473
88	63	5	0.769913
37	68	5	7.80293
34	25	5	1.74118
17	27	5	2.47452
17	6	5	3.27673
75	41	5	4.87738
19	4	5	7.54002
34	48	5	7.36447
50	59	5	1.40659
68	78	5	6.49715
45	70	5	2.35808
45	96	5	8.63739
