cx	cy	r0	initAmp
11	83	5	2.98522
37	96	5	5.80575
2	65	5	4.15739
38	29	5	1.61773
72	31	5	1.88919
94	31	5	8.82466
17	36	5	0.0599591
2	73	5	4.1831
70	74	5	8.05002
67	17	5	8.98883
19	61	5	5.00868
62	15	5	1.86872
4	87	5	9.35549
45	65	5	6.35693
27	6	5	5.96828
86	34	5	6.03863
94	15	5	3.37739
39	44	5	7.57449
76	49	5	3.56986
38	25	5	2.88283
