cx	cy	r0	initAmp
100	1	5	6.62212
28	65	5	2.92296
99	48	5	7.57604
38	93	5	7.38368
4	71	5	8.60899
38	8	5	2.37033
20	92	5	3.82811
72	31	5	5.91605
6	25	5	5.67062
29	94	5	4.01537
44	13	5	3.67344
60	86	5	6.27232
58	10	5	9.76917
9	70	5	6.17475
36	27	5	4.90185
88	66	5	4.2866
72	67	5	8.85226
40	87	5	9.34353
11	78	5	4.34361
74	50	5	2.7812
