cx	cy	r0	initAmp
8	47	5	8.33705
16	30	5	0.776804
70	91	5	4.92823
97	7	5	2.17297
89	2	5	6.37426
51	53	5	2.62859
55	12	5	2.05597
13	50	5	6.56596
98	23	5	4.68205
30	52	5	5.11104
76	9	5	3.29512
58	80	5	8.40414
82	26	5	3.97787
40	65	5	9.74253
80	29	5	3.11516
72	34	5	3.55712
24	76	5	0.612704
38	70	5	4.33041
61	48	5	5.71934
49	65	5	3.78987
