cx	cy	r0	initAmp
27	90	5	2.98573
50	31	5	2.65287
19	67	5	4.09893
18	74	5	4.59838
9	87	5	0.556125
63	62	5	1.9801
9	38	5	3.59238
94	64	5	2.70469
53	19	5	6.62039
64	36	5	6.11482
12	26	5	9.86277
43	44	5	9.76426
69	72	5	8.15638
72	80	5	0.619241
81	90	5	9.52901
53	23	5	9.46862
63	68	5	7.63594
87	43	5	0.702275
33	84	5	4.56082
50	14	5	9.97867
