cx	cy	r0	initAmp
11	10	5	8.38018
16	95	5	3.9098
8	89	5	0.994564
16	34	5	6.26555
37	10	5	6.21523
72	24	5	1.94363
47	80	5	4.77425
77	38	5	7.9794
88	77	5	2.56101
18	3	5	3.34121
48	45	5	0.871265
5	86	5	1.60011
49	67	5	1.50246
44	1	5	9.42913
68	49	5	1.52742
82	77	5	7.52121
79	24	5	4.10181
83	68	5	7.45893
88	15	5	3.17588
89	57	5	2.51813
