cx	cy	r0	initAmp
69	93	5	1.59676
100	27	5	8.54777
58	11	5	1.51539
5	65	5	8.83957
47	45	5	3.01033
28	72	5	7.32715
65	59	5	0.839732
86	48	5	9.27758
10	47	5	1.72947
76	19	5	6.75346
18	78	5	7.44349
83	84	5	4.13313
77	92	5	0.161133
44	53	5	3.24917
15	59	5	4.49392
93	17	5	7.83252
55	68	5	7.85665
28	90	5	5.69306
100	100	5	8.36402
3	31	5	5.28567
