cx	cy	r0	initAmp
15	56	5	7.1422
29	74	5	2.20475
79	84	5	3.22415
85	1	5	1.95478
82	89	5	2.45061
31	97	5	4.06101
36	45	5	8.9171
96	85	5	7.13976
66	5	5	5.7033
91	51	5	4.41814
52	11	5	9.77329
44	100	5	5.70217
90	99	5	0.430265
87	80	5	5.60354
60	82	5	2.31485
34	92	5	3.56242
10	67	5	7.40498
100	27	5	1.5059
53	43	5	8.45386
44	9	5	2.58015
