cx	cy	r0	initAmp
70	38	5	0.138863
83	4	5	9.8363
46	14	5	9.91496
76	10	5	2.16179
81	50	5	5.14252
71	44	5	4.3138
20	13	5	9.48767
76	4	5	4.83645
67	76	5	7.57234
2	16	5	6.36249
7	30	5	0.69263
71	66	5	8.66724
4	90	5	3.81684
7	6	5	1.31149
89	15	5	5.70424
29	28	5	5.622
82	72	5	5.74567
94	9	5	2.00996
20	92	5	7.64585
16	97	5	4.4821
