cx	cy	r0	initAmp
20	2	5	4.0602
14	65	5	8.64272
24	28	5	6.11407
10	39	5	2.22541
85	10	5	0.922461
79	53	5	8.16016
82	29	5	7.14281
55	15	5	6.81883
24	54	5	2.80801
65	69	5	7.01151
42	34	5	1.43484
81	63	5	7.99176
56	56	5	7.11172
43	50	5	9.45683
95	73	5	0.646117
52	81	5	4.38974
23	94	5	2.06377
37	20	5	9.78117
40	23	5	9.77851
64	90	5	0.426242
