cx	cy	r0	initAmp
82	84	5	1.86759
4	88	5	7.37352
82	64	5	0.847839
10	11	5	2.13
93	54	5	4.1813
9	58	5	8.01057
66	56	5	3.25654
12	51	5	4.71282
39	13	5	1.76587
16	69	5	1.17373
41	88	5	0.455422
67	32	5	4.14787
17	70	5	3.90591
54	95	5	3.00365
68	43	5	9.91677
12	64	5	7.5889
44	86	5	5.11539
10	48	5	7.94126
54	60	5	9.62483
59	89	5	2.63093
