cx	cy	r0	initAmp
40	64	5	2.94524
83	82	5	7.22817
69	79	5	4.05332
74	55	5	3.46583
12	12	5	8.30734
26	91	5	9.60472
19	21	5	3.26892
90	15	5	0.443403
41	99	5	8.9669
60	92	5	6.06885
2	1	5	3.30355
78	65	5	6.16879
77	67	5	6.55408
81	57	5	6.54115
24	40	5	6.18258
52	29	5	2.01159
31	8	5	3.69018
46	84	5	3.96389
98	58	5	8.96738
81	26	5	1.72897
