cx	cy	r0	initAmp
57	47	5	3.3198
22	100	5	6.11184
78	47	5	5.39562
86	41	5	6.21225
11	73	5	4.79
66	81	5	6.29281
68	60	5	6.51229
65	84	5	5.37951
22	2	5	6.50164
96	96	5	4.78408
20	48	5	0.328012
19	51	5	0.827943
89	86	5	8.57589
93	24	5	1.88413
59	69	5	0.548051
45	65	5	3.67548
57	6	5	4.61687
22	15	5	9.95774
13	84	5	1.83149
27	8	5	9.46463
