cx	cy	r0	initAmp
96	79	5	2.80004
83	44	5	4.0061
1	93	5	6.68016
73	34	5	8.87947
11	8	5	9.86956
38	74	5	7.50544
52	4	5	5.80333
15	88	5	2.48656
55	81	5	5.05199
5	83	5	8.78625
49	25	5	8.99063
49	84	5	3.03649
63	23	5	7.62149
8	87	5	2.34554
77	13	5	3.655
86	57	5	6.15945
94	6	5	5.17328
43	82	5	4.47837
7	37	5	0.0998504
68	76	5	0.545683
