cx	cy	r0	initAmp
51	55	5	0.0415394
60	66	5	4.56327
8	47	5	8.51765
11	52	5	6.95175
93	62	5	6.08037
87	66	5	3.53619
4	23	5	2.30809
43	56	5	6.94128
74	28	5	3.47476
70	18	5	5.28725
77	21	5	7.17441
38	15	5	3.92149
58	94	5	4.73192
39	3	5	9.12781
93	65	5	7.15625
77	57	5	5.1755
57	13	5	5.73393
83	50	5	3.33399
12	3	5	4.21769
86	38	5	3.00175
