cx	cy	r0	initAmp
10	39	5	6.64459
67	31	5	7.48536
39	32	5	0.940727
5	10	5	4.11589
96	95	5	6.25246
12	28	5	7.71656
24	69	5	7.73349
7	13	5	5.16414
55	50	5	0.725059
5	39	5	7.3415
8	66	5	3.35886
70	72	5	8.66899
94	100	5	4.56267
20	92	5	2.56824
35	40	5	3.3588
9	100	5	4.42542
64	28	5	7.39844
82	48	5	6.48237
9	39	5	7.90501
60	44	5	9.58324
