cx	cy	r0	initAmp
27	84	5	6.2686
76	35	5	5.2392
75	7	5	4.90232
27	23	5	7.47491
75	99	5	4.95312
88	51	5	7.93479
65	45	5	7.68712
47	66	5	6.78279
6	56	5	0.792874
81	78	5	4.54472
97	100	5	4.33117
27	100	5	2.80575
84	53	5	7.94583
61	57	5	1.50763
35	5	5	2.13008
84	50	5	9.00692
69	77	5	3.79954
63	96	5	7.50193
47	87	5	7.20699
11	38	5	8.79849
