cx	cy	r0	initAmp
79	68	5	2.02302
24	18	5	0.655418
91	87	5	2.94268
23	44	5	4.13115
19	18	5	1.0927
53	29	5	0.274678
76	37	5	5.76233
10	21	5	2.55111
64	48	5	4.54417
19	42	5	0.718895
73	45	5	7.30904
75	74	5	3.33207
22	100	5	8.67893
94	7	5	3.24373
52	89	5	6.47922
9	59	5	6.89742
94	64	5	6.99837
76	27	5	7.56893
37	85	5	2.87392
22	31	5	5.38549
