cx	cy	r0	initAmp
3	58	5	6.89708
59	29	5	3.94277
58	16	5	3.48969
94	55	5	6.06471
80	68	5	5.73006
18	99	5	2.47472
70	83	5	4.00199
15	10	5	3.23905
27	67	5	3.31017
46	16	5	7.26511
75	22	5	7.73932
98	5	5	2.40306
7	88	5	6.3126
10	9	5	9.52771
42	43	5	9.22938
88	91	5	2.07734
77	67	5	9.96962
29	96	5	7.05314
15	88	5	5.14121
84	43	5	0.72059
