cx	cy	r0	initAmp
43	25	5	3.10186
68	99	5	1.5187
53	75	5	9.89931
78	56	5	1.43187
14	78	5	8.93578
66	29	5	3.30532
98	81	5	4.07927
89	26	5	1.26629
3	46	5	5.6224
82	47	5	4.77344
16	26	5	2.5138
14	79	5	7.22266
18	60	5	7.42453
9	52	5	3.40804
86	6	5	7.46434
31	6	5	4.65499
45	55	5	9.80375
5	40	5	6.87235
55	85	5	6.78117
25	55	5	2.2717
