cx	cy	r0	initAmp
15	76	5	3.76662
34	11	5	8.46825
36	25	5	5.43241
47	78	5	6.59681
26	88	5	9.17384
76	99	5	2.40182
83	25	5	4.64178
35	85	5	1.05468
56	58	5	5.44528
13	36	5	6.48235
47	59	5	2.6913
7	69	5	2.19539
88	87	5	2.96838
41	25	5	0.233158
21	61	5	0.461713
57	31	5	1.05502
70	38	5	6.29288
7	16	5	2.39301
48	72	5	0.135332
16	76	5	9.55324
