cx	cy	r0	initAmp
24	86	5	5.12022
76	32	5	2.42583
90	39	5	4.46631
10	39	5	7.67815
8	37	5	4.66619
99	29	5	0.684644
96	21	5	2.54963
75	29	5	0.0757126
6	72	5	8.38957
26	42	5	8.97285
39	96	5	8.02694
53	74	5	5.05737
61	94	5	9.55733
12	71	5	5.46018
31	55	5	2.7231
45	42	5	7.85084
56	49	5	2.70365
43	72	5	2.17267
60	34	5	7.79925
60	75	5	0.789443
