cx	cy	r0	initAmp
86	72	5	2.77227
50	90	5	1.41358
46	96	5	2.14172
18	80	5	5.4713
76	7	5	7.43859
68	75	5	5.72803
66	26	5	1.41934
46	1	5	2.69325
90	93	5	5.16421
15	82	5	0.630576
64	94	5	8.93819
54	4	5	1.554
64	6	5	2.85151
62	48	5	9.01427
94	57	5	7.18547
17	62	5	2.30985
96	36	5	6.9176
68	9	5	3.56125
41	51	5	8.67532
90	6	5	2.96632
