cx	cy	r0	initAmp
89	16	5	9.24604
96	83	5	9.71046
95	82	5	0.609943
14	46	5	5.90997
31	74	5	1.29591
74	60	5	4.05637
56	50	5	6.23486
6	18	5	3.83418
34	37	5	7.31632
72	96	5	3.58153
53	46	5	9.24633
21	93	5	5.96532
80	23	5	3.70479
35	85	5	5.32594
51	54	5	4.65012
100	53	5	2.79448
70	88	5	8.16769
61	82	5	3.94829
71	45	5	1.10554
80	94	5	8.44272
