cx	cy	r0	initAmp
70	92	5	7.35886
53	57	5	7.34886
15	78	5	5.86228
12	15	5	8.90845
64	99	5	6.21261
90	90	5	0.353834
8	18	5	6.16088
36	57	5	2.69227
66	79	5	4.44328
7	7	5	2.75068
64	48	5	7.34078
63	84	5	9.64102
21	43	5	8.1971
89	74	5	0.568861
73	86	5	8.61046
50	60	5	5.95044
30	35	5	9.55088
10	97	5	0.82714
48	48	5	3.44498
45	81	5	2.69782
