cx	cy	r0	initAmp
99	15	5	8.60029
76	82	5	8.66764
47	49	5	4.11394
23	32	5	2.65785
91	42	5	7.57154
32	27	5	7.20468
13	54	5	9.52394
69	100	5	3.33045
38	65	5	8.11235
85	19	5	9.3927
75	62	5	0.935031
93	5	5	8.66892
26	25	5	4.03908
78	17	5	6.31653
89	38	5	6.32795
6	15	5	5.1632
84	72	5	9.831
19	27	5	3.20738
13	44	5	2.19267
39	57	5	9.01919
