cx	cy	r0	initAmp
26	39	5	3.31973
60	20	5	1.35985
23	19	5	3.90385
31	53	5	8.50732
69	90	5	3.71945
11	37	5	7.24337
70	18	5	3.86319
98	99	5	9.56587
37	73	5	0.593588
23	66	5	4.88234
6	52	5	8.26534
34	27	5	9.06609
14	76	5	7.19838
31	89	5	1.04109
56	90	5	1.86233
41	76	5	4.64701
46	10	5	2.13556
89	11	5	2.24362
84	28	5	8.01092
13	11	5	0.347029
