cx	cy	r0	initAmp
88	8	5	5.87448
11	38	5	4.85168
21	35	5	6.16175
72	13	5	5.57551
23	43	5	2.62689
80	5	5	7.16988
26	89	5	5.92226
89	2	5	0.425593
81	49	5	5.52036
53	58	5	1.87819
19	40	5	4.49826
8	37	5	3.52119
17	90	5	8.05491
21	90	5	9.59432
9	52	5	9.78851
36	19	5	3.00176
14	94	5	6.29745
53	95	5	3.80453
78	9	5	0.230177
41	1	5	9.22161
