cx	cy	r0	initAmp
42	50	5	4.85107
48	33	5	4.84284
93	77	5	9.33633
1	78	5	0.65607
2	56	5	6.43319
42	81	5	7.9738
8	98	5	9.75166
61	49	5	7.57934
74	67	5	3.11948
19	72	5	6.18224
52	41	5	5.21689
49	69	5	2.94808
41	63	5	2.90726
12	100	5	4.85472
71	74	5	2.15724
67	44	5	4.27947
19	69	5	9.62547
96	97	5	6.81507
61	84	5	2.08796
21	36	5	3.26343
