cx	cy	r0	initAmp
30	15	5	6.67965
77	44	5	2.49036
87	45	5	5.31131
37	72	5	0.637213
30	65	5	6.37008
33	72	5	1.19339
51	72	5	7.09778
68	53	5	8.44254
2	47	5	9.08484
12	67	5	2.33598
91	21	5	6.28495
74	63	5	3.76009
29	46	5	9.7896
6	71	5	4.13127
6	77	5	3.28761
75	6	5	7.61417
78	73	5	2.76549
34	89	5	2.13158
54	43	5	7.14064
26	14	5	1.74837
