cx	cy	r0	initAmp
46	57	5	5.26268
69	65	5	1.00543
2	7	5	3.39909
15	92	5	0.749368
94	19	5	2.39483
31	83	5	0.385734
3	96	5	3.10894
92	75	5	8.2466
41	32	5	2.9471
39	75	5	7.38004
10	41	5	1.64811
94	4	5	4.64633
50	54	5	5.52904
27	55	5	8.73352
97	48	5	0.120433
60	6	5	4.75189
40	80	5	9.19782
55	60	5	9.10086
39	54	5	5.59737
85	72	5	0.19635
