cx	cy	r0	initAmp
50	9	5	9.13536
31	83	5	1.02854
8	11	5	9.67261
54	77	5	7.77608
7	49	5	3.23531
73	46	5	9.51643
19	89	5	4.06438
20	82	5	2.16093
84	63	5	9.18443
70	82	5	6.15933
57	82	5	3.21034
43	94	5	8.66886
38	19	5	1.55997
67	77	5	9.93957
73	55	5	2.65183
8	64	5	2.4229
45	2	5	3.75985
3	76	5	3.4174
5	71	5	9.25657
91	76	5	9.60433
