cx	cy	r0	initAmp
14	13	5	8.50529
82	9	5	0.722964
95	75	5	1.05147
14	63	5	1.79788
36	64	5	8.59781
76	33	5	5.62221
30	33	5	6.15065
41	58	5	0.641539
100	75	5	1.47915
40	58	5	2.40501
9	19	5	9.49176
47	36	5	6.45918
34	64	5	7.16777
82	84	5	2.62604
99	75	5	0.324798
39	66	5	3.83521
5	63	5	7.83578
32	79	5	2.06104
38	29	5	9.51321
69	71	5	7.81279
