cx	cy	r0	initAmp
21	70	5	9.38056
6	16	5	1.37633
28	32	5	5.72013
66	79	5	4.02018
63	75	5	4.54342
62	72	5	6.44199
98	63	5	0.24705
23	67	5	1.39319
22	99	5	8.38313
84	61	5	0.109399
68	22	5	1.89818
62	30	5	2.19558
30	73	5	1.9123
85	9	5	9.02415
53	10	5	8.43184
13	65	5	4.03946
57	38	5	8.34015
67	51	5	4.94981
47	60	5	6.62778
2	11	5	6.56185
