cx	cy	r0	initAmp
12	83	5	8.55907
24	28	5	1.16067
64	98	5	3.82364
100	78	5	2.33679
63	89	5	9.74677
91	80	5	8.56102
64	48	5	4.4338
6	60	5	9.54089
47	10	5	2.41433
23	37	5	8.31934
88	19	5	7.96508
38	37	5	6.63417
57	50	5	5.77036
46	74	5	4.90893
4	21	5	6.88307
21	81	5	4.96746
29	71	5	9.29532
29	85	5	5.02029
72	82	5	6.7551
46	71	5	9.72088
