cx	cy	r0	initAmp
77	75	5	5.2033
76	65	5	9.00733
25	80	5	7.34143
99	82	5	7.92982
69	31	5	8.31051
22	57	5	6.73364
64	23	5	5.43638
39	69	5	1.33923
64	83	5	7.39671
92	67	5	4.9971
5	59	5	1.38216
54	18	5	1.28664
12	72	5	1.13161
19	67	5	0.902555
44	84	5	4.97578
95	25	5	9.47019
98	40	5	6.72991
44	22	5	8.19036
10	67	5	7.22833
53	2	5	2.15112
