cx	cy	r0	initAmp
65	6	5	0.852555
45	20	5	3.90106
28	80	5	1.48923
77	67	5	0.268266
86	19	5	6.75311
97	69	5	2.84061
68	70	5	3.78585
25	46	5	3.78927
6	79	5	4.20751
47	91	5	0.564631
30	46	5	7.51173
63	93	5	9.58862
38	15	5	2.28826
18	22	5	2.91324
81	76	5	1.83894
88	64	5	7.95872
14	33	5	1.56722
92	3	5	9.34007
43	37	5	4.98869
28	63	5	1.38367
