cx	cy	r0	initAmp
77	23	5	1.18564
89	49	5	6.96991
56	78	5	5.34241
82	20	5	0.361388
75	96	5	0.782379
31	61	5	3.21693
39	69	5	3.90172
29	94	5	9.20271
11	48	5	8.08846
1	75	5	2.76123
23	46	5	4.4968
6	43	5	6.89602
48	23	5	0.201552
92	98	5	8.20805
7	75	5	0.667477
52	69	5	0.224193
89	94	5	3.03146
41	71	5	7.69569
56	51	5	3.05017
71	37	5	7.51835
