cx	cy	r0	initAmp
45	36	5	8.99985
88	79	5	8.83974
46	61	5	7.27304
41	50	5	7.12357
36	56	5	8.33996
28	60	5	6.35128
29	68	5	2.3701
14	20	5	3.53117
13	89	5	9.20987
15	99	5	0.892781
43	27	5	5.75187
30	34	5	5.30033
26	39	5	5.24358
5	74	5	7.55944
62	69	5	9.176
10	29	5	9.91965
91	60	5	1.09935
27	28	5	8.98434
97	75	5	3.3768
88	52	5	9.15672
