cx	cy	r0	initAmp
52	77	5	3.12679
57	57	5	6.09469
59	29	5	6.81868
45	79	5	6.31688
14	55	5	5.78212
76	78	5	7.08611
7	79	5	2.20014
43	55	5	0.30718
20	31	5	6.13767
92	28	5	6.15047
66	66	5	3.00543
36	45	5	6.37937
98	52	5	9.48378
55	31	5	9.27974
10	29	5	5.99006
46	100	5	5.78102
18	54	5	0.926757
95	74	5	2.53588
64	30	5	2.16959
53	46	5	9.41933
