cx	cy	r0	initAmp
99	85	5	6.77382
83	38	5	1.90476
58	60	5	0.769423
93	10	5	1.69907
7	46	5	0.335099
39	81	5	1.53811
62	3	5	9.28674
74	6	5	4.17182
44	64	5	4.71162
97	72	5	0.435683
20	60	5	8.03713
87	30	5	1.35024
86	93	5	4.44071
3	35	5	7.55423
56	81	5	4.39409
73	97	5	9.38866
40	98	5	8.96369
51	67	5	2.97397
63	72	5	1.09522
97	65	5	1.42255
