cx	cy	r0	initAmp
99	46	5	5.49127
63	10	5	4.05491
53	64	5	1.90883
55	89	5	2.91318
54	53	5	4.3001
88	38	5	4.49129
11	92	5	5.05991
50	84	5	4.85
40	23	5	1.40184
68	93	5	9.92361
90	67	5	7.64039
87	100	5	6.47411
53	19	5	4.18691
20	95	5	4.81686
4	56	5	1.42276
82	26	5	7.11416
53	90	5	4.25124
75	1	5	3.65695
5	92	5	9.50353
35	49	5	1.64845
