cx	cy	r0	initAmp
90	68	5	4.35147
87	6	5	9.01717
57	56	5	2.15102
100	82	5	5.02113
58	32	5	6.85821
23	69	5	4.79255
15	96	5	5.58292
52	97	5	5.6386
10	29	5	5.83899
16	1	5	6.76672
87	54	5	4.90547
93	2	5	5.65953
92	46	5	4.97238
80	40	5	0.740995
54	57	5	9.88011
90	97	5	6.85799
37	72	5	2.81056
13	66	5	5.08962
9	15	5	8.35723
42	21	5	1.67199
