cx	cy	r0	initAmp
31	45	5	1.84305
57	12	5	5.08245
16	26	5	6.04756
9	100	5	8.90128
35	31	5	9.9348
3	74	5	7.01548
10	17	5	8.87456
89	78	5	5.16613
47	46	5	7.09943
66	6	5	7.2381
64	99	5	1.83898
5	25	5	1.53855
51	92	5	3.31518
84	62	5	8.85484
78	45	5	3.37585
26	16	5	4.40947
8	26	5	6.77333
4	73	5	3.44556
26	66	5	5.46789
67	77	5	3.71731
