cx	cy	r0	initAmp
18	51	5	4.00886
4	14	5	1.10249
95	47	5	3.90369
91	60	5	3.31066
69	41	5	9.88108
38	17	5	8.24674
73	40	5	2.37496
67	95	5	8.12296
74	77	5	6.50378
16	54	5	2.26881
8	14	5	7.96381
61	54	5	2.35039
96	82	5	2.25733
29	12	5	6.3466
50	64	5	0.257795
85	9	5	9.34601
45	79	5	2.73376
60	44	5	6.55871
14	75	5	8.52252
21	43	5	0.647827
