cx	cy	r0	initAmp
56	3	5	7.59772
71	59	5	5.05765
50	95	5	5.30915
75	35	5	1.61946
5	80	5	3.1073
79	98	5	6.66399
75	12	5	0.335714
71	61	5	8.44388
36	7	5	8.44148
77	74	5	0.477126
100	51	5	7.89573
29	83	5	8.30393
77	93	5	8.21416
73	5	5	3.7906
7	86	5	7.47746
76	76	5	2.22884
46	30	5	8.09033
39	44	5	0.22121
44	73	5	8.00399
42	36	5	7.63256
