cx	cy	r0	initAmp
90	97	5	8.2821
95	74	5	2.21979
81	80	5	9.1369
98	97	5	7.91378
69	80	5	8.8281
43	59	5	0.749177
77	73	5	7.47513
50	16	5	6.0171
79	55	5	3.07606
49	4	5	1.653
1	83	5	9.58022
89	26	5	5.02459
37	67	5	3.86507
9	91	5	9.10594
5	67	5	7.57635
39	38	5	4.81369
16	32	5	3.17187
42	81	5	8.93441
74	46	5	1.16859
18	100	5	9.66632
