cx	cy	r0	initAmp
57	59	5	8.24647
79	10	5	8.00286
2	87	5	7.61474
36	51	5	0.190935
63	96	5	6.55337
72	74	5	2.18461
38	5	5	5.31403
22	34	5	6.14601
81	48	5	4.14499
3	95	5	6.03153
15	99	5	6.41743
28	32	5	0.31611
12	2	5	9.11356
59	59	5	3.63337
91	2	5	4.96904
90	67	5	2.27117
100	65	5	6.97325
33	54	5	6.73361
9	62	5	9.7311
1	100	5	7.22176
