cx	cy	r0	initAmp
33	5	5	9.69444
83	17	5	8.77883
60	9	5	5.79521
24	30	5	6.7578
57	8	5	0.322746
6	29	5	7.25899
78	31	5	6.03668
13	17	5	2.30239
44	86	5	0.599348
59	57	5	6.32197
27	88	5	6.66113
2	48	5	8.46608
45	60	5	9.48034
19	54	5	6.09129
93	76	5	3.69506
31	45	5	2.79484
22	25	5	4.37775
58	55	5	0.237327
29	12	5	4.58251
37	20	5	5.78877
