cx	cy	r0	initAmp
95	21	5	7.46718
88	52	5	6.11652
33	22	5	5.50733
90	52	5	8.67515
42	25	5	3.25044
75	97	5	8.7523
61	9	5	5.13354
45	100	5	9.13689
5	3	5	0.849855
40	17	5	4.54968
40	94	5	0.821106
78	26	5	6.98245
23	96	5	7.09103
71	52	5	7.88558
11	17	5	2.49671
82	13	5	8.0848
50	8	5	2.73362
20	62	5	5.86396
31	34	5	7.09187
92	62	5	0.777279
