cx	cy	r0	initAmp
16	86	5	6.90192
49	92	5	7.70796
57	72	5	7.92714
73	88	5	1.53838
52	30	5	0.985759
4	47	5	6.18799
65	14	5	2.05586
88	62	5	9.9211
20	55	5	0.654071
17	92	5	0.348224
36	70	5	4.4778
52	88	5	3.32105
83	6	5	3.41682
85	18	5	3.58798
7	23	5	1.10768
61	53	5	1.32683
48	40	5	7.89554
33	100	5	0.219938
2	68	5	3.38957
51	60	5	1.52578
