cx	cy	r0	initAmp
68	29	5	6.73786
16	22	5	6.5939
55	8	5	5.48426
69	69	5	1.18826
3	6	5	1.25204
90	56	5	1.17762
49	25	5	4.94482
32	32	5	4.48934
34	67	5	6.66094
35	10	5	6.87892
20	64	5	7.76695
52	50	5	7.15467
40	32	5	3.1071
31	57	5	7.57109
81	6	5	2.55455
49	13	5	7.60455
18	23	5	7.72681
30	60	5	5.97667
81	98	5	8.33857
100	22	5	0.929072
