cx	cy	r0	initAmp
70	33	5	4.43293
6	91	5	4.37907
69	56	5	8.73693
32	70	5	9.58494
92	56	5	0.0393606
54	99	5	1.42645
46	60	5	7.09709
46	86	5	7.12286
37	99	5	2.8045
8	86	5	9.73839
13	34	5	9.25028
73	52	5	8.92112
93	94	5	0.129563
81	43	5	2.75337
61	29	5	1.75026
79	30	5	3.38815
93	30	5	0.326241
30	53	5	9.34454
43	47	5	1.68617
37	39	5	2.07342
