cx	cy	r0	initAmp
14	51	5	4.98717
36	100	5	6.6543
57	6	5	2.90548
26	24	5	8.85519
81	8	5	1.71999
1	63	5	0.167516
87	97	5	0.240334
83	42	5	0.893144
90	85	5	7.97308
85	72	5	8.19525
8	41	5	3.80192
36	55	5	8.41342
49	61	5	7.58138
100	83	5	7.6648
99	66	5	2.15242
29	55	5	4.9136
8	40	5	3.7314
49	36	5	6.6217
53	14	5	9.30617
95	86	5	4.9258
