cx	cy	r0	initAmp
24	7	5	3.30523
99	82	5	9.26746
71	41	5	9.34371
3	68	5	7.41352
92	74	5	4.20384
54	41	5	1.9265
56	3	5	2.82784
71	78	5	6.92681
21	20	5	6.56035
36	37	5	3.73149
81	5	5	7.43095
14	1	5	3.94354
88	85	5	7.93964
10	47	5	0.351702
66	48	5	7.98962
8	24	5	9.70686
45	41	5	9.55491
61	77	5	1.97833
65	27	5	6.99102
10	100	5	0.274062
