cx	cy	r0	initAmp
26	9	5	4.57379
10	14	5	0.365443
63	60	5	9.15697
34	8	5	9.92084
43	9	5	4.27777
80	50	5	1.25494
13	35	5	9.16032
57	36	5	2.14694
92	66	5	3.45564
23	46	5	2.43809
3	49	5	4.89403
58	64	5	9.46367
9	9	5	3.29128
77	23	5	5.15697
47	86	5	8.88805
33	30	5	5.71581
100	62	5	9.91451
24	69	5	4.17679
48	67	5	7.18929
55	70	5	7.83045
