cx	cy	r0	initAmp
48	69	5	4.15929
38	89	5	0.673655
34	25	5	7.7347
33	94	5	3.19934
28	53	5	3.22267
93	59	5	7.06731
41	10	5	0.688536
82	72	5	9.96293
10	24	5	0.999641
39	26	5	9.59758
66	3	5	9.60061
61	91	5	3.90718
60	10	5	4.88698
94	28	5	7.79114
2	73	5	0.483275
65	44	5	9.99132
27	66	5	5.03578
33	80	5	5.81753
61	66	5	5.53837
88	42	5	9.83606
