cx	cy	r0	initAmp
40	11	5	0.834712
53	21	5	7.48425
7	52	5	7.04157
41	87	5	5.04983
89	73	5	1.07253
10	38	5	4.86956
48	48	5	3.35611
48	71	5	2.97788
51	24	5	2.65678
11	76	5	3.74363
10	38	5	6.8675
3	87	5	0.418621
14	18	5	7.74509
57	88	5	8.5418
96	83	5	5.44599
5	90	5	3.36062
28	66	5	0.205538
34	70	5	1.58605
76	47	5	4.47302
9	21	5	6.90798
