cx	cy	r0	initAmp
94	97	5	5.0884
99	7	5	3.37914
10	85	5	9.78203
8	65	5	4.90873
93	17	5	2.29936
59	30	5	9.10632
45	90	5	2.38902
35	70	5	8.28627
63	85	5	6.23543
82	74	5	8.70684
57	26	5	5.64692
79	24	5	0.877238
77	43	5	6.78553
64	85	5	3.28531
71	37	5	3.09116
58	24	5	6.58255
53	28	5	3.77165
96	30	5	6.77755
24	59	5	0.275927
31	55	5	2.37818
