cx	cy	r0	initAmp
42	17	5	9.09159
97	39	5	2.57459
69	2	5	3.8006
83	37	5	5.20951
28	36	5	0.0933825
91	46	5	6.14974
76	71	5	8.37186
61	85	5	1.95565
80	90	5	1.49366
32	16	5	1.59227
10	90	5	9.29963
73	25	5	7.23187
2	69	5	5.9995
79	69	5	0.348883
2	5	5	7.22313
71	83	5	9.04387
69	72	5	0.925399
50	68	5	6.33373
8	89	5	3.18558
96	11	5	4.20189
