cx	cy	r0	initAmp
62	13	5	0.156649
48	83	5	6.53025
23	79	5	1.37838
47	45	5	9.70782
92	46	5	8.59374
14	25	5	1.50061
39	45	5	2.60505
74	6	5	3.68491
51	94	5	2.94151
75	85	5	6.43437
46	86	5	7.4125
97	74	5	6.75976
66	78	5	8.36612
90	7	5	1.48624
96	20	5	7.15543
24	41	5	0.305487
44	63	5	0.322006
36	9	5	9.49613
51	58	5	2.20019
60	28	5	2.35081
