cx	cy	r0	initAmp
52	37	5	5.01983
34	53	5	6.74916
28	26	5	4.62326
98	23	5	8.02143
81	18	5	7.91738
70	95	5	6.48574
2	5	5	3.64999
60	60	5	3.97147
2	91	5	2.37904
5	78	5	2.36382
19	97	5	2.38763
23	30	5	1.34013
3	53	5	6.68646
81	4	5	2.84306
78	46	5	2.12522
23	88	5	0.745603
66	32	5	2.30509
97	60	5	0.295626
21	81	5	8.661
14	34	5	4.24153
