cx	cy	r0	initAmp
60	62	5	0.90003
43	19	5	6.0256
30	10	5	9.12445
11	76	5	5.83973
75	46	5	8.34522
1	26	5	5.30985
32	18	5	9.28853
25	88	5	4.27518
26	25	5	8.51352
28	48	5	9.58305
52	55	5	0.0751467
63	73	5	3.53928
77	65	5	6.71818
14	2	5	1.01633
75	79	5	1.7116
46	3	5	1.34881
51	78	5	9.72126
94	76	5	5.85697
8	47	5	6.09916
60	55	5	7.53553
