cx	cy	r0	initAmp
24	65	5	3.99945
44	17	5	3.07631
93	91	5	6.50884
77	71	5	2.77066
60	47	5	0.294729
42	78	5	2.84913
69	79	5	8.73944
70	22	5	1.13388
38	31	5	7.37334
88	37	5	9.25486
45	17	5	6.13915
90	85	5	8.99139
98	12	5	9.26378
39	71	5	2.59262
75	100	5	9.64866
97	14	5	2.49297
73	46	5	9.55063
32	54	5	5.54344
70	48	5	5.80482
40	79	5	3.42315
