cx	cy	r0	initAmp
53	60	5	7.98821
75	93	5	3.32717
14	26	5	9.60032
33	64	5	1.23023
59	34	5	4.42781
47	4	5	6.84375
51	63	5	2.898
56	29	5	1.71208
96	94	5	5.26814
74	31	5	0.581686
31	13	5	0.0253521
21	91	5	3.60629
25	86	5	9.26498
35	36	5	5.46767
72	28	5	7.23149
7	31	5	0.701248
60	18	5	4.82603
52	85	5	6.06723
23	49	5	5.94066
16	70	5	1.11723
