cx	cy	r0	initAmp
23	50	5	9.27659
38	34	5	7.70728
64	79	5	4.63011
33	27	5	6.66662
60	57	5	3.45906
58	69	5	5.66464
97	10	5	5.60689
44	43	5	4.36126
12	100	5	9.35928
30	9	5	7.89742
32	73	5	8.16247
61	91	5	2.21911
46	82	5	7.65959
28	21	5	7.95142
30	33	5	0.373127
30	42	5	8.57331
18	56	5	5.17691
73	51	5	9.8879
74	65	5	2.11357
28	21	5	6.9576
