cx	cy	r0	initAmp
74	89	5	5.42127
23	87	5	7.04052
92	99	5	7.22469
78	23	5	7.98095
55	7	5	4.18457
7	78	5	2.8092
69	5	5	2.08503
2	21	5	7.04892
34	58	5	5.89014
88	80	5	1.65903
80	58	5	7.90773
98	17	5	6.2127
65	55	5	7.86377
85	68	5	5.63214
30	21	5	9.36063
60	55	5	7.04453
49	33	5	6.94444
12	65	5	6.06658
59	73	5	4.83596
76	99	5	3.30714
