cx	cy	r0	initAmp
75	20	5	7.90445
85	92	5	6.38101
92	98	5	4.28576
43	5	5	1.12482
72	15	5	5.41496
53	20	5	7.18737
3	62	5	1.29677
25	25	5	1.83823
20	58	5	9.81703
32	29	5	2.74709
70	38	5	6.71716
80	56	5	7.02355
24	25	5	6.80676
3	32	5	6.16791
6	8	5	6.03285
83	89	5	5.69824
11	56	5	6.70152
15	26	5	6.41747
7	31	5	6.81349
23	4	5	2.08548
