cx	cy	r0	initAmp
41	75	5	5.38902
43	16	5	1.55065
82	4	5	6.78924
62	35	5	5.99495
27	63	5	8.61967
19	65	5	5.45034
30	51	5	5.06476
37	88	5	0.355742
79	11	5	1.14629
38	74	5	6.10081
65	94	5	8.37976
44	61	5	4.83327
36	11	5	5.4115
46	26	5	0.999782
79	5	5	6.64402
69	49	5	5.45873
66	84	5	4.81059
9	66	5	3.7805
22	99	5	4.79853
59	45	5	1.8789
