cx	cy	r0	initAmp
83	69	5	9.01111
22	36	5	6.64719
97	51	5	6.02922
51	24	5	7.10038
6	77	5	7.46501
41	45	5	5.29147
11	100	5	3.87912
61	91	5	8.10663
69	4	5	6.14109
6	43	5	2.90991
55	94	5	2.64737
19	86	5	2.95702
52	19	5	1.84551
71	66	5	7.12641
70	61	5	5.22338
95	37	5	9.04744
61	6	5	6.46821
72	19	5	8.50313
18	42	5	7.34994
77	43	5	6.89745
