cx	cy	r0	initAmp
96	69	5	7.11196
86	5	5	4.07987
7	32	5	0.0143408
36	29	5	7.41214
99	88	5	9.37482
97	91	5	8.55218
86	14	5	8.45648
79	81	5	2.93335
80	67	5	4.08083
34	50	5	6.57428
32	34	5	3.22453
93	78	5	8.46284
11	31	5	0.122624
7	94	5	4.25797
71	96	5	5.40953
72	44	5	8.74901
93	39	5	5.64737
15	70	5	6.81526
37	39	5	9.84484
52	3	5	3.46879
