cx	cy	r0	initAmp
52	91	5	9.37971
39	30	5	7.01292
48	74	5	1.73024
94	39	5	5.12384
65	69	5	8.36569
100	49	5	9.29112
99	41	5	8.67321
3	90	5	1.3039
2	52	5	0.932107
50	45	5	5.72586
31	42	5	4.31915
33	13	5	2.75676
3	15	5	7.58258
95	61	5	4.46482
65	92	5	3.19885
3	92	5	0.147636
37	50	5	4.82414
38	2	5	9.20822
29	71	5	6.98471
86	93	5	0.353742
