cx	cy	r0	initAmp
2	19	5	0.468803
30	42	5	1.3475
67	92	5	7.45687
87	14	5	5.65397
59	47	5	8.40529
31	87	5	4.21981
16	33	5	4.47394
20	41	5	2.07625
70	82	5	4.01019
46	33	5	1.18524
78	71	5	1.48174
11	53	5	3.84988
44	58	5	4.19061
33	46	5	0.252512
11	60	5	9.82673
77	18	5	6.26978
83	12	5	9.19588
10	91	5	6.49768
32	2	5	6.59697
75	1	5	1.88751
