cx	cy	r0	initAmp
88	26	5	2.54454
75	22	5	0.560692
6	14	5	8.00759
68	53	5	5.37163
2	52	5	7.28305
32	55	5	0.115433
63	2	5	9.13028
11	41	5	3.85186
31	96	5	0.113146
28	3	5	2.78113
96	67	5	5.38847
62	42	5	8.22159
59	94	5	3.14906
32	56	5	3.68203
50	50	5	8.90699
47	97	5	1.18651
86	90	5	2.28236
15	58	5	9.46277
61	65	5	2.95005
19	9	5	7.29887
