cx	cy	r0	initAmp
10	46	5	6.26046
32	53	5	1.71698
13	69	5	8.88799
21	10	5	1.88913
45	29	5	0.791841
16	7	5	8.83433
71	65	5	0.342908
26	19	5	2.71439
16	77	5	9.01599
32	50	5	6.44202
89	60	5	7.52991
39	52	5	7.00982
23	20	5	4.35569
99	64	5	4.51646
68	2	5	2.0371
9	25	5	6.49412
59	81	5	1.30572
29	45	5	4.47582
60	8	5	8.3585
76	1	5	4.47263
