cx	cy	r0	initAmp
94	3	5	3.8287
72	2	5	0.504201
91	61	5	8.25716
42	23	5	0.809091
53	77	5	8.84137
60	65	5	6.22195
37	12	5	5.9864
92	65	5	8.34451
38	68	5	5.17091
7	52	5	9.44947
11	9	5	1.91252
38	18	5	8.31128
80	26	5	2.64538
70	91	5	8.48824
72	87	5	3.51486
49	77	5	8.34537
12	73	5	3.04842
91	73	5	4.51829
58	100	5	2.83886
52	16	5	7.03697
