cx	cy	r0	initAmp
3	99	5	6.63399
74	57	5	1.87129
23	41	5	0.103871
47	96	5	5.95862
43	51	5	0.543427
57	20	5	5.83607
65	17	5	8.71941
84	70	5	1.12538
99	61	5	1.54044
74	61	5	6.69306
76	15	5	4.08436
5	82	5	9.76445
28	62	5	9.6217
58	51	5	1.06114
18	71	5	5.50158
92	88	5	6.4347
67	65	5	7.03906
82	46	5	7.38809
88	62	5	6.09862
24	94	5	6.57426
