cx	cy	r0	initAmp
91	68	5	3.1518
11	83	5	4.09352
44	55	5	3.00997
1	82	5	2.42049
98	34	5	0.29621
80	62	5	1.90245
92	71	5	8.41816
13	79	5	7.86564
87	79	5	1.67623
21	62	5	1.92403
73	8	5	5.82763
18	63	5	0.724442
54	68	5	1.47187
4	22	5	3.37834
9	14	5	9.28864
24	48	5	2.68658
35	100	5	3.88063
57	66	5	1.48651
21	17	5	4.40362
76	61	5	4.83072
