cx	cy	r0	initAmp
79	55	5	7.03494
46	74	5	0.409652
34	64	5	0.748368
87	52	5	5.53647
100	90	5	8.0954
27	80	5	0.862494
85	68	5	8.45244
97	14	5	2.15921
72	68	5	9.50425
54	83	5	6.25298
100	21	5	9.30902
10	87	5	5.98157
39	59	5	5.85666
19	26	5	3.85764
27	4	5	1.68009
1	93	5	8.06378
74	14	5	4.18411
48	36	5	2.2289
60	13	5	1.55676
72	40	5	8.96254
