cx	cy	r0	initAmp
79	11	5	3.08851
8	12	5	5.9671
74	65	5	1.76386
45	27	5	0.705715
83	9	5	4.34657
99	6	5	5.01278
90	59	5	3.89737
25	52	5	6.71492
60	87	5	3.7881
92	22	5	6.95619
80	86	5	0.573536
21	45	5	2.45098
88	96	5	4.90951
87	88	5	2.15438
12	69	5	2.65476
76	96	5	3.73292
72	67	5	1.17232
43	61	5	8.33191
95	78	5	5.21812
73	53	5	2.41627
