cx	cy	r0	initAmp
56	33	5	4.37304
90	3	5	4.092
89	54	5	1.55969
98	57	5	2.64655
75	5	5	9.09001
89	90	5	0.561258
58	76	5	2.39816
7	58	5	3.35887
37	82	5	7.90738
24	93	5	8.76728
73	77	5	5.79565
15	5	5	6.48033
66	59	5	9.64556
47	84	5	8.62466
71	96	5	9.90052
48	35	5	5.61366
73	47	5	2.33094
6	69	5	1.2238
59	89	5	3.44007
91	76	5	8.55727
