cx	cy	r0	initAmp
83	85	5	4.59532
56	100	5	3.69126
65	12	5	5.48004
17	39	5	1.21825
27	5	5	7.65467
62	3	5	7.17391
26	81	5	1.94821
33	38	5	6.60463
33	74	5	3.70801
67	33	5	6.83022
33	42	5	0.237837
20	16	5	8.21981
63	30	5	6.40118
64	9	5	7.58712
89	83	5	5.94087
43	83	5	3.53394
98	77	5	1.06352
23	14	5	1.92822
10	96	5	3.9298
73	40	5	5.34462
