cx	cy	r0	initAmp
40	78	5	0.168571
37	66	5	3.86451
30	24	5	6.56672
65	74	5	8.20888
28	66	5	1.8945
45	96	5	5.57789
79	1	5	2.39177
37	96	5	7.41221
85	12	5	9.67785
90	63	5	2.39776
54	61	5	4.22103
17	32	5	9.78122
10	42	5	2.178
51	86	5	4.6249
65	61	5	8.06237
87	24	5	1.08287
56	58	5	9.8785
85	44	5	3.73874
62	54	5	4.43329
55	65	5	0.283476
