cx	cy	r0	initAmp
6	21	5	6.10351
82	47	5	1.11445
28	18	5	8.10186
19	87	5	2.4758
18	87	5	7.58069
10	20	5	1.03613
10	9	5	5.57924
2	66	5	4.53056
48	83	5	0.521792
77	94	5	1.5844
22	72	5	1.29452
51	63	5	9.65605
5	83	5	6.76801
38	91	5	5.39563
74	17	5	9.34545
25	13	5	2.78204
98	6	5	7.04668
88	73	5	4.38717
83	36	5	3.8003
11	6	5	8.41742
