cx	cy	r0	initAmp
76	79	5	7.67612
63	53	5	8.64152
42	89	5	1.23918
83	24	5	6.67914
21	99	5	9.68257
67	64	5	0.50786
30	23	5	6.34831
39	23	5	4.96587
100	52	5	5.68361
96	19	5	3.62409
41	16	5	1.92495
56	70	5	3.75646
27	10	5	8.46992
64	28	5	8.19411
26	35	5	3.90464
20	72	5	0.818171
34	17	5	7.29461
4	36	5	4.20148
25	41	5	6.17346
97	97	5	6.13695
