cx	cy	r0	initAmp
95	1	5	7.23081
65	68	5	8.86039
22	43	5	0.0125274
93	62	5	5.43652
30	38	5	4.90693
73	99	5	8.41761
36	8	5	9.51563
96	40	5	5.62754
3	27	5	9.87879
3	96	5	1.55066
42	20	5	1.82208
100	96	5	2.67502
3	81	5	0.525553
62	33	5	9.71713
96	22	5	5.23385
64	2	5	0.933359
42	72	5	7.36289
27	50	5	2.62631
65	25	5	0.415968
75	85	5	6.92128
