cx	cy	r0	initAmp
88	54	5	2.13373
89	56	5	9.31623
11	94	5	1.1408
45	4	5	7.86878
94	52	5	7.94387
12	38	5	4.82216
89	16	5	4.08175
36	18	5	8.39107
10	58	5	4.46184
44	93	5	8.96021
34	55	5	5.54329
26	61	5	1.3283
3	96	5	7.40104
72	70	5	3.82582
99	9	5	3.59209
65	36	5	0.985386
7	46	5	1.21248
96	76	5	5.08927
93	5	5	8.67782
92	14	5	9.50604
