cx	cy	r0	initAmp
53	47	5	7.24024
46	29	5	4.96449
22	55	5	2.50347
35	74	5	5.63933
6	45	5	6.97492
46	10	5	4.07805
95	77	5	5.97504
14	12	5	4.36735
95	30	5	6.6906
55	75	5	3.58758
12	41	5	3.58424
56	60	5	5.55915
70	99	5	3.88703
25	61	5	0.648829
84	4	5	0.875846
27	55	5	4.06599
87	34	5	7.62582
26	11	5	8.79102
4	80	5	5.47919
7	36	5	9.25086
