cx	cy	r0	initAmp
56	21	5	5.82451
24	86	5	4.39338
59	63	5	8.84591
60	97	5	2.497
65	74	5	9.51995
98	63	5	7.89918
65	94	5	8.03614
76	17	5	9.29904
83	24	5	4.14371
65	40	5	4.28113
48	38	5	3.30315
60	66	5	0.738104
31	37	5	3.0328
32	13	5	8.9807
34	13	5	6.80715
83	62	5	0.0928658
65	27	5	1.74886
97	11	5	7.34415
81	67	5	9.00876
5	90	5	5.94112
