cx	cy	r0	initAmp
21	99	5	8.78063
49	48	5	5.04193
83	17	5	6.57575
42	72	5	6.83818
86	98	5	6.08423
77	40	5	4.74317
59	61	5	4.94829
99	3	5	1.88198
92	5	5	1.91678
77	79	5	7.6335
33	29	5	6.6372
96	87	5	1.26691
54	64	5	7.19586
77	28	5	7.0347
14	93	5	0.441385
50	41	5	6.98743
65	67	5	8.92561
77	71	5	2.99636
36	57	5	7.89558
97	38	5	5.94397
