cx	cy	r0	initAmp
55	38	5	4.1561
80	47	5	4.69112
23	67	5	4.74
29	5	5	6.44581
96	39	5	1.80214
39	13	5	6.81379
36	66	5	9.45507
87	25	5	1.27173
89	78	5	3.29455
39	44	5	4.7878
55	68	5	1.22594
38	52	5	3.00424
46	89	5	9.50088
4	43	5	6.21156
24	91	5	0.809873
47	48	5	2.71659
30	91	5	9.15032
68	28	5	9.53311
43	17	5	6.17273
71	14	5	8.15192
