cx	cy	r0	initAmp
25	62	5	4.0463
67	4	5	7.60981
16	30	5	9.47247
43	81	5	9.96081
60	26	5	1.82676
15	84	5	5.19277
74	87	5	0.313856
83	31	5	1.089
78	57	5	3.77386
100	52	5	2.01878
52	10	5	3.79525
16	66	5	9.76989
69	54	5	8.5467
6	9	5	8.05338
68	97	5	0.387589
73	26	5	0.287809
98	23	5	6.74324
78	35	5	9.84145
69	98	5	8.30977
35	7	5	8.01855
