cx	cy	r0	initAmp
70	69	5	1.0914
70	38	5	1.81544
88	77	5	8.36901
42	32	5	4.89309
63	38	5	2.40894
1	61	5	2.22441
83	41	5	4.12462
79	57	5	6.6601
71	85	5	2.74906
55	39	5	8.2444
37	35	5	9.33796
51	41	5	3.14434
51	44	5	0.495587
15	70	5	9.27165
91	74	5	9.31365
12	85	5	2.19251
72	21	5	7.41114
87	57	5	3.03307
7	34	5	6.03404
63	52	5	4.11131
