cx	cy	r0	initAmp
62	21	5	2.22232
74	14	5	3.55695
67	30	5	7.25335
21	26	5	6.02534
81	42	5	1.219
70	47	5	3.80638
6	59	5	4.57656
1	22	5	9.75677
72	38	5	3.30321
6	3	5	6.77118
38	5	5	3.88525
23	100	5	8.43387
11	62	5	4.54727
10	89	5	6.51338
16	96	5	4.54674
93	40	5	5.6442
93	69	5	6.89699
43	50	5	4.87887
55	89	5	3.75302
69	13	5	4.91352
