cx	cy	r0	initAmp
90	15	5	9.82986
68	49	5	9.42059
43	47	5	6.94874
96	46	5	7.2956
11	28	5	9.12303
30	46	5	7.33848
57	10	5	2.15116
27	71	5	9.20661
68	41	5	8.08765
17	61	5	1.87456
32	25	5	2.47997
92	60	5	8.59839
27	43	5	0.791272
96	53	5	2.68705
94	91	5	3.69828
61	45	5	5.66528
93	9	5	5.80132
26	67	5	7.7603
34	43	5	9.64831
89	47	5	1.10833
