cx	cy	r0	initAmp
44	97	5	1.24847
76	88	5	3.9651
63	73	5	5.46363
70	48	5	0.879064
21	72	5	9.40048
9	49	5	0.867275
34	98	5	8.72169
26	55	5	1.89563
72	15	5	8.40554
28	27	5	8.70357
24	30	5	7.12754
76	23	5	2.67968
88	17	5	6.32626
33	35	5	1.01697
83	59	5	1.88402
23	91	5	7.36689
7	81	5	8.56546
88	86	5	8.27655
20	73	5	3.86536
37	85	5	0.26794
