cx	cy	r0	initAmp
1	55	5	8.4353
98	67	5	1.72455
63	75	5	8.18223
45	80	5	6.29249
47	94	5	6.92568
26	77	5	2.10516
56	66	5	9.00036
17	39	5	8.4855
27	84	5	4.67337
32	70	5	9.5983
72	3	5	4.66526
2	100	5	5.26873
94	60	5	8.15347
18	76	5	1.19251
73	84	5	4.12828
93	13	5	2.60238
75	62	5	6.93444
98	52	5	9.70614
84	64	5	7.31656
76	34	5	0.526538
