cx	cy	r0	initAmp
40	52	5	7.55291
9	72	5	5.83448
21	57	5	9.20808
20	4	5	8.60949
92	62	5	2.27694
85	98	5	5.42659
84	39	5	1.7858
94	90	5	8.24924
24	69	5	8.15311
26	28	5	0.918254
69	47	5	7.68497
77	89	5	5.85675
15	57	5	9.30781
37	54	5	4.63534
81	69	5	3.81977
64	90	5	1.69928
42	42	5	5.96156
8	87	5	8.98112
67	55	5	6.82625
24	74	5	3.56434
