cx	cy	r0	initAmp
34	67	5	4.57283
30	12	5	4.20108
16	72	5	9.17505
96	66	5	5.01973
75	65	5	2.4863
71	92	5	1.2467
79	23	5	5.07482
85	68	5	1.86121
33	77	5	2.59903
5	31	5	4.87065
8	22	5	2.14485
20	43	5	5.18211
79	86	5	3.44089
48	88	5	3.04149
45	60	5	8.19825
76	71	5	0.0593339
94	6	5	4.24987
4	63	5	7.10056
32	43	5	6.73001
17	97	5	1.20531
