cx	cy	r0	initAmp
28	50	5	5.95015
69	33	5	8.17388
83	40	5	2.7782
26	43	5	2.5784
9	86	5	7.65861
38	61	5	6.28881
2	33	5	1.55276
36	38	5	7.37642
92	73	5	6.60517
95	52	5	4.64212
9	55	5	8.42065
66	88	5	6.86945
90	40	5	5.6075
68	78	5	3.93939
87	63	5	6.08438
32	54	5	5.4344
39	86	5	5.36207
30	13	5	3.19471
59	35	5	6.06461
75	61	5	3.44127
