cx	cy	r0	initAmp
13	84	5	5.85237
59	84	5	3.35014
73	93	5	4.23067
70	1	5	5.34942
16	33	5	1.76762
49	89	5	7.21471
91	68	5	1.56923
80	37	5	8.37323
31	52	5	3.65616
87	57	5	8.78442
50	41	5	1.00886
62	22	5	7.51163
37	5	5	0.0928148
90	41	5	1.93129
54	81	5	7.10673
60	21	5	5.26015
9	91	5	8.33058
78	38	5	1.68774
10	11	5	8.15317
31	81	5	3.0629
