cx	cy	r0	initAmp
69	3	5	0.661288
2	58	5	1.27646
28	95	5	6.32735
25	37	5	4.30557
97	86	5	7.63067
93	44	5	3.89679
53	3	5	0.981972
27	64	5	0.120129
61	79	5	8.21373
95	79	5	6.80621
4	31	5	4.62096
100	53	5	4.41907
52	58	5	5.33337
57	20	5	7.01757
34	81	5	1.63702
74	75	5	6.83885
39	78	5	6.65534
42	92	5	7.08289
50	8	5	2.39868
5	93	5	3.15606
