cx	cy	r0	initAmp
2	54	5	1.94583
76	47	5	6.73395
28	45	5	0.905114
71	39	5	6.08672
85	15	5	7.44048
74	51	5	4.1892
80	68	5	8.21294
3	4	5	6.8537
78	20	5	5.40343
97	29	5	3.66674
91	14	5	9.48461
30	5	5	0.304786
53	61	5	3.28818
48	95	5	4.02311
58	37	5	7.37035
78	52	5	8.25108
69	10	5	9.37362
64	65	5	5.57459
10	66	5	7.47087
13	75	5	1.27536
