cx	cy	r0	initAmp
59	69	5	4.64398
24	81	5	9.2226
32	88	5	5.31087
46	93	5	2.49441
1	100	5	2.54649
57	79	5	6.9264
64	72	5	0.510132
23	79	5	7.95499
50	62	5	4.89295
60	75	5	0.117338
97	27	5	1.66413
79	20	5	2.64498
54	10	5	7.2207
30	67	5	7.07543
54	76	5	3.60639
41	40	5	3.68261
95	8	5	0.702831
55	49	5	7.53276
56	62	5	0.496717
5	81	5	5.45679
