cx	cy	r0	initAmp
79	5	5	7.09135
76	15	5	3.63228
54	71	5	7.68734
6	25	5	4.01319
52	36	5	5.41433
34	87	5	1.86387
97	28	5	0.45901
100	68	5	1.0116
51	70	5	9.07721
72	94	5	5.2336
48	69	5	5.00173
18	50	5	5.03321
31	85	5	6.3755
94	43	5	3.40614
13	8	5	1.99759
85	17	5	9.31722
63	69	5	3.19711
98	57	5	7.14325
31	9	5	1.51387
27	26	5	0.412387
