cx	cy	r0	initAmp
75	41	5	1.32255
93	42	5	8.77968
56	66	5	0.80663
41	19	5	5.88045
92	34	5	1.52847
85	23	5	3.81904
9	76	5	7.5117
11	95	5	7.97046
100	49	5	1.88028
39	70	5	8.89003
64	68	5	5.24771
34	40	5	5.91094
32	68	5	3.08225
31	93	5	7.2186
71	15	5	4.65757
81	98	5	1.12394
10	96	5	9.78671
39	69	5	9.64398
45	95	5	7.22185
27	16	5	7.08849
