cx	cy	r0	initAmp
42	50	5	7.812
69	36	5	1.68834
9	21	5	9.91334
56	12	5	5.69761
72	34	5	7.9511
86	66	5	7.65817
79	47	5	6.32509
89	15	5	2.13353
94	36	5	3.6489
39	86	5	0.348235
78	95	5	3.50633
55	90	5	1.22609
22	81	5	9.8847
86	98	5	1.16084
29	39	5	3.66542
85	21	5	0.367031
96	48	5	2.63714
13	10	5	5.62744
23	34	5	8.4237
63	83	5	8.28296
