cx	cy	r0	initAmp
94	52	5	2.30741
99	9	5	1.28141
12	96	5	4.41991
4	38	5	2.96038
17	30	5	6.5373
98	86	5	8.81362
13	17	5	4.63254
19	69	5	7.2521
56	19	5	1.88884
17	14	5	6.65477
56	72	5	6.57043
71	30	5	8.71343
1	1	5	9.29051
3	41	5	8.87372
97	93	5	9.13722
44	54	5	6.14659
61	88	5	1.44122
73	22	5	9.9372
56	48	5	6.76968
64	44	5	2.04486
