cx	cy	r0	initAmp
71	10	5	3.0313
44	81	5	3.23552
59	13	5	6.01194
20	6	5	4.60428
68	61	5	6.58893
67	20	5	8.57661
50	66	5	9.98479
57	44	5	9.15943
74	99	5	1.29095
3	33	5	5.5749
89	66	5	0.897556
35	48	5	4.72136
88	82	5	0.637921
37	68	5	4.64313
55	8	5	5.07681
59	29	5	5.4939
11	68	5	4.28066
6	78	5	8.19769
80	60	5	5.29452
71	40	5	7.2127
