cx	cy	r0	initAmp
29	100	5	0.421112
5	67	5	1.63881
4	28	5	9.92789
27	73	5	1.45706
79	25	5	5.43924
97	25	5	6.46376
28	20	5	4.60829
42	34	5	8.33184
65	35	5	8.1963
65	60	5	6.75738
71	55	5	6.19719
47	59	5	2.66114
86	59	5	8.05994
47	94	5	4.52996
86	71	5	4.53715
17	50	5	3.25874
99	49	5	2.65827
91	41	5	6.91492
82	93	5	2.03107
27	45	5	3.39257
