cx	cy	r0	initAmp
31	35	5	2.54896
60	68	5	2.27176
25	93	5	8.52656
55	79	5	0.303964
33	97	5	2.82656
64	83	5	6.64187
88	86	5	8.47611
19	42	5	0.463092
87	2	5	7.89164
29	10	5	2.90402
41	55	5	7.50759
28	46	5	3.71998
80	23	5	1.88862
21	66	5	3.86123
74	23	5	5.75798
45	71	5	4.92387
5	75	5	3.35517
57	63	5	5.74976
31	33	5	2.39491
21	80	5	1.0606
