cx	cy	r0	initAmp
97	5	5	4.6892
83	92	5	0.190471
58	97	5	1.72145
89	15	5	0.448688
44	19	5	4.8569
96	22	5	7.28753
99	53	5	1.69684
40	67	5	6.19239
61	74	5	6.55392
54	9	5	2.17362
53	47	5	0.360273
95	17	5	0.251935
17	22	5	7.27476
83	33	5	9.96602
88	92	5	2.27618
84	54	5	3.74888
54	7	5	6.74022
89	98	5	9.28975
16	51	5	5.52562
44	20	5	9.96671
