cx	cy	r0	initAmp
62	62	5	4.00683
62	51	5	3.86941
38	89	5	4.80142
60	61	5	0.521638
39	44	5	4.72089
95	91	5	6.08248
95	68	5	0.207317
16	65	5	0.39826
87	74	5	0.251855
46	89	5	9.18665
70	94	5	0.734736
25	21	5	4.95097
32	58	5	5.18908
88	9	5	1.08183
27	82	5	8.67113
94	60	5	9.2297
6	85	5	7.91971
88	17	5	4.06113
35	39	5	2.38869
29	27	5	9.54017
