cx	cy	r0	initAmp
3	57	5	9.50663
51	35	5	9.17101
4	10	5	1.45155
70	47	5	8.2518
88	19	5	0.00450927
34	40	5	7.32629
61	87	5	0.285976
50	88	5	3.4401
25	36	5	3.35872
61	37	5	4.82807
91	13	5	7.13379
67	22	5	6.01956
83	97	5	3.94022
46	41	5	4.24275
46	45	5	8.23856
58	14	5	9.29342
39	51	5	7.22048
93	50	5	9.00255
58	35	5	6.57593
60	60	5	9.9776
