cx	cy	r0	initAmp
49	63	5	4.86853
26	34	5	5.80841
25	98	5	4.53213
10	55	5	9.62838
46	85	5	1.01321
92	72	5	4.2275
56	88	5	4.83803
22	84	5	9.9649
66	20	5	4.98599
64	26	5	8.03613
14	51	5	6.92622
1	5	5	2.04382
32	6	5	5.03148
62	21	5	8.31899
27	13	5	4.68323
54	26	5	9.8982
82	63	5	6.7956
34	60	5	4.37111
81	8	5	3.36769
30	64	5	5.46683
