cx	cy	r0	initAmp
47	20	5	8.71418
5	64	5	3.5643
89	84	5	2.38281
18	99	5	9.24307
77	71	5	9.21965
1	19	5	3.25187
6	3	5	0.865233
30	50	5	2.81344
75	46	5	9.18853
45	23	5	5.7698
30	74	5	5.21533
82	62	5	7.82193
43	89	5	2.01188
49	79	5	7.68329
68	23	5	7.5637
19	94	5	4.10755
46	51	5	7.9404
82	87	5	6.68766
1	94	5	6.11656
18	67	5	5.81993
