cx	cy	r0	initAmp
37	84	5	6.10906
74	2	5	5.21784
2	29	5	8.11188
66	23	5	8.71372
12	51	5	5.46144
95	31	5	6.12711
79	29	5	9.96925
39	50	5	1.57319
12	2	5	1.51638
65	78	5	5.93774
70	14	5	0.20863
52	62	5	9.20661
99	84	5	1.06423
75	15	5	5.67849
76	32	5	8.11556
30	23	5	8.93835
68	6	5	2.61098
62	35	5	6.04056
41	5	5	6.36873
76	11	5	9.12049
