cx	cy	r0	initAmp
4	90	5	9.32637
85	17	5	7.78093
79	70	5	9.85411
21	18	5	0.954506
49	83	5	2.69177
94	46	5	4.81216
5	29	5	4.54065
30	48	5	1.61409
16	44	5	9.27109
100	69	5	8.10384
82	71	5	6.10336
46	51	5	3.99744
70	35	5	6.94513
63	5	5	8.55745
64	10	5	3.92522
90	72	5	5.67067
71	89	5	4.24321
20	32	5	9.87866
63	56	5	0.218409
64	59	5	9.11746
