cx	cy	r0	initAmp
100	25	5	7.81494
9	39	5	9.38294
17	29	5	1.60936
61	8	5	8.64604
69	7	5	9.08278
82	13	5	2.66666
27	10	5	0.258036
32	15	5	1.62696
91	96	5	9.06393
91	80	5	4.15935
30	17	5	1.85052
22	66	5	0.295316
88	99	5	2.83413
77	59	5	6.25767
68	8	5	5.01982
37	60	5	6.22006
85	75	5	7.34633
44	23	5	1.65874
65	88	5	9.52925
88	65	5	1.55692
