cx	cy	r0	initAmp
33	34	5	8.88245
95	30	5	4.85849
92	48	5	8.54222
29	11	5	0.350441
79	82	5	8.6983
66	69	5	7.7578
53	3	5	9.01595
34	85	5	5.21704
73	22	5	9.7729
53	93	5	8.92472
60	58	5	9.40542
14	21	5	5.78943
50	98	5	0.346217
19	75	5	1.53699
3	46	5	0.905277
97	36	5	1.81734
64	34	5	5.54869
64	65	5	5.4134
80	87	5	2.31911
63	66	5	5.36368
