cx	cy	r0	initAmp
35	92	5	7.64179
97	78	5	8.94761
41	22	5	1.85856
84	97	5	7.79221
61	3	5	2.46248
92	43	5	6.4416
9	66	5	0.212467
61	41	5	9.84883
90	27	5	6.76433
72	21	5	7.22497
80	79	5	9.09546
30	16	5	3.89475
88	53	5	8.32495
5	15	5	3.50595
8	58	5	2.8494
88	70	5	7.25414
45	45	5	0.142548
24	37	5	0.912223
50	61	5	1.82893
93	30	5	3.13161
