cx	cy	r0	initAmp
6	34	5	5.67407
70	43	5	4.26264
47	40	5	8.39346
94	90	5	7.26307
7	79	5	8.20768
89	81	5	2.0823
39	23	5	1.99323
96	43	5	7.86518
78	67	5	5.76373
85	76	5	3.85398
16	91	5	6.48669
47	65	5	7.34156
62	29	5	9.86246
48	63	5	8.92522
2	37	5	7.35331
100	81	5	3.87743
43	90	5	0.996759
95	38	5	9.51178
48	18	5	8.32861
73	34	5	3.44795
