cx	cy	r0	initAmp
33	47	5	0.684833
84	8	5	6.2972
62	37	5	3.18936
54	71	5	8.46365
75	28	5	0.463651
37	42	5	8.92178
81	3	5	7.28105
100	97	5	1.65873
4	2	5	6.19468
92	92	5	2.95384
54	23	5	6.68812
10	38	5	9.02108
44	83	5	3.27745
23	35	5	1.10908
60	2	5	8.96486
81	55	5	5.66331
89	87	5	6.68836
91	46	5	7.77514
32	50	5	1.10705
84	5	5	0.420019
