cx	cy	r0	initAmp
70	2	5	1.23776
86	20	5	7.02982
21	95	5	5.13321
97	95	5	8.68285
27	67	5	4.89892
97	6	5	3.19664
23	94	5	1.00883
35	51	5	4.15877
39	42	5	7.08787
77	42	5	8.64108
58	38	5	2.61623
7	38	5	2.24237
50	65	5	7.66602
25	3	5	1.4352
44	65	5	5.05221
46	70	5	2.74695
81	40	5	7.52159
34	40	5	6.0167
47	51	5	4.71796
91	27	5	8.67215
