cx	cy	r0	initAmp
85	91	5	6.14908
40	30	5	0.962831
23	37	5	0.671922
73	20	5	0.0498317
81	77	5	4.06783
81	74	5	6.8228
72	94	5	5.85732
50	5	5	8.59781
73	10	5	5.28206
89	43	5	0.951778
97	89	5	0.511223
63	75	5	3.98894
57	18	5	0.682609
95	99	5	7.05285
56	62	5	3.02792
36	74	5	3.80459
89	46	5	9.29114
44	92	5	2.7245
58	37	5	6.20109
62	13	5	8.64188
