cx	cy	r0	initAmp
77	13	5	7.75226
72	87	5	5.20535
44	26	5	4.3317
56	18	5	5.72138
46	23	5	2.81614
9	96	5	2.65562
46	15	5	0.674605
1	52	5	9.23699
19	91	5	6.14353
13	60	5	6.26394
50	16	5	4.48787
59	10	5	0.632567
12	75	5	9.45157
95	6	5	1.10231
83	4	5	7.2651
77	23	5	6.77443
76	53	5	0.809586
25	3	5	8.65237
55	72	5	0.946399
46	65	5	5.46176
