cx	cy	r0	initAmp
76	17	5	4.93761
20	99	5	1.04024
34	18	5	3.90474
16	28	5	3.2383
36	32	5	4.37054
36	74	5	6.50748
19	2	5	6.43038
50	15	5	1.24295
28	43	5	3.24214
18	55	5	2.95039
70	50	5	7.67814
15	65	5	9.44439
24	57	5	0.754101
15	11	5	3.47224
20	74	5	5.71538
34	20	5	2.95703
28	19	5	3.72028
72	23	5	2.79854
96	94	5	8.69529
45	9	5	0.245974
