cx	cy	r0	initAmp
3	50	5	6.22291
90	32	5	0.99108
1	98	5	5.31362
18	73	5	6.47364
83	57	5	1.10267
49	54	5	7.63821
74	80	5	4.54842
12	47	5	6.10889
56	82	5	7.10583
44	19	5	4.43441
80	64	5	5.4068
40	3	5	7.0119
3	50	5	1.93472
59	96	5	3.30567
61	2	5	1.63881
14	90	5	6.25118
65	100	5	8.73424
44	24	5	9.14179
66	1	5	3.18035
5	59	5	6.14343
