cx	cy	r0	initAmp
18	84	5	9.78802
47	63	5	4.93781
43	79	5	9.60277
14	5	5	3.15105
67	55	5	9.31099
87	59	5	1.36441
43	57	5	1.30128
72	27	5	2.73056
40	82	5	4.86484
7	65	5	4.95426
31	2	5	0.364241
63	60	5	3.37319
48	90	5	8.58006
5	83	5	0.704818
14	98	5	0.267938
30	92	5	7.13369
15	64	5	8.34655
17	47	5	7.35027
14	55	5	3.85864
31	65	5	6.48827
