cx	cy	r0	initAmp
70	39	5	3.42299
77	43	5	8.68463
47	39	5	5.9022
45	4	5	4.93189
67	83	5	5.56088
84	53	5	2.4179
70	97	5	2.74744
52	92	5	1.76839
70	28	5	0.94194
14	80	5	3.20913
74	11	5	7.59694
22	86	5	2.90402
6	62	5	7.47086
29	2	5	8.78049
49	81	5	0.104923
60	17	5	7.39136
30	79	5	1.17221
41	40	5	7.01359
63	62	5	9.49301
85	14	5	8.11384
