cx	cy	r0	initAmp
7	42	5	3.40226
55	26	5	1.58123
19	33	5	3.06227
89	74	5	0.47281
16	6	5	0.871776
92	53	5	4.16032
34	80	5	2.94708
22	64	5	2.10499
77	99	5	3.30674
56	42	5	2.04008
1	64	5	4.51289
2	4	5	7.68203
10	71	5	1.53538
18	65	5	7.665
63	89	5	8.68716
54	36	5	4.59084
13	98	5	9.66244
96	99	5	6.00472
70	75	5	3.68661
85	73	5	4.10439
