cx	cy	r0	initAmp
64	86	5	5.25628
93	76	5	9.92011
9	69	5	1.87514
58	20	5	8.64819
82	18	5	2.26884
88	47	5	1.78589
4	83	5	1.92947
75	61	5	1.52132
24	60	5	4.38541
36	91	5	8.04749
82	98	5	5.97953
74	97	5	4.54501
71	81	5	2.98446
73	96	5	8.06589
88	28	5	2.31655
66	41	5	8.17279
26	10	5	6.15774
59	99	5	6.89008
48	64	5	3.4123
16	77	5	8.80376
