cx	cy	r0	initAmp
14	56	5	1.47704
78	25	5	2.19817
51	46	5	7.48346
33	42	5	0.386209
58	11	5	7.63521
61	4	5	3.40708
97	37	5	8.61995
73	31	5	9.98727
99	75	5	9.55832
8	24	5	0.927124
46	3	5	8.10449
44	4	5	4.42178
67	85	5	8.17572
70	21	5	4.9799
3	65	5	9.02567
84	39	5	3.10346
35	63	5	1.33423
32	83	5	0.0330856
43	25	5	2.19213
83	48	5	5.99241
