cx	cy	r0	initAmp
89	70	5	8.11318
99	51	5	6.53523
97	78	5	8.07672
38	37	5	1.30235
79	10	5	2.56952
56	46	5	5.04915
30	37	5	8.79615
18	5	5	0.563937
77	9	5	1.31252
67	66	5	0.51302
9	31	5	3.98948
74	5	5	9.96245
14	19	5	4.15742
99	62	5	7.24557
9	47	5	3.84408
100	7	5	0.690529
34	41	5	9.90683
93	64	5	4.29372
46	34	5	8.06519
53	14	5	1.23694
