cx	cy	r0	initAmp
94	52	5	0.93369
100	65	5	1.01006
64	32	5	8.23979
85	67	5	1.25552
2	98	5	4.83474
31	49	5	5.26733
56	18	5	1.91236
46	9	5	9.12257
81	43	5	7.0594
24	91	5	0.478839
32	29	5	2.33375
54	92	5	2.59706
5	5	5	3.9076
12	46	5	8.86022
66	5	5	2.37405
1	42	5	1.82867
100	2	5	9.17291
98	33	5	7.61724
54	90	5	0.182243
93	54	5	5.01725
