cx	cy	r0	initAmp
14	10	5	7.078
51	27	5	9.93548
99	41	5	9.28184
21	17	5	1.95217
60	56	5	2.48313
54	55	5	4.53087
39	1	5	1.17079
12	49	5	9.10817
26	24	5	0.252027
90	45	5	1.16897
50	16	5	8.85477
35	80	5	9.33892
63	27	5	8.24409
75	12	5	7.14763
80	87	5	9.65491
37	23	5	2.92292
6	55	5	9.13658
43	91	5	4.70252
50	3	5	2.13124
69	45	5	5.5805
