cx	cy	r0	initAmp
46	41	5	5.37068
77	31	5	5.76008
1	32	5	1.0297
2	53	5	7.34121
15	46	5	7.40013
69	60	5	8.35932
89	66	5	8.95603
87	4	5	8.19671
37	59	5	0.935852
1	63	5	8.35398
20	10	5	0.827975
25	99	5	1.89572
13	67	5	4.66623
70	78	5	2.59898
45	32	5	1.68781
78	28	5	5.91348
36	31	5	1.86751
47	88	5	6.18825
28	40	5	6.74477
1	17	5	2.00653
