cx	cy	r0	initAmp
56	40	5	9.61562
6	20	5	7.52252
88	7	5	9.08053
40	29	5	7.39165
30	91	5	3.32342
87	76	5	5.35703
41	57	5	2.4722
42	5	5	6.76099
80	20	5	5.3154
51	97	5	0.416611
10	6	5	8.7231
56	24	5	8.01363
60	8	5	2.02034
69	2	5	8.50411
77	95	5	3.1539
18	34	5	2.26505
1	49	5	9.47911
56	22	5	1.93175
23	43	5	0.767671
86	93	5	9.19606
