cx	cy	r0	initAmp
48	28	5	7.20717
62	15	5	9.82963
28	93	5	6.85426
43	96	5	2.16885
13	95	5	9.00206
17	24	5	4.30414
25	69	5	5.28507
71	48	5	5.65706
42	95	5	5.20368
95	98	5	2.47485
1	14	5	6.45986
69	49	5	4.5433
25	63	5	0.516592
28	1	5	9.78966
47	24	5	6.18177
51	45	5	7.96868
87	65	5	4.77771
82	12	5	0.672442
45	36	5	1.66449
70	43	5	8.0618
