cx	cy	r0	initAmp
40	52	5	3.64871
18	82	5	9.09915
59	66	5	0.974745
53	64	5	3.14187
34	32	5	8.03083
38	33	5	1.64062
68	11	5	3.4606
39	93	5	0.472301
39	34	5	4.64525
8	31	5	4.46622
10	21	5	7.49263
89	27	5	4.11963
85	81	5	0.587361
17	20	5	7.25606
10	43	5	8.72412
64	79	5	4.86774
1	11	5	1.40855
81	19	5	8.16172
69	88	5	4.26774
98	31	5	7.20712
