cx	cy	r0	initAmp
17	5	5	1.64302
70	96	5	5.44137
88	55	5	4.05384
75	36	5	9.87546
89	28	5	1.48709
17	62	5	3.09764
9	4	5	5.02571
82	89	5	0.0293893
1	12	5	6.74281
94	85	5	1.07979
40	52	5	6.58119
97	34	5	2.6325
10	3	5	1.12029
77	34	5	9.27731
40	55	5	0.330554
67	90	5	7.47187
75	30	5	3.67763
88	30	5	9.82138
36	46	5	4.91084
59	83	5	2.49282
