cx	cy	r0	initAmp
44	18	5	6.30027
82	40	5	4.38148
49	41	5	5.30979
17	42	5	7.02923
90	88	5	8.47618
25	91	5	3.51501
95	36	5	9.3063
77	63	5	8.81538
92	84	5	8.16894
20	57	5	7.53468
18	52	5	9.42548
83	38	5	5.45523
74	80	5	6.28849
6	2	5	7.84246
58	28	5	1.6387
91	21	5	5.66861
22	95	5	7.79334
47	44	5	6.52622
34	39	5	5.73404
67	84	5	9.01383
