cx	cy	r0	initAmp
27	7	5	7.12774
19	76	5	5.897
33	47	5	2.12197
75	100	5	7.64565
85	8	5	7.51589
15	86	5	7.01584
100	5	5	5.30841
88	27	5	4.58014
21	41	5	6.79491
90	32	5	6.08655
59	98	5	0.888899
32	20	5	2.42261
7	47	5	4.5056
36	64	5	9.41165
1	72	5	2.99015
9	90	5	5.49669
46	91	5	4.78126
78	3	5	4.3258
78	47	5	5.89629
57	43	5	8.02902
