cx	cy	r0	initAmp
67	26	5	4.4205
85	95	5	4.21392
85	83	5	2.17733
92	44	5	0.818196
18	45	5	2.40745
55	75	5	5.39637
78	46	5	4.38403
25	52	5	0.761083
70	36	5	5.05942
71	15	5	7.62686
3	31	5	9.11262
48	75	5	2.65764
89	93	5	2.54673
75	92	5	0.273482
53	89	5	3.00696
8	77	5	5.50533
48	51	5	8.69686
38	80	5	3.69784
83	41	5	7.55282
65	9	5	2.31116
