cx	cy	r0	initAmp
66	39	5	8.08652
27	76	5	2.99386
93	86	5	1.16211
85	86	5	9.39338
47	21	5	6.91258
14	38	5	7.84401
64	44	5	5.98957
67	36	5	2.98396
74	86	5	1.9647
30	2	5	3.93435
84	77	5	8.27063
82	19	5	6.72934
16	43	5	5.49131
26	87	5	6.5787
76	11	5	7.95087
38	73	5	1.49967
73	64	5	9.64765
44	61	5	5.84721
62	64	5	6.80603
98	38	5	8.04987
