cx	cy	r0	initAmp
61	2	5	7.00391
67	72	5	0.316154
30	13	5	9.13402
85	24	5	4.21291
33	57	5	4.7341
2	61	5	1.7375
21	30	5	6.23941
14	21	5	6.88511
15	88	5	7.51231
79	81	5	5.01973
42	92	5	3.13397
57	23	5	3.4966
17	82	5	5.72395
64	95	5	5.89149
76	12	5	8.88953
61	81	5	6.99902
49	29	5	1.48041
9	43	5	9.047
91	79	5	1.78275
24	71	5	5.73754
