cx	cy	r0	initAmp
25	88	5	6.24983
16	43	5	9.45869
65	73	5	3.81916
73	59	5	1.74518
23	63	5	4.17294
23	32	5	2.82048
10	27	5	5.99169
11	98	5	1.77909
49	38	5	3.17267
75	2	5	0.725439
51	66	5	8.1155
22	95	5	4.34291
12	96	5	3.96484
90	41	5	2.28958
22	53	5	5.66078
78	73	5	0.0221403
100	75	5	5.79572
98	14	5	1.88395
88	20	5	9.28581
14	5	5	6.08371
