cx	cy	r0	initAmp
10	42	5	0.245083
6	33	5	8.24473
26	32	5	0.771876
66	33	5	3.58095
27	59	5	1.87125
39	88	5	9.35277
61	67	5	7.03686
18	43	5	3.41561
94	10	5	9.8425
23	12	5	9.3316
76	99	5	0.261325
6	88	5	1.0924
50	71	5	1.32964
47	90	5	9.56096
11	60	5	6.4133
73	40	5	2.04648
36	51	5	6.05027
64	54	5	1.46087
48	18	5	0.378201
99	63	5	3.00364
