cx	cy	r0	initAmp
37	97	5	1.90937
78	2	5	7.71527
83	66	5	3.88164
37	18	5	7.97406
4	90	5	0.448053
82	37	5	8.60892
46	70	5	4.63092
15	6	5	3.20853
83	89	5	1.53452
43	46	5	0.968887
86	82	5	3.08839
92	72	5	2.06122
90	94	5	8.83296
9	36	5	9.81479
68	19	5	6.40906
38	22	5	5.614
42	29	5	5.17052
27	78	5	6.03848
64	80	5	9.73979
27	61	5	0.198746
