cx	cy	r0	initAmp
12	63	5	3.67942
63	27	5	1.88655
55	73	5	8.08485
82	35	5	3.00269
91	42	5	3.76792
77	100	5	4.64033
46	85	5	2.3461
82	79	5	0.774916
71	57	5	4.25406
40	5	5	3.17442
19	50	5	1.14342
43	53	5	5.797
50	85	5	7.27994
75	87	5	9.85842
34	80	5	8.98745
90	21	5	8.11091
84	67	5	6.57976
38	98	5	5.50464
95	94	5	5.78457
8	69	5	7.71106
