cx	cy	r0	initAmp
13	86	5	6.97939
50	69	5	4.01213
4	9	5	8.86965
97	51	5	6.00891
87	99	5	7.31952
25	90	5	1.93874
56	3	5	0.280678
7	51	5	9.6905
26	53	5	7.03163
44	3	5	8.95138
51	80	5	7.91946
66	61	5	9.6054
76	98	5	1.79131
94	82	5	8.10845
23	99	5	9.28536
95	96	5	2.02821
94	46	5	4.57017
5	11	5	5.72357
47	58	5	7.83749
89	10	5	7.20747
