cx	cy	r0	initAmp
44	80	5	2.80147
56	26	5	7.40264
51	93	5	5.72838
67	3	5	0.347392
94	37	5	5.12712
26	34	5	0.14818
84	38	5	6.98876
86	55	5	2.06738
93	39	5	9.21539
79	81	5	2.46246
61	23	5	8.40463
31	87	5	1.26
10	29	5	8.43194
29	27	5	8.2176
38	37	5	0.387871
13	8	5	8.36482
56	64	5	8.46755
81	96	5	3.09133
39	40	5	5.76889
46	14	5	2.51492
