cx	cy	r0	initAmp
97	65	5	3.53909
67	10	5	0.352659
78	71	5	9.35936
43	86	5	1.26208
46	30	5	5.52546
83	20	5	7.63797
8	76	5	8.94676
30	16	5	8.35635
82	4	5	4.83835
40	72	5	7.37047
49	77	5	8.32346
85	23	5	3.58871
16	49	5	4.54182
30	85	5	1.54073
55	58	5	0.927759
39	18	5	5.47932
4	85	5	8.74665
3	33	5	2.9736
24	22	5	1.66684
94	23	5	1.92636
